[23Nov2025 22:01:47.651] [main/INFO] [cpw.mods.modlauncher.Launcher/MODLAUNCHER]: ModLauncher running: args [--launchTarget, forgeserver, --fml.forgeVersion, 47.3.7, --fml.mcVersion, 1.20.1, --fml.forgeGroup, net.minecraftforge, --fml.mcpVersion, 20230612.114412, nogui]
[23Nov2025 22:01:47.657] [main/INFO] [cpw.mods.modlauncher.Launcher/MODLAUNCHER]: ModLauncher 10.0.9+10.0.9+main.dcd20f30 starting: java version 17.0.16 by Ubuntu; OS Linux arch amd64 version 6.8.0-1030-azure
[23Nov2025 22:01:47.684] [main/DEBUG] [cpw.mods.modlauncher.LaunchServiceHandler/MODLAUNCHER]: Found launch services [fmlclientdev,forgeclient,minecraft,forgegametestserverdev,fmlserveruserdev,fmlclient,fmldatauserdev,forgeserverdev,forgeserveruserdev,forgeclientdev,forgeclientuserdev,forgeserver,forgedatadev,fmlserver,fmlclientuserdev,fmlserverdev,forgedatauserdev,testharness,forgegametestserveruserdev]
[23Nov2025 22:01:47.696] [main/DEBUG] [cpw.mods.modlauncher.NameMappingServiceHandler/MODLAUNCHER]: Found naming services : [srgtomcp]
[23Nov2025 22:01:47.738] [main/DEBUG] [cpw.mods.modlauncher.LaunchPluginHandler/MODLAUNCHER]: Found launch plugins: [mixin,eventbus,slf4jfixer,object_holder_definalize,runtime_enum_extender,capability_token_subclass,accesstransformer,runtimedistcleaner]
[23Nov2025 22:01:47.749] [main/DEBUG] [cpw.mods.modlauncher.TransformationServicesHandler/MODLAUNCHER]: Discovering transformation services
[23Nov2025 22:01:47.754] [main/DEBUG] [net.minecraftforge.fml.loading.FMLPaths/CORE]: Path GAMEDIR is /workspaces/expert-doodle/servidor_minecraft
[23Nov2025 22:01:47.754] [main/DEBUG] [net.minecraftforge.fml.loading.FMLPaths/CORE]: Path MODSDIR is /workspaces/expert-doodle/servidor_minecraft/mods
[23Nov2025 22:01:47.754] [main/DEBUG] [net.minecraftforge.fml.loading.FMLPaths/CORE]: Path CONFIGDIR is /workspaces/expert-doodle/servidor_minecraft/config
[23Nov2025 22:01:47.754] [main/DEBUG] [net.minecraftforge.fml.loading.FMLPaths/CORE]: Path FMLCONFIG is /workspaces/expert-doodle/servidor_minecraft/config/fml.toml
[23Nov2025 22:01:49.816] [main/DEBUG] [cpw.mods.modlauncher.TransformationServicesHandler/MODLAUNCHER]: Found additional transformation services from discovery services: 
[23Nov2025 22:01:49.822] [main/INFO] [net.minecraftforge.fml.loading.ImmediateWindowHandler/]: ImmediateWindowProvider not loading because launch target is forgeserver
[23Nov2025 22:01:49.828] [main/DEBUG] [cpw.mods.modlauncher.TransformationServicesHandler/MODLAUNCHER]: Found transformer services : [mixin,fml]
[23Nov2025 22:01:49.829] [main/DEBUG] [cpw.mods.modlauncher.TransformationServicesHandler/MODLAUNCHER]: Transformation services loading
[23Nov2025 22:01:49.829] [main/DEBUG] [cpw.mods.modlauncher.TransformationServiceDecorator/MODLAUNCHER]: Loading service mixin
[23Nov2025 22:01:49.830] [main/DEBUG] [cpw.mods.modlauncher.TransformationServiceDecorator/MODLAUNCHER]: Loaded service mixin
[23Nov2025 22:01:49.830] [main/DEBUG] [cpw.mods.modlauncher.TransformationServiceDecorator/MODLAUNCHER]: Loading service fml
[23Nov2025 22:01:49.831] [main/DEBUG] [net.minecraftforge.fml.loading.LauncherVersion/CORE]: Found FMLLauncher version 1.0
[23Nov2025 22:01:49.831] [main/DEBUG] [net.minecraftforge.fml.loading.FMLLoader/CORE]: FML 1.0 loading
[23Nov2025 22:01:49.831] [main/DEBUG] [net.minecraftforge.fml.loading.FMLLoader/CORE]: FML found ModLauncher version : 10.0.9+10.0.9+main.dcd20f30
[23Nov2025 22:01:49.831] [main/DEBUG] [net.minecraftforge.fml.loading.FMLLoader/CORE]: FML found AccessTransformer version : 8.0.4+66+master.c09db6d7
[23Nov2025 22:01:49.832] [main/DEBUG] [net.minecraftforge.fml.loading.FMLLoader/CORE]: FML found EventBus version : 6.0.5+6.0.5+master.eb8e549b
[23Nov2025 22:01:49.832] [main/DEBUG] [net.minecraftforge.fml.loading.FMLLoader/CORE]: Found Runtime Dist Cleaner
[23Nov2025 22:01:49.833] [main/DEBUG] [net.minecraftforge.fml.loading.FMLLoader/CORE]: FML found CoreMod version : 5.1.6
[23Nov2025 22:01:49.834] [main/DEBUG] [net.minecraftforge.fml.loading.FMLLoader/CORE]: Found ForgeSPI package implementation version 7.0.1+7.0.1+master.d2b38bf6
[23Nov2025 22:01:49.834] [main/DEBUG] [net.minecraftforge.fml.loading.FMLLoader/CORE]: Found ForgeSPI package specification 5
[23Nov2025 22:01:49.834] [main/DEBUG] [cpw.mods.modlauncher.TransformationServiceDecorator/MODLAUNCHER]: Loaded service fml
[23Nov2025 22:01:49.835] [main/DEBUG] [cpw.mods.modlauncher.TransformationServicesHandler/MODLAUNCHER]: Configuring option handling for services
[23Nov2025 22:01:49.841] [main/DEBUG] [cpw.mods.modlauncher.TransformationServicesHandler/MODLAUNCHER]: Transformation services initializing
[23Nov2025 22:01:49.842] [main/DEBUG] [cpw.mods.modlauncher.TransformationServiceDecorator/MODLAUNCHER]: Initializing transformation service mixin
[23Nov2025 22:01:49.856] [main/DEBUG] [mixin/]: MixinService [ModLauncher] was successfully booted in cpw.mods.cl.ModuleClassLoader@7a3d45bd
[23Nov2025 22:01:49.919] [main/INFO] [mixin/]: SpongePowered MIXIN Subsystem Version=0.8.5 Source=union:/workspaces/expert-doodle/servidor_minecraft/libraries/org/spongepowered/mixin/0.8.5/mixin-0.8.5.jar%2365!/ Service=ModLauncher Env=SERVER
[23Nov2025 22:01:49.922] [main/DEBUG] [mixin/]: Initialising Mixin Platform Manager
[23Nov2025 22:01:49.923] [main/DEBUG] [mixin/]: Adding mixin platform agents for container ModLauncher Root Container(ModLauncher:4f56a0a2)
[23Nov2025 22:01:49.923] [main/DEBUG] [mixin/]: Instancing new MixinPlatformAgentMinecraftForge for ModLauncher Root Container(ModLauncher:4f56a0a2)
[23Nov2025 22:01:49.924] [main/DEBUG] [mixin/]: MixinPlatformAgentMinecraftForge rejected container ModLauncher Root Container(ModLauncher:4f56a0a2)
[23Nov2025 22:01:49.924] [main/DEBUG] [mixin/]: Instancing new MixinPlatformAgentDefault for ModLauncher Root Container(ModLauncher:4f56a0a2)
[23Nov2025 22:01:49.924] [main/DEBUG] [mixin/]: MixinPlatformAgentDefault accepted container ModLauncher Root Container(ModLauncher:4f56a0a2)
[23Nov2025 22:01:49.927] [main/DEBUG] [cpw.mods.modlauncher.TransformationServiceDecorator/MODLAUNCHER]: Initialized transformation service mixin
[23Nov2025 22:01:49.927] [main/DEBUG] [cpw.mods.modlauncher.TransformationServiceDecorator/MODLAUNCHER]: Initializing transformation service fml
[23Nov2025 22:01:49.928] [main/DEBUG] [net.minecraftforge.fml.loading.FMLServiceProvider/CORE]: Setting up basic FML game directories
[23Nov2025 22:01:49.928] [main/DEBUG] [net.minecraftforge.fml.loading.FMLPaths/CORE]: Path GAMEDIR is /workspaces/expert-doodle/servidor_minecraft
[23Nov2025 22:01:49.928] [main/DEBUG] [net.minecraftforge.fml.loading.FMLPaths/CORE]: Path MODSDIR is /workspaces/expert-doodle/servidor_minecraft/mods
[23Nov2025 22:01:49.928] [main/DEBUG] [net.minecraftforge.fml.loading.FMLPaths/CORE]: Path CONFIGDIR is /workspaces/expert-doodle/servidor_minecraft/config
[23Nov2025 22:01:49.928] [main/DEBUG] [net.minecraftforge.fml.loading.FMLPaths/CORE]: Path FMLCONFIG is /workspaces/expert-doodle/servidor_minecraft/config/fml.toml
[23Nov2025 22:01:49.929] [main/DEBUG] [net.minecraftforge.fml.loading.FMLServiceProvider/CORE]: Loading configuration
[23Nov2025 22:01:49.931] [main/DEBUG] [net.minecraftforge.fml.loading.FMLServiceProvider/CORE]: Preparing ModFile
[23Nov2025 22:01:49.934] [main/DEBUG] [net.minecraftforge.fml.loading.FMLServiceProvider/CORE]: Preparing launch handler
[23Nov2025 22:01:49.934] [main/DEBUG] [net.minecraftforge.fml.loading.FMLLoader/CORE]: Using forgeserver as launch service
[23Nov2025 22:01:49.948] [main/DEBUG] [net.minecraftforge.fml.loading.FMLLoader/CORE]: Received command line version data  : VersionInfo[forgeVersion=47.3.7, mcVersion=1.20.1, mcpVersion=20230612.114412, forgeGroup=net.minecraftforge]
[23Nov2025 22:01:49.949] [main/DEBUG] [cpw.mods.modlauncher.TransformationServiceDecorator/MODLAUNCHER]: Initialized transformation service fml
[23Nov2025 22:01:49.949] [main/DEBUG] [cpw.mods.modlauncher.NameMappingServiceHandler/MODLAUNCHER]: Current naming domain is 'srg'
[23Nov2025 22:01:49.950] [main/DEBUG] [cpw.mods.modlauncher.NameMappingServiceHandler/MODLAUNCHER]: Identified name mapping providers {}
[23Nov2025 22:01:49.950] [main/DEBUG] [cpw.mods.modlauncher.TransformationServicesHandler/MODLAUNCHER]: Transformation services begin scanning
[23Nov2025 22:01:49.951] [main/DEBUG] [cpw.mods.modlauncher.TransformationServiceDecorator/MODLAUNCHER]: Beginning scan trigger - transformation service mixin
[23Nov2025 22:01:49.951] [main/DEBUG] [cpw.mods.modlauncher.TransformationServiceDecorator/MODLAUNCHER]: End scan trigger - transformation service mixin
[23Nov2025 22:01:49.951] [main/DEBUG] [cpw.mods.modlauncher.TransformationServiceDecorator/MODLAUNCHER]: Beginning scan trigger - transformation service fml
[23Nov2025 22:01:49.951] [main/DEBUG] [net.minecraftforge.fml.loading.FMLServiceProvider/CORE]: Initiating mod scan
[23Nov2025 22:01:49.959] [main/DEBUG] [net.minecraftforge.fml.loading.moddiscovery.ModListHandler/CORE]: Found mod coordinates from lists: []
[23Nov2025 22:01:49.963] [main/DEBUG] [net.minecraftforge.fml.loading.moddiscovery.ModDiscoverer/CORE]: Found Mod Locators : (mods folder:null),(maven libs:null),(exploded directory:null),(minecraft:null),(userdev classpath:null)
[23Nov2025 22:01:49.964] [main/DEBUG] [net.minecraftforge.fml.loading.moddiscovery.ModDiscoverer/CORE]: Found Dependency Locators : (JarInJar:null)
[23Nov2025 22:01:49.970] [main/DEBUG] [net.minecraftforge.fml.loading.moddiscovery.ModFileParser/LOADING]: Considering mod file candidate /workspaces/expert-doodle/servidor_minecraft/mods/architectury-9.2.14-forge.jar
[23Nov2025 22:01:50.019] [main/DEBUG] [net.minecraftforge.fml.loading.moddiscovery.ModFileInfo/LOADING]: Found valid mod file architectury-9.2.14-forge.jar with {architectury} mods - versions {9.2.14}
[23Nov2025 22:01:50.021] [main/DEBUG] [net.minecraftforge.fml.loading.moddiscovery.ModFileParser/LOADING]: Considering mod file candidate /workspaces/expert-doodle/servidor_minecraft/mods/cloth-config-11.1.136-forge.jar
[23Nov2025 22:01:50.022] [main/DEBUG] [net.minecraftforge.fml.loading.moddiscovery.ModFileInfo/LOADING]: Found valid mod file cloth-config-11.1.136-forge.jar with {cloth_config} mods - versions {11.1.136}
[23Nov2025 22:01:50.029] [main/DEBUG] [net.minecraftforge.fml.loading.moddiscovery.ModFileParser/LOADING]: Considering mod file candidate /workspaces/expert-doodle/servidor_minecraft/mods/create-1.20.1-6.0.8.jar
[23Nov2025 22:01:50.031] [main/DEBUG] [net.minecraftforge.fml.loading.moddiscovery.ModFileInfo/LOADING]: Found valid mod file create-1.20.1-6.0.8.jar with {create} mods - versions {6.0.8}
[23Nov2025 22:01:50.033] [main/DEBUG] [net.minecraftforge.fml.loading.moddiscovery.ModFileParser/LOADING]: Considering mod file candidate /workspaces/expert-doodle/servidor_minecraft/mods/FarmersDelight-1.20.1-1.2.9.jar
[23Nov2025 22:01:50.036] [main/DEBUG] [net.minecraftforge.fml.loading.moddiscovery.ModFileInfo/LOADING]: Found valid mod file FarmersDelight-1.20.1-1.2.9.jar with {farmersdelight} mods - versions {1.20.1-1.2.9}
[23Nov2025 22:01:50.036] [main/DEBUG] [net.minecraftforge.fml.loading.moddiscovery.ModFileParser/LOADING]: Considering mod file candidate /workspaces/expert-doodle/servidor_minecraft/mods/Jade-1.20.1-Forge-11.13.2.jar
[23Nov2025 22:01:50.040] [main/DEBUG] [net.minecraftforge.fml.loading.moddiscovery.ModFileInfo/LOADING]: Found valid mod file Jade-1.20.1-Forge-11.13.2.jar with {jade} mods - versions {11.13.2+forge}
[23Nov2025 22:01:50.042] [main/DEBUG] [net.minecraftforge.fml.loading.moddiscovery.ModFileParser/LOADING]: Considering mod file candidate /workspaces/expert-doodle/servidor_minecraft/mods/jei-1.20.1-forge-15.20.0.118.jar
[23Nov2025 22:01:50.043] [main/DEBUG] [net.minecraftforge.fml.loading.moddiscovery.ModFileInfo/LOADING]: Found valid mod file jei-1.20.1-forge-15.20.0.118.jar with {jei} mods - versions {15.20.0.118}
[23Nov2025 22:01:50.044] [main/DEBUG] [net.minecraftforge.fml.loading.moddiscovery.ModFileParser/LOADING]: Considering mod file candidate /workspaces/expert-doodle/servidor_minecraft/mods/letsdo-API-forge-1.2.15-forge.jar
[23Nov2025 22:01:50.045] [main/DEBUG] [net.minecraftforge.fml.loading.moddiscovery.ModFileInfo/LOADING]: Found valid mod file letsdo-API-forge-1.2.15-forge.jar with {doapi,terraform} mods - versions {1.2.15,7.0.1}
[23Nov2025 22:01:50.046] [main/DEBUG] [net.minecraftforge.fml.loading.moddiscovery.ModFileParser/LOADING]: Considering mod file candidate /workspaces/expert-doodle/servidor_minecraft/mods/letsdo-bakery-forge-1.1.15.jar
[23Nov2025 22:01:50.047] [main/DEBUG] [net.minecraftforge.fml.loading.moddiscovery.ModFileInfo/LOADING]: Found valid mod file letsdo-bakery-forge-1.1.15.jar with {bakery} mods - versions {1.1.15}
[23Nov2025 22:01:50.048] [main/DEBUG] [net.minecraftforge.fml.loading.moddiscovery.ModFileParser/LOADING]: Considering mod file candidate /workspaces/expert-doodle/servidor_minecraft/mods/letsdo-farm_and_charm-forge-1.0.14.jar
[23Nov2025 22:01:50.049] [main/DEBUG] [net.minecraftforge.fml.loading.moddiscovery.ModFileInfo/LOADING]: Found valid mod file letsdo-farm_and_charm-forge-1.0.14.jar with {farm_and_charm} mods - versions {1.0.14}
[23Nov2025 22:01:50.050] [main/DEBUG] [net.minecraftforge.fml.loading.moddiscovery.ModFileParser/LOADING]: Considering mod file candidate /workspaces/expert-doodle/servidor_minecraft/mods/MyNethersDelight-1.20.1-0.1.8.jar
[23Nov2025 22:01:50.051] [main/DEBUG] [net.minecraftforge.fml.loading.moddiscovery.ModFileInfo/LOADING]: Found valid mod file MyNethersDelight-1.20.1-0.1.8.jar with {mynethersdelight} mods - versions {1.20.1-1.7.5}
[23Nov2025 22:01:50.053] [main/DEBUG] [net.minecraftforge.fml.loading.moddiscovery.ModFileParser/LOADING]: Considering mod file candidate /workspaces/expert-doodle/servidor_minecraft/mods/overweightfarming-1.20.1-2.1.0-forge.jar
[23Nov2025 22:01:50.054] [main/DEBUG] [net.minecraftforge.fml.loading.moddiscovery.ModFileInfo/LOADING]: Found valid mod file overweightfarming-1.20.1-2.1.0-forge.jar with {overweight_farming} mods - versions {1.20.1-2.1.0-forge}
[23Nov2025 22:01:50.054] [main/DEBUG] [net.minecraftforge.fml.loading.moddiscovery.ModFileParser/LOADING]: Considering mod file candidate /workspaces/expert-doodle/servidor_minecraft/mods/pizzadelight-1.20.1-1.0.2.jar
[23Nov2025 22:01:50.055] [main/DEBUG] [net.minecraftforge.fml.loading.moddiscovery.ModFileInfo/LOADING]: Found valid mod file pizzadelight-1.20.1-1.0.2.jar with {pizzadelight} mods - versions {1.0.2}
[23Nov2025 22:01:50.056] [main/DEBUG] [net.minecraftforge.fml.loading.moddiscovery.ModFileParser/LOADING]: Considering mod file candidate /workspaces/expert-doodle/servidor_minecraft/mods/rusticdelight-forge-1.20.1-1.4.1.jar
[23Nov2025 22:01:50.057] [main/DEBUG] [net.minecraftforge.fml.loading.moddiscovery.ModFileInfo/LOADING]: Found valid mod file rusticdelight-forge-1.20.1-1.4.1.jar with {rusticdelight} mods - versions {1.4.1}
[23Nov2025 22:01:50.057] [main/DEBUG] [net.minecraftforge.fml.loading.moddiscovery.ModFileParser/LOADING]: Considering mod file candidate /workspaces/expert-doodle/servidor_minecraft/mods/some-assembly-required-1.20.1-4.2.2.jar
[23Nov2025 22:01:50.058] [main/DEBUG] [net.minecraftforge.fml.loading.moddiscovery.ModFileInfo/LOADING]: Found valid mod file some-assembly-required-1.20.1-4.2.2.jar with {some_assembly_required} mods - versions {1.20.1-4.2.2}
[23Nov2025 22:01:50.059] [main/DEBUG] [net.minecraftforge.fml.loading.moddiscovery.ModFileParser/LOADING]: Considering mod file candidate /workspaces/expert-doodle/servidor_minecraft/mods/sophisticatedbackpacks-1.20.1-3.24.12.1411.jar
[23Nov2025 22:01:50.060] [main/DEBUG] [net.minecraftforge.fml.loading.moddiscovery.ModFileInfo/LOADING]: Found valid mod file sophisticatedbackpacks-1.20.1-3.24.12.1411.jar with {sophisticatedbackpacks} mods - versions {3.24.12.1411}
[23Nov2025 22:01:50.061] [main/DEBUG] [net.minecraftforge.fml.loading.moddiscovery.ModFileParser/LOADING]: Considering mod file candidate /workspaces/expert-doodle/servidor_minecraft/mods/sophisticatedcore-1.20.1-1.2.107.1240.jar
[23Nov2025 22:01:50.062] [main/DEBUG] [net.minecraftforge.fml.loading.moddiscovery.ModFileInfo/LOADING]: Found valid mod file sophisticatedcore-1.20.1-1.2.107.1240.jar with {sophisticatedcore} mods - versions {1.2.107.1240}
[23Nov2025 22:01:50.064] [main/DEBUG] [net.minecraftforge.fml.loading.moddiscovery.ModFileParser/LOADING]: Considering mod file candidate /workspaces/expert-doodle/servidor_minecraft/mods/tacz-1.20.1-1.1.6-hotfix.jar
[23Nov2025 22:01:50.106] [main/DEBUG] [net.minecraftforge.fml.loading.moddiscovery.ModFileInfo/LOADING]: Found valid mod file tacz-1.20.1-1.1.6-hotfix.jar with {tacz} mods - versions {1.1.6-hotfix}
[23Nov2025 22:01:50.342] [main/DEBUG] [net.minecraftforge.fml.loading.moddiscovery.ModFileInfo/LOADING]: Found valid mod file server-1.20.1-20230612.114412-srg.jar with {minecraft} mods - versions {1.20.1}
[23Nov2025 22:01:50.345] [main/DEBUG] [net.minecraftforge.fml.loading.moddiscovery.ModFileParser/LOADING]: Considering mod file candidate /workspaces/expert-doodle/servidor_minecraft/libraries/net/minecraftforge/fmlcore/1.20.1-47.3.7/fmlcore-1.20.1-47.3.7.jar
[23Nov2025 22:01:50.346] [main/WARN] [net.minecraftforge.fml.loading.moddiscovery.ModFileParser/LOADING]: Mod file /workspaces/expert-doodle/servidor_minecraft/libraries/net/minecraftforge/fmlcore/1.20.1-47.3.7/fmlcore-1.20.1-47.3.7.jar is missing mods.toml file
[23Nov2025 22:01:50.347] [main/DEBUG] [net.minecraftforge.fml.loading.moddiscovery.ModFileParser/LOADING]: Considering mod file candidate /workspaces/expert-doodle/servidor_minecraft/libraries/net/minecraftforge/javafmllanguage/1.20.1-47.3.7/javafmllanguage-1.20.1-47.3.7.jar
[23Nov2025 22:01:50.347] [main/WARN] [net.minecraftforge.fml.loading.moddiscovery.ModFileParser/LOADING]: Mod file /workspaces/expert-doodle/servidor_minecraft/libraries/net/minecraftforge/javafmllanguage/1.20.1-47.3.7/javafmllanguage-1.20.1-47.3.7.jar is missing mods.toml file
[23Nov2025 22:01:50.348] [main/DEBUG] [net.minecraftforge.fml.loading.moddiscovery.ModFileParser/LOADING]: Considering mod file candidate /workspaces/expert-doodle/servidor_minecraft/libraries/net/minecraftforge/lowcodelanguage/1.20.1-47.3.7/lowcodelanguage-1.20.1-47.3.7.jar
[23Nov2025 22:01:50.349] [main/WARN] [net.minecraftforge.fml.loading.moddiscovery.ModFileParser/LOADING]: Mod file /workspaces/expert-doodle/servidor_minecraft/libraries/net/minecraftforge/lowcodelanguage/1.20.1-47.3.7/lowcodelanguage-1.20.1-47.3.7.jar is missing mods.toml file
[23Nov2025 22:01:50.350] [main/DEBUG] [net.minecraftforge.fml.loading.moddiscovery.ModFileParser/LOADING]: Considering mod file candidate /workspaces/expert-doodle/servidor_minecraft/libraries/net/minecraftforge/mclanguage/1.20.1-47.3.7/mclanguage-1.20.1-47.3.7.jar
[23Nov2025 22:01:50.350] [main/WARN] [net.minecraftforge.fml.loading.moddiscovery.ModFileParser/LOADING]: Mod file /workspaces/expert-doodle/servidor_minecraft/libraries/net/minecraftforge/mclanguage/1.20.1-47.3.7/mclanguage-1.20.1-47.3.7.jar is missing mods.toml file
[23Nov2025 22:01:50.513] [main/DEBUG] [net.minecraftforge.fml.loading.moddiscovery.ModFileParser/LOADING]: Considering mod file candidate /workspaces/expert-doodle/servidor_minecraft/libraries/net/minecraftforge/forge/1.20.1-47.3.7/forge-1.20.1-47.3.7-universal.jar
[23Nov2025 22:01:50.514] [main/DEBUG] [net.minecraftforge.fml.loading.moddiscovery.ModFileInfo/LOADING]: Found valid mod file forge-1.20.1-47.3.7-universal.jar with {forge} mods - versions {47.3.7}
[23Nov2025 22:01:50.531] [main/DEBUG] [net.minecraftforge.fml.loading.moddiscovery.AbstractJarFileDependencyLocator/]: Failed to load resource META-INF/jarjar/metadata.json from server-1.20.1-20230612.114412-srg.jar, it does not contain dependency information.
[23Nov2025 22:01:50.532] [main/DEBUG] [net.minecraftforge.fml.loading.moddiscovery.AbstractJarFileDependencyLocator/]: Failed to load resource META-INF/jarjar/metadata.json from FarmersDelight-1.20.1-1.2.9.jar, it does not contain dependency information.
[23Nov2025 22:01:50.532] [main/DEBUG] [net.minecraftforge.fml.loading.moddiscovery.AbstractJarFileDependencyLocator/]: Failed to load resource META-INF/jarjar/metadata.json from overweightfarming-1.20.1-2.1.0-forge.jar, it does not contain dependency information.
[23Nov2025 22:01:50.532] [main/DEBUG] [net.minecraftforge.fml.loading.moddiscovery.AbstractJarFileDependencyLocator/]: Failed to load resource META-INF/jarjar/metadata.json from letsdo-bakery-forge-1.1.15.jar, it does not contain dependency information.
[23Nov2025 22:01:50.532] [main/DEBUG] [net.minecraftforge.fml.loading.moddiscovery.AbstractJarFileDependencyLocator/]: Failed to load resource META-INF/jarjar/metadata.json from sophisticatedbackpacks-1.20.1-3.24.12.1411.jar, it does not contain dependency information.
[23Nov2025 22:01:50.532] [main/DEBUG] [net.minecraftforge.fml.loading.moddiscovery.AbstractJarFileDependencyLocator/]: Failed to load resource META-INF/jarjar/metadata.json from rusticdelight-forge-1.20.1-1.4.1.jar, it does not contain dependency information.
[23Nov2025 22:01:50.533] [main/DEBUG] [net.minecraftforge.fml.loading.moddiscovery.AbstractJarFileDependencyLocator/]: Failed to load resource META-INF/jarjar/metadata.json from Jade-1.20.1-Forge-11.13.2.jar, it does not contain dependency information.
[23Nov2025 22:01:50.533] [main/DEBUG] [net.minecraftforge.fml.loading.moddiscovery.AbstractJarFileDependencyLocator/]: Failed to load resource META-INF/jarjar/metadata.json from architectury-9.2.14-forge.jar, it does not contain dependency information.
[23Nov2025 22:01:50.533] [main/DEBUG] [net.minecraftforge.fml.loading.moddiscovery.AbstractJarFileDependencyLocator/]: Failed to load resource META-INF/jarjar/metadata.json from pizzadelight-1.20.1-1.0.2.jar, it does not contain dependency information.
[23Nov2025 22:01:50.533] [main/DEBUG] [net.minecraftforge.fml.loading.moddiscovery.AbstractJarFileDependencyLocator/]: Failed to load resource META-INF/jarjar/metadata.json from jei-1.20.1-forge-15.20.0.118.jar, it does not contain dependency information.
[23Nov2025 22:01:50.533] [main/DEBUG] [net.minecraftforge.fml.loading.moddiscovery.AbstractJarFileDependencyLocator/]: Failed to load resource META-INF/jarjar/metadata.json from cloth-config-11.1.136-forge.jar, it does not contain dependency information.
[23Nov2025 22:01:50.533] [main/DEBUG] [net.minecraftforge.fml.loading.moddiscovery.AbstractJarFileDependencyLocator/]: Failed to load resource META-INF/jarjar/metadata.json from forge-1.20.1-47.3.7-universal.jar, it does not contain dependency information.
[23Nov2025 22:01:50.533] [main/DEBUG] [net.minecraftforge.fml.loading.moddiscovery.AbstractJarFileDependencyLocator/]: Failed to load resource META-INF/jarjar/metadata.json from sophisticatedcore-1.20.1-1.2.107.1240.jar, it does not contain dependency information.
[23Nov2025 22:01:50.534] [main/DEBUG] [net.minecraftforge.fml.loading.moddiscovery.AbstractJarFileDependencyLocator/]: Failed to load resource META-INF/jarjar/metadata.json from letsdo-farm_and_charm-forge-1.0.14.jar, it does not contain dependency information.
[23Nov2025 22:01:50.534] [main/DEBUG] [net.minecraftforge.fml.loading.moddiscovery.AbstractJarFileDependencyLocator/]: Failed to load resource META-INF/jarjar/metadata.json from MyNethersDelight-1.20.1-0.1.8.jar, it does not contain dependency information.
[23Nov2025 22:01:50.534] [main/DEBUG] [net.minecraftforge.fml.loading.moddiscovery.AbstractJarFileDependencyLocator/]: Failed to load resource META-INF/jarjar/metadata.json from some-assembly-required-1.20.1-4.2.2.jar, it does not contain dependency information.
[23Nov2025 22:01:50.534] [main/DEBUG] [net.minecraftforge.fml.loading.moddiscovery.AbstractJarFileDependencyLocator/]: Failed to load resource META-INF/jarjar/metadata.json from mclanguage-1.20.1-47.3.7.jar, it does not contain dependency information.
[23Nov2025 22:01:50.535] [main/DEBUG] [net.minecraftforge.fml.loading.moddiscovery.AbstractJarFileDependencyLocator/]: Failed to load resource META-INF/jarjar/metadata.json from javafmllanguage-1.20.1-47.3.7.jar, it does not contain dependency information.
[23Nov2025 22:01:50.535] [main/DEBUG] [net.minecraftforge.fml.loading.moddiscovery.AbstractJarFileDependencyLocator/]: Failed to load resource META-INF/jarjar/metadata.json from fmlcore-1.20.1-47.3.7.jar, it does not contain dependency information.
[23Nov2025 22:01:50.535] [main/DEBUG] [net.minecraftforge.fml.loading.moddiscovery.AbstractJarFileDependencyLocator/]: Failed to load resource META-INF/jarjar/metadata.json from lowcodelanguage-1.20.1-47.3.7.jar, it does not contain dependency information.
[23Nov2025 22:01:50.660] [main/DEBUG] [net.minecraftforge.fml.loading.moddiscovery.ModFileParser/LOADING]: Considering mod file candidate 
[23Nov2025 22:01:50.661] [main/DEBUG] [net.minecraftforge.fml.loading.moddiscovery.ModFileInfo/LOADING]: Found valid mod file flywheel-forge-1.20.1-1.0.5.jar with {flywheel} mods - versions {1.0.5}
[23Nov2025 22:01:50.664] [main/DEBUG] [net.minecraftforge.fml.loading.moddiscovery.ModFileParser/LOADING]: Considering mod file candidate 
[23Nov2025 22:01:50.665] [main/DEBUG] [net.minecraftforge.fml.loading.moddiscovery.ModFileInfo/LOADING]: Found valid mod file mixinextras-forge-0.4.1.jar with {mixinextras} mods - versions {0.4.1}
[23Nov2025 22:01:50.677] [main/DEBUG] [net.minecraftforge.fml.loading.moddiscovery.ModFileParser/LOADING]: Considering mod file candidate 
[23Nov2025 22:01:50.678] [main/DEBUG] [net.minecraftforge.fml.loading.moddiscovery.ModFileInfo/LOADING]: Found valid mod file Ponder-Forge-1.20.1-1.0.91.jar with {ponder} mods - versions {1.0.91}
[23Nov2025 22:01:50.899] [main/DEBUG] [net.minecraftforge.fml.loading.moddiscovery.ModFileParser/LOADING]: Considering mod file candidate 
[23Nov2025 22:01:50.900] [main/DEBUG] [net.minecraftforge.fml.loading.moddiscovery.ModFileInfo/LOADING]: Found valid mod file mixinextras-forge-0.3.6.jar with {mixinextras} mods - versions {0.3.6}
[23Nov2025 22:01:50.904] [main/DEBUG] [net.minecraftforge.fml.loading.moddiscovery.ModFileParser/LOADING]: Considering mod file candidate 
[23Nov2025 22:01:50.905] [main/DEBUG] [net.minecraftforge.fml.loading.moddiscovery.ModFileInfo/LOADING]: Found valid mod file mixinextras-forge-0.3.5.jar with {mixinextras} mods - versions {0.3.5}
[23Nov2025 22:01:50.905] [main/DEBUG] [net.minecraftforge.fml.loading.moddiscovery.AbstractJarFileDependencyLocator/]: Failed to load resource META-INF/jarjar/metadata.json from Registrate-MC1.20-1.3.3.jar, it does not contain dependency information.
[23Nov2025 22:01:50.905] [main/DEBUG] [net.minecraftforge.fml.loading.moddiscovery.AbstractJarFileDependencyLocator/]: Failed to load resource META-INF/jarjar/metadata.json from flywheel-forge-1.20.1-1.0.5.jar, it does not contain dependency information.
[23Nov2025 22:01:50.911] [main/DEBUG] [net.minecraftforge.fml.loading.moddiscovery.AbstractJarFileDependencyLocator/]: Failed to load resource META-INF/jarjar/metadata.json from Ponder-Forge-1.20.1-1.0.91.jar, it does not contain dependency information.
[23Nov2025 22:01:50.911] [main/DEBUG] [net.minecraftforge.fml.loading.moddiscovery.AbstractJarFileDependencyLocator/]: Failed to load resource META-INF/jarjar/metadata.json from commons-math3-3.6.1.jar, it does not contain dependency information.
[23Nov2025 22:01:50.911] [main/DEBUG] [net.minecraftforge.fml.loading.moddiscovery.AbstractJarFileDependencyLocator/]: Failed to load resource META-INF/jarjar/metadata.json from luaj-core-3.0.8-figura.jar, it does not contain dependency information.
[23Nov2025 22:01:50.911] [main/DEBUG] [net.minecraftforge.fml.loading.moddiscovery.AbstractJarFileDependencyLocator/]: Failed to load resource META-INF/jarjar/metadata.json from luaj-jse-3.0.8-figura.jar, it does not contain dependency information.
[23Nov2025 22:01:50.912] [main/DEBUG] [net.minecraftforge.fml.loading.moddiscovery.AbstractJarFileDependencyLocator/]: Failed to load resource META-INF/jarjar/metadata.json from bcel-6.6.1.jar, it does not contain dependency information.
[23Nov2025 22:01:50.916] [main/DEBUG] [net.minecraftforge.fml.loading.moddiscovery.AbstractJarFileDependencyLocator/]: Failed to load resource META-INF/jarjar/metadata.json from jankson-1.2.1.jar, it does not contain dependency information.
[23Nov2025 22:01:50.921] [main/DEBUG] [net.minecraftforge.fml.loading.moddiscovery.AbstractJarFileDependencyLocator/]: Failed to load resource META-INF/jarjar/metadata.json from MixinExtras-0.4.1.jar, it does not contain dependency information.
[23Nov2025 22:01:50.921] [main/DEBUG] [net.minecraftforge.fml.loading.moddiscovery.AbstractJarFileDependencyLocator/]: Failed to load resource META-INF/jarjar/metadata.json from MixinExtras-0.3.6.jar, it does not contain dependency information.
[23Nov2025 22:01:50.921] [main/DEBUG] [net.minecraftforge.fml.loading.moddiscovery.AbstractJarFileDependencyLocator/]: Failed to load resource META-INF/jarjar/metadata.json from MixinExtras-0.3.5.jar, it does not contain dependency information.
[23Nov2025 22:01:50.943] [main/DEBUG] [net.minecraftforge.fml.loading.moddiscovery.ModFileParser/LOADING]: Considering mod file candidate 
[23Nov2025 22:01:50.944] [main/DEBUG] [net.minecraftforge.fml.loading.moddiscovery.ModFileInfo/LOADING]: Found valid mod file mixinextras-forge-0.4.1.jar with {mixinextras} mods - versions {0.4.1}
[23Nov2025 22:01:50.967] [main/DEBUG] [net.minecraftforge.fml.loading.moddiscovery.ModFileParser/LOADING]: Considering mod file candidate 
[23Nov2025 22:01:50.968] [main/DEBUG] [net.minecraftforge.fml.loading.moddiscovery.ModFileInfo/LOADING]: Found valid mod file flywheel-forge-1.20.1-1.0.5.jar with {flywheel} mods - versions {1.0.5}
[23Nov2025 22:01:50.975] [main/DEBUG] [net.minecraftforge.fml.loading.moddiscovery.ModFileParser/LOADING]: Considering mod file candidate 
[23Nov2025 22:01:50.976] [main/DEBUG] [net.minecraftforge.fml.loading.moddiscovery.ModFileInfo/LOADING]: Found valid mod file Ponder-Forge-1.20.1-1.0.91.jar with {ponder} mods - versions {1.0.91}
[23Nov2025 22:01:51.022] [main/INFO] [net.minecraftforge.fml.loading.moddiscovery.JarInJarDependencyLocator/]: Found 10 dependencies adding them to mods collection
[23Nov2025 22:01:51.025] [main/DEBUG] [net.minecraftforge.fml.loading.moddiscovery.ModFileParser/LOADING]: Considering mod file candidate /workspaces/expert-doodle/servidor_minecraft/mods/FarmersDelight-1.20.1-1.2.9.jar
[23Nov2025 22:01:51.026] [main/DEBUG] [net.minecraftforge.fml.loading.moddiscovery.ModFileInfo/LOADING]: Found valid mod file FarmersDelight-1.20.1-1.2.9.jar with {farmersdelight} mods - versions {1.20.1-1.2.9}
[23Nov2025 22:01:51.028] [main/DEBUG] [net.minecraftforge.fml.loading.moddiscovery.ModFile/LOADING]: Loading mod file /workspaces/expert-doodle/servidor_minecraft/mods/FarmersDelight-1.20.1-1.2.9.jar with languages [LanguageSpec[languageName=javafml, acceptedVersions=[46,)]]
[23Nov2025 22:01:51.029] [main/DEBUG] [net.minecraftforge.fml.loading.moddiscovery.ModFileInfo/LOADING]: Found valid mod file server-1.20.1-20230612.114412-srg.jar with {minecraft} mods - versions {1.20.1}
[23Nov2025 22:01:51.029] [main/DEBUG] [net.minecraftforge.fml.loading.moddiscovery.ModFile/LOADING]: Loading mod file /workspaces/expert-doodle/servidor_minecraft/libraries/net/minecraft/server/1.20.1-20230612.114412/server-1.20.1-20230612.114412-srg.jar with languages [LanguageSpec[languageName=minecraft, acceptedVersions=1]]
[23Nov2025 22:01:51.030] [main/DEBUG] [net.minecraftforge.fml.loading.moddiscovery.ModFileParser/LOADING]: Considering mod file candidate /workspaces/expert-doodle/servidor_minecraft/mods/Jade-1.20.1-Forge-11.13.2.jar
[23Nov2025 22:01:51.030] [main/DEBUG] [net.minecraftforge.fml.loading.moddiscovery.ModFileInfo/LOADING]: Found valid mod file Jade-1.20.1-Forge-11.13.2.jar with {jade} mods - versions {11.13.2+forge}
[23Nov2025 22:01:51.030] [main/DEBUG] [net.minecraftforge.fml.loading.moddiscovery.ModFile/LOADING]: Loading mod file /workspaces/expert-doodle/servidor_minecraft/mods/Jade-1.20.1-Forge-11.13.2.jar with languages [LanguageSpec[languageName=javafml, acceptedVersions=[46,)]]
[23Nov2025 22:01:51.031] [main/DEBUG] [net.minecraftforge.fml.loading.moddiscovery.ModFileParser/LOADING]: Considering mod file candidate 
[23Nov2025 22:01:51.031] [main/DEBUG] [net.minecraftforge.fml.loading.moddiscovery.ModFileInfo/LOADING]: Found valid mod file Ponder-Forge-1.20.1-1.0.91.jar with {ponder} mods - versions {1.0.91}
[23Nov2025 22:01:51.031] [main/DEBUG] [net.minecraftforge.fml.loading.moddiscovery.ModFile/LOADING]: Loading mod file  with languages [LanguageSpec[languageName=javafml, acceptedVersions=[47,)]]
[23Nov2025 22:01:51.031] [main/DEBUG] [net.minecraftforge.fml.loading.moddiscovery.ModFileParser/LOADING]: Considering mod file candidate /workspaces/expert-doodle/servidor_minecraft/mods/pizzadelight-1.20.1-1.0.2.jar
[23Nov2025 22:01:51.032] [main/DEBUG] [net.minecraftforge.fml.loading.moddiscovery.ModFileInfo/LOADING]: Found valid mod file pizzadelight-1.20.1-1.0.2.jar with {pizzadelight} mods - versions {1.0.2}
[23Nov2025 22:01:51.032] [main/DEBUG] [net.minecraftforge.fml.loading.moddiscovery.ModFile/LOADING]: Loading mod file /workspaces/expert-doodle/servidor_minecraft/mods/pizzadelight-1.20.1-1.0.2.jar with languages [LanguageSpec[languageName=javafml, acceptedVersions=[47,)]]
[23Nov2025 22:01:51.032] [main/DEBUG] [net.minecraftforge.fml.loading.moddiscovery.ModFileParser/LOADING]: Considering mod file candidate /workspaces/expert-doodle/servidor_minecraft/mods/jei-1.20.1-forge-15.20.0.118.jar
[23Nov2025 22:01:51.033] [main/DEBUG] [net.minecraftforge.fml.loading.moddiscovery.ModFileInfo/LOADING]: Found valid mod file jei-1.20.1-forge-15.20.0.118.jar with {jei} mods - versions {15.20.0.118}
[23Nov2025 22:01:51.033] [main/DEBUG] [net.minecraftforge.fml.loading.moddiscovery.ModFile/LOADING]: Loading mod file /workspaces/expert-doodle/servidor_minecraft/mods/jei-1.20.1-forge-15.20.0.118.jar with languages [LanguageSpec[languageName=javafml, acceptedVersions=[47,)]]
[23Nov2025 22:01:51.033] [main/DEBUG] [net.minecraftforge.fml.loading.moddiscovery.ModFileParser/LOADING]: Considering mod file candidate /workspaces/expert-doodle/servidor_minecraft/mods/tacz-1.20.1-1.1.6-hotfix.jar
[23Nov2025 22:01:51.034] [main/DEBUG] [net.minecraftforge.fml.loading.moddiscovery.ModFileInfo/LOADING]: Found valid mod file tacz-1.20.1-1.1.6-hotfix.jar with {tacz} mods - versions {1.1.6-hotfix}
[23Nov2025 22:01:51.034] [main/DEBUG] [net.minecraftforge.fml.loading.moddiscovery.ModFile/LOADING]: Loading mod file /workspaces/expert-doodle/servidor_minecraft/mods/tacz-1.20.1-1.1.6-hotfix.jar with languages [LanguageSpec[languageName=javafml, acceptedVersions=[46,)]]
[23Nov2025 22:01:51.034] [main/DEBUG] [net.minecraftforge.fml.loading.moddiscovery.ModFileParser/LOADING]: Considering mod file candidate /workspaces/expert-doodle/servidor_minecraft/mods/sophisticatedcore-1.20.1-1.2.107.1240.jar
[23Nov2025 22:01:51.034] [main/DEBUG] [net.minecraftforge.fml.loading.moddiscovery.ModFileInfo/LOADING]: Found valid mod file sophisticatedcore-1.20.1-1.2.107.1240.jar with {sophisticatedcore} mods - versions {1.2.107.1240}
[23Nov2025 22:01:51.035] [main/DEBUG] [net.minecraftforge.fml.loading.moddiscovery.ModFile/LOADING]: Loading mod file /workspaces/expert-doodle/servidor_minecraft/mods/sophisticatedcore-1.20.1-1.2.107.1240.jar with languages [LanguageSpec[languageName=javafml, acceptedVersions=[47,)]]
[23Nov2025 22:01:51.035] [main/DEBUG] [net.minecraftforge.fml.loading.moddiscovery.ModFileParser/LOADING]: Considering mod file candidate 
[23Nov2025 22:01:51.035] [main/DEBUG] [net.minecraftforge.fml.loading.moddiscovery.ModFileInfo/LOADING]: Found valid mod file flywheel-forge-1.20.1-1.0.5.jar with {flywheel} mods - versions {1.0.5}
[23Nov2025 22:01:51.035] [main/DEBUG] [net.minecraftforge.fml.loading.moddiscovery.ModFile/LOADING]: Loading mod file  with languages [LanguageSpec[languageName=javafml, acceptedVersions=[0,)]]
[23Nov2025 22:01:51.036] [main/DEBUG] [net.minecraftforge.fml.loading.moddiscovery.ModFileParser/LOADING]: Considering mod file candidate /workspaces/expert-doodle/servidor_minecraft/mods/create-1.20.1-6.0.8.jar
[23Nov2025 22:01:51.036] [main/DEBUG] [net.minecraftforge.fml.loading.moddiscovery.ModFileInfo/LOADING]: Found valid mod file create-1.20.1-6.0.8.jar with {create} mods - versions {6.0.8}
[23Nov2025 22:01:51.036] [main/DEBUG] [net.minecraftforge.fml.loading.moddiscovery.ModFile/LOADING]: Loading mod file /workspaces/expert-doodle/servidor_minecraft/mods/create-1.20.1-6.0.8.jar with languages [LanguageSpec[languageName=javafml, acceptedVersions=[47,)]]
[23Nov2025 22:01:51.036] [main/DEBUG] [net.minecraftforge.fml.loading.moddiscovery.ModFileParser/LOADING]: Considering mod file candidate /workspaces/expert-doodle/servidor_minecraft/mods/letsdo-API-forge-1.2.15-forge.jar
[23Nov2025 22:01:51.037] [main/DEBUG] [net.minecraftforge.fml.loading.moddiscovery.ModFileInfo/LOADING]: Found valid mod file letsdo-API-forge-1.2.15-forge.jar with {doapi,terraform} mods - versions {1.2.15,7.0.1}
[23Nov2025 22:01:51.037] [main/DEBUG] [net.minecraftforge.fml.loading.moddiscovery.ModFile/LOADING]: Loading mod file /workspaces/expert-doodle/servidor_minecraft/mods/letsdo-API-forge-1.2.15-forge.jar with languages [LanguageSpec[languageName=javafml, acceptedVersions=[47,)]]
[23Nov2025 22:01:51.037] [main/DEBUG] [net.minecraftforge.fml.loading.moddiscovery.ModFileParser/LOADING]: Considering mod file candidate /workspaces/expert-doodle/servidor_minecraft/mods/MyNethersDelight-1.20.1-0.1.8.jar
[23Nov2025 22:01:51.038] [main/DEBUG] [net.minecraftforge.fml.loading.moddiscovery.ModFileInfo/LOADING]: Found valid mod file MyNethersDelight-1.20.1-0.1.8.jar with {mynethersdelight} mods - versions {1.20.1-1.7.5}
[23Nov2025 22:01:51.038] [main/DEBUG] [net.minecraftforge.fml.loading.moddiscovery.ModFile/LOADING]: Loading mod file /workspaces/expert-doodle/servidor_minecraft/mods/MyNethersDelight-1.20.1-0.1.8.jar with languages [LanguageSpec[languageName=javafml, acceptedVersions=[47,)]]
[23Nov2025 22:01:51.038] [main/DEBUG] [net.minecraftforge.fml.loading.moddiscovery.ModFileParser/LOADING]: Considering mod file candidate /workspaces/expert-doodle/servidor_minecraft/mods/some-assembly-required-1.20.1-4.2.2.jar
[23Nov2025 22:01:51.038] [main/DEBUG] [net.minecraftforge.fml.loading.moddiscovery.ModFileInfo/LOADING]: Found valid mod file some-assembly-required-1.20.1-4.2.2.jar with {some_assembly_required} mods - versions {1.20.1-4.2.2}
[23Nov2025 22:01:51.039] [main/DEBUG] [net.minecraftforge.fml.loading.moddiscovery.ModFile/LOADING]: Loading mod file /workspaces/expert-doodle/servidor_minecraft/mods/some-assembly-required-1.20.1-4.2.2.jar with languages [LanguageSpec[languageName=javafml, acceptedVersions=[46,)]]
[23Nov2025 22:01:51.039] [main/DEBUG] [net.minecraftforge.fml.loading.moddiscovery.ModFileParser/LOADING]: Considering mod file candidate /workspaces/expert-doodle/servidor_minecraft/mods/letsdo-bakery-forge-1.1.15.jar
[23Nov2025 22:01:51.039] [main/DEBUG] [net.minecraftforge.fml.loading.moddiscovery.ModFileInfo/LOADING]: Found valid mod file letsdo-bakery-forge-1.1.15.jar with {bakery} mods - versions {1.1.15}
[23Nov2025 22:01:51.039] [main/DEBUG] [net.minecraftforge.fml.loading.moddiscovery.ModFile/LOADING]: Loading mod file /workspaces/expert-doodle/servidor_minecraft/mods/letsdo-bakery-forge-1.1.15.jar with languages [LanguageSpec[languageName=javafml, acceptedVersions=[46,)]]
[23Nov2025 22:01:51.039] [main/DEBUG] [net.minecraftforge.fml.loading.moddiscovery.ModFileParser/LOADING]: Considering mod file candidate /workspaces/expert-doodle/servidor_minecraft/mods/overweightfarming-1.20.1-2.1.0-forge.jar
[23Nov2025 22:01:51.040] [main/DEBUG] [net.minecraftforge.fml.loading.moddiscovery.ModFileInfo/LOADING]: Found valid mod file overweightfarming-1.20.1-2.1.0-forge.jar with {overweight_farming} mods - versions {1.20.1-2.1.0-forge}
[23Nov2025 22:01:51.040] [main/DEBUG] [net.minecraftforge.fml.loading.moddiscovery.ModFile/LOADING]: Loading mod file /workspaces/expert-doodle/servidor_minecraft/mods/overweightfarming-1.20.1-2.1.0-forge.jar with languages [LanguageSpec[languageName=javafml, acceptedVersions=[39,)]]
[23Nov2025 22:01:51.040] [main/DEBUG] [net.minecraftforge.fml.loading.moddiscovery.ModFileParser/LOADING]: Considering mod file candidate /workspaces/expert-doodle/servidor_minecraft/mods/sophisticatedbackpacks-1.20.1-3.24.12.1411.jar
[23Nov2025 22:01:51.041] [main/DEBUG] [net.minecraftforge.fml.loading.moddiscovery.ModFileInfo/LOADING]: Found valid mod file sophisticatedbackpacks-1.20.1-3.24.12.1411.jar with {sophisticatedbackpacks} mods - versions {3.24.12.1411}
[23Nov2025 22:01:51.041] [main/DEBUG] [net.minecraftforge.fml.loading.moddiscovery.ModFile/LOADING]: Loading mod file /workspaces/expert-doodle/servidor_minecraft/mods/sophisticatedbackpacks-1.20.1-3.24.12.1411.jar with languages [LanguageSpec[languageName=javafml, acceptedVersions=[47,)]]
[23Nov2025 22:01:51.041] [main/DEBUG] [net.minecraftforge.fml.loading.moddiscovery.ModFileParser/LOADING]: Considering mod file candidate /workspaces/expert-doodle/servidor_minecraft/mods/rusticdelight-forge-1.20.1-1.4.1.jar
[23Nov2025 22:01:51.042] [main/DEBUG] [net.minecraftforge.fml.loading.moddiscovery.ModFileInfo/LOADING]: Found valid mod file rusticdelight-forge-1.20.1-1.4.1.jar with {rusticdelight} mods - versions {1.4.1}
[23Nov2025 22:01:51.042] [main/DEBUG] [net.minecraftforge.fml.loading.moddiscovery.ModFile/LOADING]: Loading mod file /workspaces/expert-doodle/servidor_minecraft/mods/rusticdelight-forge-1.20.1-1.4.1.jar with languages [LanguageSpec[languageName=javafml, acceptedVersions=[47,)]]
[23Nov2025 22:01:51.042] [main/DEBUG] [net.minecraftforge.fml.loading.moddiscovery.ModFileParser/LOADING]: Considering mod file candidate /workspaces/expert-doodle/servidor_minecraft/mods/architectury-9.2.14-forge.jar
[23Nov2025 22:01:51.042] [main/DEBUG] [net.minecraftforge.fml.loading.moddiscovery.ModFileInfo/LOADING]: Found valid mod file architectury-9.2.14-forge.jar with {architectury} mods - versions {9.2.14}
[23Nov2025 22:01:51.042] [main/DEBUG] [net.minecraftforge.fml.loading.moddiscovery.ModFile/LOADING]: Loading mod file /workspaces/expert-doodle/servidor_minecraft/mods/architectury-9.2.14-forge.jar with languages [LanguageSpec[languageName=javafml, acceptedVersions=[46,)]]
[23Nov2025 22:01:51.042] [main/DEBUG] [net.minecraftforge.fml.loading.moddiscovery.ModFileParser/LOADING]: Considering mod file candidate /workspaces/expert-doodle/servidor_minecraft/mods/cloth-config-11.1.136-forge.jar
[23Nov2025 22:01:51.043] [main/DEBUG] [net.minecraftforge.fml.loading.moddiscovery.ModFileInfo/LOADING]: Found valid mod file cloth-config-11.1.136-forge.jar with {cloth_config} mods - versions {11.1.136}
[23Nov2025 22:01:51.043] [main/DEBUG] [net.minecraftforge.fml.loading.moddiscovery.ModFile/LOADING]: Loading mod file /workspaces/expert-doodle/servidor_minecraft/mods/cloth-config-11.1.136-forge.jar with languages [LanguageSpec[languageName=javafml, acceptedVersions=[34,)]]
[23Nov2025 22:01:51.043] [main/DEBUG] [net.minecraftforge.fml.loading.moddiscovery.ModFileParser/LOADING]: Considering mod file candidate /workspaces/expert-doodle/servidor_minecraft/libraries/net/minecraftforge/forge/1.20.1-47.3.7/forge-1.20.1-47.3.7-universal.jar
[23Nov2025 22:01:51.044] [main/DEBUG] [net.minecraftforge.fml.loading.moddiscovery.ModFileInfo/LOADING]: Found valid mod file forge-1.20.1-47.3.7-universal.jar with {forge} mods - versions {47.3.7}
[23Nov2025 22:01:51.044] [main/DEBUG] [net.minecraftforge.fml.loading.moddiscovery.ModFile/LOADING]: Loading mod file /workspaces/expert-doodle/servidor_minecraft/libraries/net/minecraftforge/forge/1.20.1-47.3.7/forge-1.20.1-47.3.7-universal.jar with languages [LanguageSpec[languageName=javafml, acceptedVersions=[24,]]]
[23Nov2025 22:01:51.046] [main/DEBUG] [net.minecraftforge.fml.loading.moddiscovery.ModFileParser/LOADING]: Found coremod field_to_method with Javascript path coremods/field_to_method.js
[23Nov2025 22:01:51.046] [main/DEBUG] [net.minecraftforge.fml.loading.moddiscovery.ModFileParser/LOADING]: Found coremod field_to_instanceof with Javascript path coremods/field_to_instanceof.js
[23Nov2025 22:01:51.046] [main/DEBUG] [net.minecraftforge.fml.loading.moddiscovery.ModFileParser/LOADING]: Found coremod add_bouncer_method with Javascript path coremods/add_bouncer_method.js
[23Nov2025 22:01:51.046] [main/DEBUG] [net.minecraftforge.fml.loading.moddiscovery.ModFileParser/LOADING]: Found coremod method_redirector with Javascript path coremods/method_redirector.js
[23Nov2025 22:01:51.046] [main/DEBUG] [net.minecraftforge.fml.loading.moddiscovery.ModFile/LOADING]: Found coremod coremods/field_to_method.js
[23Nov2025 22:01:51.046] [main/DEBUG] [net.minecraftforge.fml.loading.moddiscovery.ModFile/LOADING]: Found coremod coremods/field_to_instanceof.js
[23Nov2025 22:01:51.046] [main/DEBUG] [net.minecraftforge.fml.loading.moddiscovery.ModFile/LOADING]: Found coremod coremods/add_bouncer_method.js
[23Nov2025 22:01:51.047] [main/DEBUG] [net.minecraftforge.fml.loading.moddiscovery.ModFile/LOADING]: Found coremod coremods/method_redirector.js
[23Nov2025 22:01:51.047] [main/DEBUG] [net.minecraftforge.fml.loading.moddiscovery.ModFileParser/LOADING]: Considering mod file candidate /workspaces/expert-doodle/servidor_minecraft/mods/letsdo-farm_and_charm-forge-1.0.14.jar
[23Nov2025 22:01:51.047] [main/DEBUG] [net.minecraftforge.fml.loading.moddiscovery.ModFileInfo/LOADING]: Found valid mod file letsdo-farm_and_charm-forge-1.0.14.jar with {farm_and_charm} mods - versions {1.0.14}
[23Nov2025 22:01:51.047] [main/DEBUG] [net.minecraftforge.fml.loading.moddiscovery.ModFile/LOADING]: Loading mod file /workspaces/expert-doodle/servidor_minecraft/mods/letsdo-farm_and_charm-forge-1.0.14.jar with languages [LanguageSpec[languageName=javafml, acceptedVersions=[47,)]]
[23Nov2025 22:01:51.047] [main/DEBUG] [net.minecraftforge.fml.loading.moddiscovery.ModFile/LOADING]: Loading mod file  with languages []
[23Nov2025 22:01:51.048] [main/DEBUG] [net.minecraftforge.fml.loading.moddiscovery.ModFile/LOADING]: Loading mod file  with languages []
[23Nov2025 22:01:51.048] [main/DEBUG] [net.minecraftforge.fml.loading.moddiscovery.ModFile/LOADING]: Loading mod file  with languages []
[23Nov2025 22:01:51.048] [main/DEBUG] [net.minecraftforge.fml.loading.moddiscovery.ModFile/LOADING]: Loading mod file  with languages []
[23Nov2025 22:01:51.048] [main/DEBUG] [net.minecraftforge.fml.loading.moddiscovery.ModFile/LOADING]: Loading mod file  with languages []
[23Nov2025 22:01:51.048] [main/DEBUG] [net.minecraftforge.fml.loading.moddiscovery.ModFileParser/LOADING]: Considering mod file candidate 
[23Nov2025 22:01:51.049] [main/DEBUG] [net.minecraftforge.fml.loading.moddiscovery.ModFileInfo/LOADING]: Found valid mod file mixinextras-forge-0.4.1.jar with {mixinextras} mods - versions {0.4.1}
[23Nov2025 22:01:51.049] [main/DEBUG] [net.minecraftforge.fml.loading.moddiscovery.ModFile/LOADING]: Loading mod file  with languages [LanguageSpec[languageName=javafml, acceptedVersions=*]]
[23Nov2025 22:01:51.049] [main/DEBUG] [net.minecraftforge.fml.loading.moddiscovery.ModFile/LOADING]: Loading mod file  with languages []
[23Nov2025 22:01:51.049] [main/DEBUG] [net.minecraftforge.fml.loading.moddiscovery.ModFile/LOADING]: Loading mod file  with languages []
[23Nov2025 22:01:51.049] [main/DEBUG] [net.minecraftforge.fml.loading.moddiscovery.ModFile/LOADING]: Loading mod file  with languages []
[23Nov2025 22:01:51.049] [main/DEBUG] [net.minecraftforge.fml.loading.moddiscovery.ModFile/LOADING]: Loading mod file  with languages []
[23Nov2025 22:01:51.049] [main/DEBUG] [net.minecraftforge.fml.loading.moddiscovery.ModFile/LOADING]: Loading mod file  with languages []
[23Nov2025 22:01:51.050] [main/DEBUG] [net.minecraftforge.fml.loading.moddiscovery.ModFile/LOADING]: Loading mod file  with languages []
[23Nov2025 22:01:51.050] [main/DEBUG] [net.minecraftforge.fml.loading.moddiscovery.ModFile/LOADING]: Loading mod file  with languages []
[23Nov2025 22:01:51.050] [main/DEBUG] [net.minecraftforge.fml.loading.moddiscovery.ModFileParser/LOADING]: Considering mod file candidate 
[23Nov2025 22:01:51.050] [main/DEBUG] [net.minecraftforge.fml.loading.moddiscovery.ModFileInfo/LOADING]: Found valid mod file mixinextras-forge-0.4.1.jar with {mixinextras} mods - versions {0.4.1}
[23Nov2025 22:01:51.050] [main/DEBUG] [net.minecraftforge.fml.loading.moddiscovery.ModFile/LOADING]: Loading mod file  with languages [LanguageSpec[languageName=javafml, acceptedVersions=*]]
[23Nov2025 22:01:51.050] [main/DEBUG] [net.minecraftforge.fml.loading.moddiscovery.ModFile/LOADING]: Loading mod file  with languages []
[23Nov2025 22:01:51.051] [main/DEBUG] [net.minecraftforge.fml.loading.moddiscovery.ModFile/LOADING]: Loading mod file  with languages []
[23Nov2025 22:01:51.051] [main/DEBUG] [cpw.mods.modlauncher.TransformationServiceDecorator/MODLAUNCHER]: End scan trigger - transformation service fml
[23Nov2025 22:01:51.059] [main/DEBUG] [net.minecraftforge.fml.loading.LanguageLoadingProvider/CORE]: Found 3 language providers
[23Nov2025 22:01:51.060] [main/DEBUG] [net.minecraftforge.fml.loading.LanguageLoadingProvider/CORE]: Found language provider minecraft, version 1.0
[23Nov2025 22:01:51.060] [main/DEBUG] [net.minecraftforge.fml.loading.LanguageLoadingProvider/CORE]: Found language provider lowcodefml, version 47
[23Nov2025 22:01:51.060] [main/DEBUG] [net.minecraftforge.fml.loading.LanguageLoadingProvider/CORE]: Found language provider javafml, version 47
[23Nov2025 22:01:51.064] [main/DEBUG] [net.minecraftforge.fml.loading.UniqueModListBuilder/]: Found 2 mods for first modid jankson, selecting most recent based on version data
[23Nov2025 22:01:51.064] [main/DEBUG] [net.minecraftforge.fml.loading.UniqueModListBuilder/]: Selected file jankson-1.2.1.jar for modid jankson with version 0.0NONE
[23Nov2025 22:01:51.064] [main/DEBUG] [net.minecraftforge.fml.loading.UniqueModListBuilder/]: Found 2 mods for first modid luaj.jse.figura, selecting most recent based on version data
[23Nov2025 22:01:51.065] [main/DEBUG] [net.minecraftforge.fml.loading.UniqueModListBuilder/]: Selected file luaj-jse-3.0.8-figura.jar for modid luaj.jse.figura with version 0.0NONE
[23Nov2025 22:01:51.065] [main/DEBUG] [net.minecraftforge.fml.loading.UniqueModListBuilder/]: Found 2 mods for first modid org.apache.bcel, selecting most recent based on version data
[23Nov2025 22:01:51.065] [main/DEBUG] [net.minecraftforge.fml.loading.UniqueModListBuilder/]: Selected file bcel-6.6.1.jar for modid org.apache.bcel with version 6.6.1
[23Nov2025 22:01:51.065] [main/DEBUG] [net.minecraftforge.fml.loading.UniqueModListBuilder/]: Found 2 mods for first modid luaj.core.figura, selecting most recent based on version data
[23Nov2025 22:01:51.065] [main/DEBUG] [net.minecraftforge.fml.loading.UniqueModListBuilder/]: Selected file luaj-core-3.0.8-figura.jar for modid luaj.core.figura with version 0.0NONE
[23Nov2025 22:01:51.065] [main/DEBUG] [net.minecraftforge.fml.loading.UniqueModListBuilder/]: Found 2 mods for first modid Registrate.MC1._20, selecting most recent based on version data
[23Nov2025 22:01:51.065] [main/DEBUG] [net.minecraftforge.fml.loading.UniqueModListBuilder/]: Selected file Registrate-MC1.20-1.3.3.jar for modid Registrate.MC1._20 with version 0.0NONE
[23Nov2025 22:01:51.065] [main/DEBUG] [net.minecraftforge.fml.loading.UniqueModListBuilder/]: Found 2 mods for first modid mixinextras, selecting most recent based on version data
[23Nov2025 22:01:51.065] [main/DEBUG] [net.minecraftforge.fml.loading.UniqueModListBuilder/]: Selected file mixinextras-forge-0.4.1.jar for modid mixinextras with version 0.4.1
[23Nov2025 22:01:51.066] [main/DEBUG] [net.minecraftforge.fml.loading.UniqueModListBuilder/]: Found 2 mods for first modid MixinExtras, selecting most recent based on version data
[23Nov2025 22:01:51.066] [main/DEBUG] [net.minecraftforge.fml.loading.UniqueModListBuilder/]: Selected file MixinExtras-0.4.1.jar for modid MixinExtras with version 0.0NONE
[23Nov2025 22:01:51.066] [main/DEBUG] [net.minecraftforge.fml.loading.UniqueModListBuilder/]: Found 2 mods for first modid commons.math3, selecting most recent based on version data
[23Nov2025 22:01:51.066] [main/DEBUG] [net.minecraftforge.fml.loading.UniqueModListBuilder/]: Selected file commons-math3-3.6.1.jar for modid commons.math3 with version 3.6.1
[23Nov2025 22:01:51.067] [main/DEBUG] [net.minecraftforge.fml.loading.ModSorter/]: Configured system mods: [minecraft, forge]
[23Nov2025 22:01:51.067] [main/DEBUG] [net.minecraftforge.fml.loading.ModSorter/]: Found system mod: minecraft
[23Nov2025 22:01:51.067] [main/DEBUG] [net.minecraftforge.fml.loading.ModSorter/]: Found system mod: forge
[23Nov2025 22:01:51.069] [main/DEBUG] [net.minecraftforge.fml.loading.ModSorter/LOADING]: Found 46 mod requirements (41 mandatory, 5 optional)
[23Nov2025 22:01:51.070] [main/DEBUG] [net.minecraftforge.fml.loading.ModSorter/LOADING]: Found 0 mod requirements missing (0 mandatory, 0 optional)
[23Nov2025 22:01:51.716] [main/DEBUG] [cpw.mods.modlauncher.TransformationServicesHandler/MODLAUNCHER]: Transformation services loading transformers
[23Nov2025 22:01:51.717] [main/DEBUG] [cpw.mods.modlauncher.TransformationServiceDecorator/MODLAUNCHER]: Initializing transformers for transformation service mixin
[23Nov2025 22:01:51.717] [main/DEBUG] [cpw.mods.modlauncher.TransformationServiceDecorator/MODLAUNCHER]: Initialized transformers for transformation service mixin
[23Nov2025 22:01:51.717] [main/DEBUG] [cpw.mods.modlauncher.TransformationServiceDecorator/MODLAUNCHER]: Initializing transformers for transformation service fml
[23Nov2025 22:01:51.718] [main/DEBUG] [net.minecraftforge.fml.loading.FMLServiceProvider/CORE]: Loading coremod transformers
[23Nov2025 22:01:51.718] [main/DEBUG] [net.minecraftforge.coremod.CoreModEngine/COREMOD]: Loading CoreMod from coremods/field_to_method.js
[23Nov2025 22:01:52.075] [main/DEBUG] [net.minecraftforge.coremod.CoreModEngine/COREMOD]: CoreMod loaded successfully
[23Nov2025 22:01:52.075] [main/DEBUG] [net.minecraftforge.coremod.CoreModEngine/COREMOD]: Loading CoreMod from coremods/field_to_instanceof.js
[23Nov2025 22:01:52.136] [main/DEBUG] [net.minecraftforge.coremod.CoreModEngine/COREMOD]: CoreMod loaded successfully
[23Nov2025 22:01:52.136] [main/DEBUG] [net.minecraftforge.coremod.CoreModEngine/COREMOD]: Loading CoreMod from coremods/add_bouncer_method.js
[23Nov2025 22:01:52.175] [main/DEBUG] [net.minecraftforge.coremod.CoreModEngine/COREMOD]: CoreMod loaded successfully
[23Nov2025 22:01:52.176] [main/DEBUG] [net.minecraftforge.coremod.CoreModEngine/COREMOD]: Loading CoreMod from coremods/method_redirector.js
[23Nov2025 22:01:52.239] [main/DEBUG] [net.minecraftforge.coremod.CoreModEngine/COREMOD]: CoreMod loaded successfully
[23Nov2025 22:01:52.247] [main/DEBUG] [cpw.mods.modlauncher.TransformStore/MODLAUNCHER]: Adding transformer net.minecraftforge.coremod.transformer.CoreModClassTransformer@708f018e to Target : CLASS {Lnet/minecraft/world/level/biome/Biome;} {} {V}
[23Nov2025 22:01:52.248] [main/DEBUG] [cpw.mods.modlauncher.TransformStore/MODLAUNCHER]: Adding transformer net.minecraftforge.coremod.transformer.CoreModClassTransformer@334ebcaa to Target : CLASS {Lnet/minecraft/world/level/levelgen/structure/Structure;} {} {V}
[23Nov2025 22:01:52.248] [main/DEBUG] [cpw.mods.modlauncher.TransformStore/MODLAUNCHER]: Adding transformer net.minecraftforge.coremod.transformer.CoreModClassTransformer@5a0bef24 to Target : CLASS {Lnet/minecraft/world/effect/MobEffectInstance;} {} {V}
[23Nov2025 22:01:52.248] [main/DEBUG] [cpw.mods.modlauncher.TransformStore/MODLAUNCHER]: Adding transformer net.minecraftforge.coremod.transformer.CoreModClassTransformer@6468a7b6 to Target : CLASS {Lnet/minecraft/world/level/block/LiquidBlock;} {} {V}
[23Nov2025 22:01:52.248] [main/DEBUG] [cpw.mods.modlauncher.TransformStore/MODLAUNCHER]: Adding transformer net.minecraftforge.coremod.transformer.CoreModClassTransformer@2f860823 to Target : CLASS {Lnet/minecraft/world/item/BucketItem;} {} {V}
[23Nov2025 22:01:52.248] [main/DEBUG] [cpw.mods.modlauncher.TransformStore/MODLAUNCHER]: Adding transformer net.minecraftforge.coremod.transformer.CoreModClassTransformer@696b4a95 to Target : CLASS {Lnet/minecraft/world/level/block/StairBlock;} {} {V}
[23Nov2025 22:01:52.248] [main/DEBUG] [cpw.mods.modlauncher.TransformStore/MODLAUNCHER]: Adding transformer net.minecraftforge.coremod.transformer.CoreModClassTransformer@6c1cfa53 to Target : CLASS {Lnet/minecraft/world/level/block/FlowerPotBlock;} {} {V}
[23Nov2025 22:01:52.249] [main/DEBUG] [cpw.mods.modlauncher.TransformStore/MODLAUNCHER]: Adding transformer net.minecraftforge.coremod.transformer.CoreModClassTransformer@4d68b571 to Target : CLASS {Lnet/minecraft/world/item/ItemStack;} {} {V}
[23Nov2025 22:01:52.249] [main/DEBUG] [cpw.mods.modlauncher.TransformStore/MODLAUNCHER]: Adding transformer net.minecraftforge.coremod.transformer.CoreModClassTransformer@52b06bef to Target : CLASS {Lnet/minecraft/network/play/client/CClientSettingsPacket;} {} {V}
[23Nov2025 22:01:52.249] [main/DEBUG] [cpw.mods.modlauncher.TransformStore/MODLAUNCHER]: Adding transformer net.minecraftforge.coremod.transformer.CoreModClassTransformer@61bcbcce to Target : CLASS {Lnet/minecraft/world/level/levelgen/PhantomSpawner;} {} {V}
[23Nov2025 22:01:52.249] [main/DEBUG] [cpw.mods.modlauncher.TransformStore/MODLAUNCHER]: Adding transformer net.minecraftforge.coremod.transformer.CoreModClassTransformer@61bcbcce to Target : CLASS {Lnet/minecraft/world/level/levelgen/structure/structures/OceanMonumentPieces$OceanMonumentPiece;} {} {V}
[23Nov2025 22:01:52.249] [main/DEBUG] [cpw.mods.modlauncher.TransformStore/MODLAUNCHER]: Adding transformer net.minecraftforge.coremod.transformer.CoreModClassTransformer@61bcbcce to Target : CLASS {Lnet/minecraft/world/entity/monster/Zombie;} {} {V}
[23Nov2025 22:01:52.249] [main/DEBUG] [cpw.mods.modlauncher.TransformStore/MODLAUNCHER]: Adding transformer net.minecraftforge.coremod.transformer.CoreModClassTransformer@61bcbcce to Target : CLASS {Lnet/minecraft/world/entity/monster/Strider;} {} {V}
[23Nov2025 22:01:52.249] [main/DEBUG] [cpw.mods.modlauncher.TransformStore/MODLAUNCHER]: Adding transformer net.minecraftforge.coremod.transformer.CoreModClassTransformer@61bcbcce to Target : CLASS {Lnet/minecraft/world/level/NaturalSpawner;} {} {V}
[23Nov2025 22:01:52.249] [main/DEBUG] [cpw.mods.modlauncher.TransformStore/MODLAUNCHER]: Adding transformer net.minecraftforge.coremod.transformer.CoreModClassTransformer@61bcbcce to Target : CLASS {Lnet/minecraft/server/commands/SummonCommand;} {} {V}
[23Nov2025 22:01:52.249] [main/DEBUG] [cpw.mods.modlauncher.TransformStore/MODLAUNCHER]: Adding transformer net.minecraftforge.coremod.transformer.CoreModClassTransformer@61bcbcce to Target : CLASS {Lnet/minecraft/world/entity/animal/horse/SkeletonTrapGoal;} {} {V}
[23Nov2025 22:01:52.249] [main/DEBUG] [cpw.mods.modlauncher.TransformStore/MODLAUNCHER]: Adding transformer net.minecraftforge.coremod.transformer.CoreModClassTransformer@61bcbcce to Target : CLASS {Lnet/minecraft/world/level/levelgen/PatrolSpawner;} {} {V}
[23Nov2025 22:01:52.249] [main/DEBUG] [cpw.mods.modlauncher.TransformStore/MODLAUNCHER]: Adding transformer net.minecraftforge.coremod.transformer.CoreModClassTransformer@61bcbcce to Target : CLASS {Lnet/minecraft/world/level/levelgen/structure/structures/WoodlandMansionPieces$WoodlandMansionPiece;} {} {V}
[23Nov2025 22:01:52.249] [main/DEBUG] [cpw.mods.modlauncher.TransformStore/MODLAUNCHER]: Adding transformer net.minecraftforge.coremod.transformer.CoreModClassTransformer@61bcbcce to Target : CLASS {Lnet/minecraft/server/commands/RaidCommand;} {} {V}
[23Nov2025 22:01:52.250] [main/DEBUG] [cpw.mods.modlauncher.TransformStore/MODLAUNCHER]: Adding transformer net.minecraftforge.coremod.transformer.CoreModClassTransformer@61bcbcce to Target : CLASS {Lnet/minecraft/world/entity/ai/village/VillageSiege;} {} {V}
[23Nov2025 22:01:52.250] [main/DEBUG] [cpw.mods.modlauncher.TransformStore/MODLAUNCHER]: Adding transformer net.minecraftforge.coremod.transformer.CoreModClassTransformer@61bcbcce to Target : CLASS {Lnet/minecraft/world/level/levelgen/structure/structures/OceanRuinPieces$OceanRuinPiece;} {} {V}
[23Nov2025 22:01:52.250] [main/DEBUG] [cpw.mods.modlauncher.TransformStore/MODLAUNCHER]: Adding transformer net.minecraftforge.coremod.transformer.CoreModClassTransformer@61bcbcce to Target : CLASS {Lnet/minecraft/world/level/levelgen/structure/templatesystem/StructureTemplate;} {} {V}
[23Nov2025 22:01:52.250] [main/DEBUG] [cpw.mods.modlauncher.TransformStore/MODLAUNCHER]: Adding transformer net.minecraftforge.coremod.transformer.CoreModClassTransformer@61bcbcce to Target : CLASS {Lnet/minecraft/world/entity/animal/frog/Tadpole;} {} {V}
[23Nov2025 22:01:52.250] [main/DEBUG] [cpw.mods.modlauncher.TransformStore/MODLAUNCHER]: Adding transformer net.minecraftforge.coremod.transformer.CoreModClassTransformer@61bcbcce to Target : CLASS {Lnet/minecraft/world/entity/monster/Evoker$EvokerSummonSpellGoal;} {} {V}
[23Nov2025 22:01:52.250] [main/DEBUG] [cpw.mods.modlauncher.TransformStore/MODLAUNCHER]: Adding transformer net.minecraftforge.coremod.transformer.CoreModClassTransformer@61bcbcce to Target : CLASS {Lnet/minecraft/world/level/levelgen/structure/structures/SwampHutPiece;} {} {V}
[23Nov2025 22:01:52.250] [main/DEBUG] [cpw.mods.modlauncher.TransformStore/MODLAUNCHER]: Adding transformer net.minecraftforge.coremod.transformer.CoreModClassTransformer@61bcbcce to Target : CLASS {Lnet/minecraft/world/entity/npc/CatSpawner;} {} {V}
[23Nov2025 22:01:52.250] [main/DEBUG] [cpw.mods.modlauncher.TransformStore/MODLAUNCHER]: Adding transformer net.minecraftforge.coremod.transformer.CoreModClassTransformer@61bcbcce to Target : CLASS {Lnet/minecraft/world/entity/EntityType;} {} {V}
[23Nov2025 22:01:52.250] [main/DEBUG] [cpw.mods.modlauncher.TransformStore/MODLAUNCHER]: Adding transformer net.minecraftforge.coremod.transformer.CoreModClassTransformer@61bcbcce to Target : CLASS {Lnet/minecraft/world/entity/monster/ZombieVillager;} {} {V}
[23Nov2025 22:01:52.250] [main/DEBUG] [cpw.mods.modlauncher.TransformStore/MODLAUNCHER]: Adding transformer net.minecraftforge.coremod.transformer.CoreModClassTransformer@61bcbcce to Target : CLASS {Lnet/minecraft/world/entity/monster/Spider;} {} {V}
[23Nov2025 22:01:52.250] [main/DEBUG] [cpw.mods.modlauncher.TransformStore/MODLAUNCHER]: Adding transformer net.minecraftforge.coremod.transformer.CoreModClassTransformer@61bcbcce to Target : CLASS {Lnet/minecraft/world/entity/npc/Villager;} {} {V}
[23Nov2025 22:01:52.251] [main/DEBUG] [cpw.mods.modlauncher.TransformStore/MODLAUNCHER]: Adding transformer net.minecraftforge.coremod.transformer.CoreModClassTransformer@61bcbcce to Target : CLASS {Lnet/minecraft/world/entity/raid/Raid;} {} {V}
[23Nov2025 22:01:52.251] [main/DEBUG] [cpw.mods.modlauncher.TransformationServiceDecorator/MODLAUNCHER]: Initialized transformers for transformation service fml
[23Nov2025 22:01:53.112] [main/DEBUG] [mixin/]: Processing prepare() for PlatformAgent[MixinPlatformAgentDefault:ModLauncher Root Container(ModLauncher:4f56a0a2)]
[23Nov2025 22:01:53.113] [main/DEBUG] [mixin/]: Processing launch tasks for PlatformAgent[MixinPlatformAgentDefault:ModLauncher Root Container(ModLauncher:4f56a0a2)]
[23Nov2025 22:01:53.113] [main/DEBUG] [mixin/]: Adding mixin platform agents for container SecureJarResource(minecraft)
[23Nov2025 22:01:53.113] [main/DEBUG] [mixin/]: Instancing new MixinPlatformAgentMinecraftForge for SecureJarResource(minecraft)
[23Nov2025 22:01:53.113] [main/DEBUG] [mixin/]: MixinPlatformAgentMinecraftForge rejected container SecureJarResource(minecraft)
[23Nov2025 22:01:53.113] [main/DEBUG] [mixin/]: Instancing new MixinPlatformAgentDefault for SecureJarResource(minecraft)
[23Nov2025 22:01:53.113] [main/DEBUG] [mixin/]: MixinPlatformAgentDefault accepted container SecureJarResource(minecraft)
[23Nov2025 22:01:53.113] [main/DEBUG] [mixin/]: Processing prepare() for PlatformAgent[MixinPlatformAgentDefault:SecureJarResource(minecraft)]
[23Nov2025 22:01:53.113] [main/DEBUG] [mixin/]: Adding mixin platform agents for container SecureJarResource(farmersdelight)
[23Nov2025 22:01:53.113] [main/DEBUG] [mixin/]: Instancing new MixinPlatformAgentMinecraftForge for SecureJarResource(farmersdelight)
[23Nov2025 22:01:53.114] [main/DEBUG] [mixin/]: MixinPlatformAgentMinecraftForge rejected container SecureJarResource(farmersdelight)
[23Nov2025 22:01:53.114] [main/DEBUG] [mixin/]: Instancing new MixinPlatformAgentDefault for SecureJarResource(farmersdelight)
[23Nov2025 22:01:53.114] [main/DEBUG] [mixin/]: MixinPlatformAgentDefault accepted container SecureJarResource(farmersdelight)
[23Nov2025 22:01:53.114] [main/DEBUG] [mixin/]: Processing prepare() for PlatformAgent[MixinPlatformAgentDefault:SecureJarResource(farmersdelight)]
[23Nov2025 22:01:53.114] [main/DEBUG] [mixin/]: Registering mixin config: farmersdelight.mixins.json
[23Nov2025 22:01:53.130] [main/DEBUG] [mixin/]: Compatibility level JAVA_17 specified by farmersdelight.mixins.json is higher than the maximum level supported by this version of mixin (JAVA_13).
[23Nov2025 22:01:53.134] [main/INFO] [mixin/]: Compatibility level set to JAVA_17
[23Nov2025 22:01:53.135] [main/DEBUG] [mixin/]: Adding mixin platform agents for container SecureJarResource(jade)
[23Nov2025 22:01:53.135] [main/DEBUG] [mixin/]: Instancing new MixinPlatformAgentMinecraftForge for SecureJarResource(jade)
[23Nov2025 22:01:53.135] [main/DEBUG] [mixin/]: MixinPlatformAgentMinecraftForge rejected container SecureJarResource(jade)
[23Nov2025 22:01:53.135] [main/DEBUG] [mixin/]: Instancing new MixinPlatformAgentDefault for SecureJarResource(jade)
[23Nov2025 22:01:53.135] [main/DEBUG] [mixin/]: MixinPlatformAgentDefault accepted container SecureJarResource(jade)
[23Nov2025 22:01:53.135] [main/DEBUG] [mixin/]: Processing prepare() for PlatformAgent[MixinPlatformAgentDefault:SecureJarResource(jade)]
[23Nov2025 22:01:53.135] [main/DEBUG] [mixin/]: Registering mixin config: jade.mixins.json
[23Nov2025 22:01:53.137] [main/DEBUG] [mixin/]: Compatibility level JAVA_16 specified by jade.mixins.json is higher than the maximum level supported by this version of mixin (JAVA_13).
[23Nov2025 22:01:53.138] [main/DEBUG] [mixin/]: Adding mixin platform agents for container SecureJarResource(pizzadelight)
[23Nov2025 22:01:53.138] [main/DEBUG] [mixin/]: Instancing new MixinPlatformAgentMinecraftForge for SecureJarResource(pizzadelight)
[23Nov2025 22:01:53.138] [main/DEBUG] [mixin/]: MixinPlatformAgentMinecraftForge rejected container SecureJarResource(pizzadelight)
[23Nov2025 22:01:53.138] [main/DEBUG] [mixin/]: Instancing new MixinPlatformAgentDefault for SecureJarResource(pizzadelight)
[23Nov2025 22:01:53.138] [main/DEBUG] [mixin/]: MixinPlatformAgentDefault accepted container SecureJarResource(pizzadelight)
[23Nov2025 22:01:53.138] [main/DEBUG] [mixin/]: Processing prepare() for PlatformAgent[MixinPlatformAgentDefault:SecureJarResource(pizzadelight)]
[23Nov2025 22:01:53.138] [main/DEBUG] [mixin/]: Adding mixin platform agents for container SecureJarResource(jei)
[23Nov2025 22:01:53.138] [main/DEBUG] [mixin/]: Instancing new MixinPlatformAgentMinecraftForge for SecureJarResource(jei)
[23Nov2025 22:01:53.138] [main/DEBUG] [mixin/]: MixinPlatformAgentMinecraftForge rejected container SecureJarResource(jei)
[23Nov2025 22:01:53.138] [main/DEBUG] [mixin/]: Instancing new MixinPlatformAgentDefault for SecureJarResource(jei)
[23Nov2025 22:01:53.138] [main/DEBUG] [mixin/]: MixinPlatformAgentDefault accepted container SecureJarResource(jei)
[23Nov2025 22:01:53.138] [main/DEBUG] [mixin/]: Processing prepare() for PlatformAgent[MixinPlatformAgentDefault:SecureJarResource(jei)]
[23Nov2025 22:01:53.139] [main/DEBUG] [mixin/]: Adding mixin platform agents for container SecureJarResource(tacz)
[23Nov2025 22:01:53.139] [main/DEBUG] [mixin/]: Instancing new MixinPlatformAgentMinecraftForge for SecureJarResource(tacz)
[23Nov2025 22:01:53.139] [main/DEBUG] [mixin/]: MixinPlatformAgentMinecraftForge rejected container SecureJarResource(tacz)
[23Nov2025 22:01:53.139] [main/DEBUG] [mixin/]: Instancing new MixinPlatformAgentDefault for SecureJarResource(tacz)
[23Nov2025 22:01:53.139] [main/DEBUG] [mixin/]: MixinPlatformAgentDefault accepted container SecureJarResource(tacz)
[23Nov2025 22:01:53.139] [main/DEBUG] [mixin/]: Processing prepare() for PlatformAgent[MixinPlatformAgentDefault:SecureJarResource(tacz)]
[23Nov2025 22:01:53.139] [main/DEBUG] [mixin/]: Registering mixin config: tacz.mixins.json
[23Nov2025 22:01:53.141] [main/DEBUG] [mixin/]: Adding mixin platform agents for container SecureJarResource(sophisticatedcore)
[23Nov2025 22:01:53.141] [main/DEBUG] [mixin/]: Instancing new MixinPlatformAgentMinecraftForge for SecureJarResource(sophisticatedcore)
[23Nov2025 22:01:53.141] [main/DEBUG] [mixin/]: MixinPlatformAgentMinecraftForge rejected container SecureJarResource(sophisticatedcore)
[23Nov2025 22:01:53.141] [main/DEBUG] [mixin/]: Instancing new MixinPlatformAgentDefault for SecureJarResource(sophisticatedcore)
[23Nov2025 22:01:53.141] [main/DEBUG] [mixin/]: MixinPlatformAgentDefault accepted container SecureJarResource(sophisticatedcore)
[23Nov2025 22:01:53.141] [main/DEBUG] [mixin/]: Processing prepare() for PlatformAgent[MixinPlatformAgentDefault:SecureJarResource(sophisticatedcore)]
[23Nov2025 22:01:53.141] [main/DEBUG] [mixin/]: Adding mixin platform agents for container SecureJarResource(flywheel)
[23Nov2025 22:01:53.142] [main/DEBUG] [mixin/]: Instancing new MixinPlatformAgentMinecraftForge for SecureJarResource(flywheel)
[23Nov2025 22:01:53.142] [main/DEBUG] [mixin/]: MixinPlatformAgentMinecraftForge rejected container SecureJarResource(flywheel)
[23Nov2025 22:01:53.142] [main/DEBUG] [mixin/]: Instancing new MixinPlatformAgentDefault for SecureJarResource(flywheel)
[23Nov2025 22:01:53.142] [main/DEBUG] [mixin/]: MixinPlatformAgentDefault accepted container SecureJarResource(flywheel)
[23Nov2025 22:01:53.142] [main/DEBUG] [mixin/]: Processing prepare() for PlatformAgent[MixinPlatformAgentDefault:SecureJarResource(flywheel)]
[23Nov2025 22:01:53.142] [main/DEBUG] [mixin/]: Registering mixin config: flywheel.backend.mixins.json
[23Nov2025 22:01:53.144] [main/DEBUG] [mixin/]: Registering mixin config: flywheel.impl.mixins.json
[23Nov2025 22:01:53.146] [main/DEBUG] [mixin/]: Adding mixin platform agents for container SecureJarResource(ponder)
[23Nov2025 22:01:53.146] [main/DEBUG] [mixin/]: Instancing new MixinPlatformAgentMinecraftForge for SecureJarResource(ponder)
[23Nov2025 22:01:53.146] [main/DEBUG] [mixin/]: MixinPlatformAgentMinecraftForge rejected container SecureJarResource(ponder)
[23Nov2025 22:01:53.146] [main/DEBUG] [mixin/]: Instancing new MixinPlatformAgentDefault for SecureJarResource(ponder)
[23Nov2025 22:01:53.147] [main/DEBUG] [mixin/]: MixinPlatformAgentDefault accepted container SecureJarResource(ponder)
[23Nov2025 22:01:53.147] [main/DEBUG] [mixin/]: Processing prepare() for PlatformAgent[MixinPlatformAgentDefault:SecureJarResource(ponder)]
[23Nov2025 22:01:53.147] [main/DEBUG] [mixin/]: Registering mixin config: ponder.mixins.json
[23Nov2025 22:01:53.148] [main/DEBUG] [mixin/]: Registering mixin config: ponder-common.mixins.json
[23Nov2025 22:01:53.150] [main/DEBUG] [mixin/]: Adding mixin platform agents for container SecureJarResource(create)
[23Nov2025 22:01:53.150] [main/DEBUG] [mixin/]: Instancing new MixinPlatformAgentMinecraftForge for SecureJarResource(create)
[23Nov2025 22:01:53.150] [main/DEBUG] [mixin/]: MixinPlatformAgentMinecraftForge rejected container SecureJarResource(create)
[23Nov2025 22:01:53.150] [main/DEBUG] [mixin/]: Instancing new MixinPlatformAgentDefault for SecureJarResource(create)
[23Nov2025 22:01:53.150] [main/DEBUG] [mixin/]: MixinPlatformAgentDefault accepted container SecureJarResource(create)
[23Nov2025 22:01:53.150] [main/DEBUG] [mixin/]: Processing prepare() for PlatformAgent[MixinPlatformAgentDefault:SecureJarResource(create)]
[23Nov2025 22:01:53.151] [main/DEBUG] [mixin/]: Registering mixin config: create.mixins.json
[23Nov2025 22:01:53.152] [main/DEBUG] [mixin/]: Adding mixin platform agents for container SecureJarResource(mynethersdelight)
[23Nov2025 22:01:53.152] [main/DEBUG] [mixin/]: Instancing new MixinPlatformAgentMinecraftForge for SecureJarResource(mynethersdelight)
[23Nov2025 22:01:53.153] [main/DEBUG] [mixin/]: MixinPlatformAgentMinecraftForge rejected container SecureJarResource(mynethersdelight)
[23Nov2025 22:01:53.153] [main/DEBUG] [mixin/]: Instancing new MixinPlatformAgentDefault for SecureJarResource(mynethersdelight)
[23Nov2025 22:01:53.153] [main/DEBUG] [mixin/]: MixinPlatformAgentDefault accepted container SecureJarResource(mynethersdelight)
[23Nov2025 22:01:53.153] [main/DEBUG] [mixin/]: Processing prepare() for PlatformAgent[MixinPlatformAgentDefault:SecureJarResource(mynethersdelight)]
[23Nov2025 22:01:53.153] [main/DEBUG] [mixin/]: Registering mixin config: mynethersdelight.mixins.json
[23Nov2025 22:01:53.154] [main/DEBUG] [mixin/]: Adding mixin platform agents for container SecureJarResource(some_assembly_required)
[23Nov2025 22:01:53.154] [main/DEBUG] [mixin/]: Instancing new MixinPlatformAgentMinecraftForge for SecureJarResource(some_assembly_required)
[23Nov2025 22:01:53.154] [main/DEBUG] [mixin/]: MixinPlatformAgentMinecraftForge rejected container SecureJarResource(some_assembly_required)
[23Nov2025 22:01:53.155] [main/DEBUG] [mixin/]: Instancing new MixinPlatformAgentDefault for SecureJarResource(some_assembly_required)
[23Nov2025 22:01:53.155] [main/DEBUG] [mixin/]: MixinPlatformAgentDefault accepted container SecureJarResource(some_assembly_required)
[23Nov2025 22:01:53.155] [main/DEBUG] [mixin/]: Processing prepare() for PlatformAgent[MixinPlatformAgentDefault:SecureJarResource(some_assembly_required)]
[23Nov2025 22:01:53.155] [main/DEBUG] [mixin/]: Registering mixin config: mixins.some_assembly_required.json
[23Nov2025 22:01:53.156] [main/DEBUG] [mixin/]: Compatibility level JAVA_8 specified by mixins.some_assembly_required.json is lower than the default level supported by the current mixin service (JAVA_16).
[23Nov2025 22:01:53.156] [main/DEBUG] [mixin/]: Adding mixin platform agents for container SecureJarResource(mixinextras)
[23Nov2025 22:01:53.156] [main/DEBUG] [mixin/]: Instancing new MixinPlatformAgentMinecraftForge for SecureJarResource(mixinextras)
[23Nov2025 22:01:53.157] [main/DEBUG] [mixin/]: MixinPlatformAgentMinecraftForge rejected container SecureJarResource(mixinextras)
[23Nov2025 22:01:53.157] [main/DEBUG] [mixin/]: Instancing new MixinPlatformAgentDefault for SecureJarResource(mixinextras)
[23Nov2025 22:01:53.157] [main/DEBUG] [mixin/]: MixinPlatformAgentDefault accepted container SecureJarResource(mixinextras)
[23Nov2025 22:01:53.157] [main/DEBUG] [mixin/]: Processing prepare() for PlatformAgent[MixinPlatformAgentDefault:SecureJarResource(mixinextras)]
[23Nov2025 22:01:53.157] [main/DEBUG] [mixin/]: Registering mixin config: mixinextras.init.mixins.json
[23Nov2025 22:01:53.158] [main/DEBUG] [mixin/]: Adding mixin platform agents for container SecureJarResource(overweight_farming)
[23Nov2025 22:01:53.158] [main/DEBUG] [mixin/]: Instancing new MixinPlatformAgentMinecraftForge for SecureJarResource(overweight_farming)
[23Nov2025 22:01:53.159] [main/DEBUG] [mixin/]: MixinPlatformAgentMinecraftForge rejected container SecureJarResource(overweight_farming)
[23Nov2025 22:01:53.159] [main/DEBUG] [mixin/]: Instancing new MixinPlatformAgentDefault for SecureJarResource(overweight_farming)
[23Nov2025 22:01:53.159] [main/DEBUG] [mixin/]: MixinPlatformAgentDefault accepted container SecureJarResource(overweight_farming)
[23Nov2025 22:01:53.159] [main/DEBUG] [mixin/]: Processing prepare() for PlatformAgent[MixinPlatformAgentDefault:SecureJarResource(overweight_farming)]
[23Nov2025 22:01:53.159] [main/DEBUG] [mixin/]: Registering mixin config: overweight_farming.mixins.json
[23Nov2025 22:01:53.161] [main/DEBUG] [mixin/]: Adding mixin platform agents for container SecureJarResource(sophisticatedbackpacks)
[23Nov2025 22:01:53.161] [main/DEBUG] [mixin/]: Instancing new MixinPlatformAgentMinecraftForge for SecureJarResource(sophisticatedbackpacks)
[23Nov2025 22:01:53.161] [main/DEBUG] [mixin/]: MixinPlatformAgentMinecraftForge rejected container SecureJarResource(sophisticatedbackpacks)
[23Nov2025 22:01:53.161] [main/DEBUG] [mixin/]: Instancing new MixinPlatformAgentDefault for SecureJarResource(sophisticatedbackpacks)
[23Nov2025 22:01:53.161] [main/DEBUG] [mixin/]: MixinPlatformAgentDefault accepted container SecureJarResource(sophisticatedbackpacks)
[23Nov2025 22:01:53.161] [main/DEBUG] [mixin/]: Processing prepare() for PlatformAgent[MixinPlatformAgentDefault:SecureJarResource(sophisticatedbackpacks)]
[23Nov2025 22:01:53.161] [main/DEBUG] [mixin/]: Adding mixin platform agents for container SecureJarResource(rusticdelight)
[23Nov2025 22:01:53.161] [main/DEBUG] [mixin/]: Instancing new MixinPlatformAgentMinecraftForge for SecureJarResource(rusticdelight)
[23Nov2025 22:01:53.162] [main/DEBUG] [mixin/]: MixinPlatformAgentMinecraftForge rejected container SecureJarResource(rusticdelight)
[23Nov2025 22:01:53.162] [main/DEBUG] [mixin/]: Instancing new MixinPlatformAgentDefault for SecureJarResource(rusticdelight)
[23Nov2025 22:01:53.162] [main/DEBUG] [mixin/]: MixinPlatformAgentDefault accepted container SecureJarResource(rusticdelight)
[23Nov2025 22:01:53.162] [main/DEBUG] [mixin/]: Processing prepare() for PlatformAgent[MixinPlatformAgentDefault:SecureJarResource(rusticdelight)]
[23Nov2025 22:01:53.162] [main/DEBUG] [mixin/]: Adding mixin platform agents for container SecureJarResource(architectury)
[23Nov2025 22:01:53.162] [main/DEBUG] [mixin/]: Instancing new MixinPlatformAgentMinecraftForge for SecureJarResource(architectury)
[23Nov2025 22:01:53.162] [main/DEBUG] [mixin/]: MixinPlatformAgentMinecraftForge rejected container SecureJarResource(architectury)
[23Nov2025 22:01:53.162] [main/DEBUG] [mixin/]: Instancing new MixinPlatformAgentDefault for SecureJarResource(architectury)
[23Nov2025 22:01:53.162] [main/DEBUG] [mixin/]: MixinPlatformAgentDefault accepted container SecureJarResource(architectury)
[23Nov2025 22:01:53.162] [main/DEBUG] [mixin/]: Processing prepare() for PlatformAgent[MixinPlatformAgentDefault:SecureJarResource(architectury)]
[23Nov2025 22:01:53.163] [main/DEBUG] [mixin/]: Registering mixin config: architectury.mixins.json
[23Nov2025 22:01:53.164] [main/DEBUG] [mixin/]: Compatibility level JAVA_16 specified by architectury.mixins.json is higher than the maximum level supported by this version of mixin (JAVA_13).
[23Nov2025 22:01:53.164] [main/DEBUG] [mixin/]: Registering mixin config: architectury-common.mixins.json
[23Nov2025 22:01:53.165] [main/DEBUG] [mixin/]: Compatibility level JAVA_16 specified by architectury-common.mixins.json is higher than the maximum level supported by this version of mixin (JAVA_13).
[23Nov2025 22:01:53.166] [main/DEBUG] [mixin/]: Adding mixin platform agents for container SecureJarResource(doapi)
[23Nov2025 22:01:53.166] [main/DEBUG] [mixin/]: Instancing new MixinPlatformAgentMinecraftForge for SecureJarResource(doapi)
[23Nov2025 22:01:53.166] [main/DEBUG] [mixin/]: MixinPlatformAgentMinecraftForge rejected container SecureJarResource(doapi)
[23Nov2025 22:01:53.166] [main/DEBUG] [mixin/]: Instancing new MixinPlatformAgentDefault for SecureJarResource(doapi)
[23Nov2025 22:01:53.166] [main/DEBUG] [mixin/]: MixinPlatformAgentDefault accepted container SecureJarResource(doapi)
[23Nov2025 22:01:53.166] [main/DEBUG] [mixin/]: Processing prepare() for PlatformAgent[MixinPlatformAgentDefault:SecureJarResource(doapi)]
[23Nov2025 22:01:53.166] [main/DEBUG] [mixin/]: Registering mixin config: doapi-common.mixins.json
[23Nov2025 22:01:53.168] [main/DEBUG] [mixin/]: Registering mixin config: doapi.mixins.json
[23Nov2025 22:01:53.169] [main/DEBUG] [mixin/]: Adding mixin platform agents for container SecureJarResource(bakery)
[23Nov2025 22:01:53.169] [main/DEBUG] [mixin/]: Instancing new MixinPlatformAgentMinecraftForge for SecureJarResource(bakery)
[23Nov2025 22:01:53.170] [main/DEBUG] [mixin/]: MixinPlatformAgentMinecraftForge rejected container SecureJarResource(bakery)
[23Nov2025 22:01:53.170] [main/DEBUG] [mixin/]: Instancing new MixinPlatformAgentDefault for SecureJarResource(bakery)
[23Nov2025 22:01:53.170] [main/DEBUG] [mixin/]: MixinPlatformAgentDefault accepted container SecureJarResource(bakery)
[23Nov2025 22:01:53.170] [main/DEBUG] [mixin/]: Processing prepare() for PlatformAgent[MixinPlatformAgentDefault:SecureJarResource(bakery)]
[23Nov2025 22:01:53.170] [main/DEBUG] [mixin/]: Adding mixin platform agents for container SecureJarResource(cloth_config)
[23Nov2025 22:01:53.171] [main/DEBUG] [mixin/]: Instancing new MixinPlatformAgentMinecraftForge for SecureJarResource(cloth_config)
[23Nov2025 22:01:53.171] [main/DEBUG] [mixin/]: MixinPlatformAgentMinecraftForge rejected container SecureJarResource(cloth_config)
[23Nov2025 22:01:53.171] [main/DEBUG] [mixin/]: Instancing new MixinPlatformAgentDefault for SecureJarResource(cloth_config)
[23Nov2025 22:01:53.171] [main/DEBUG] [mixin/]: MixinPlatformAgentDefault accepted container SecureJarResource(cloth_config)
[23Nov2025 22:01:53.171] [main/DEBUG] [mixin/]: Processing prepare() for PlatformAgent[MixinPlatformAgentDefault:SecureJarResource(cloth_config)]
[23Nov2025 22:01:53.171] [main/DEBUG] [mixin/]: Adding mixin platform agents for container SecureJarResource(forge)
[23Nov2025 22:01:53.172] [main/DEBUG] [mixin/]: Instancing new MixinPlatformAgentMinecraftForge for SecureJarResource(forge)
[23Nov2025 22:01:53.172] [main/DEBUG] [mixin/]: MixinPlatformAgentMinecraftForge rejected container SecureJarResource(forge)
[23Nov2025 22:01:53.172] [main/DEBUG] [mixin/]: Instancing new MixinPlatformAgentDefault for SecureJarResource(forge)
[23Nov2025 22:01:53.172] [main/DEBUG] [mixin/]: MixinPlatformAgentDefault accepted container SecureJarResource(forge)
[23Nov2025 22:01:53.172] [main/DEBUG] [mixin/]: Processing prepare() for PlatformAgent[MixinPlatformAgentDefault:SecureJarResource(forge)]
[23Nov2025 22:01:53.172] [main/DEBUG] [mixin/]: Adding mixin platform agents for container SecureJarResource(farm_and_charm)
[23Nov2025 22:01:53.172] [main/DEBUG] [mixin/]: Instancing new MixinPlatformAgentMinecraftForge for SecureJarResource(farm_and_charm)
[23Nov2025 22:01:53.173] [main/DEBUG] [mixin/]: MixinPlatformAgentMinecraftForge rejected container SecureJarResource(farm_and_charm)
[23Nov2025 22:01:53.173] [main/DEBUG] [mixin/]: Instancing new MixinPlatformAgentDefault for SecureJarResource(farm_and_charm)
[23Nov2025 22:01:53.173] [main/DEBUG] [mixin/]: MixinPlatformAgentDefault accepted container SecureJarResource(farm_and_charm)
[23Nov2025 22:01:53.173] [main/DEBUG] [mixin/]: Processing prepare() for PlatformAgent[MixinPlatformAgentDefault:SecureJarResource(farm_and_charm)]
[23Nov2025 22:01:53.173] [main/DEBUG] [mixin/]: Registering mixin config: FarmAndCharm-common.mixins.json
[23Nov2025 22:01:53.175] [main/DEBUG] [mixin/]: Registering mixin config: FarmAndCharm.mixins.json
[23Nov2025 22:01:53.177] [main/DEBUG] [mixin/]: Adding mixin platform agents for container SecureJarResource(jankson)
[23Nov2025 22:01:53.177] [main/DEBUG] [mixin/]: Instancing new MixinPlatformAgentMinecraftForge for SecureJarResource(jankson)
[23Nov2025 22:01:53.177] [main/DEBUG] [mixin/]: MixinPlatformAgentMinecraftForge rejected container SecureJarResource(jankson)
[23Nov2025 22:01:53.177] [main/DEBUG] [mixin/]: Instancing new MixinPlatformAgentDefault for SecureJarResource(jankson)
[23Nov2025 22:01:53.177] [main/DEBUG] [mixin/]: MixinPlatformAgentDefault accepted container SecureJarResource(jankson)
[23Nov2025 22:01:53.178] [main/DEBUG] [mixin/]: Processing prepare() for PlatformAgent[MixinPlatformAgentDefault:SecureJarResource(jankson)]
[23Nov2025 22:01:53.178] [main/DEBUG] [mixin/]: Adding mixin platform agents for container SecureJarResource(luaj.jse.figura)
[23Nov2025 22:01:53.178] [main/DEBUG] [mixin/]: Instancing new MixinPlatformAgentMinecraftForge for SecureJarResource(luaj.jse.figura)
[23Nov2025 22:01:53.178] [main/DEBUG] [mixin/]: MixinPlatformAgentMinecraftForge rejected container SecureJarResource(luaj.jse.figura)
[23Nov2025 22:01:53.178] [main/DEBUG] [mixin/]: Instancing new MixinPlatformAgentDefault for SecureJarResource(luaj.jse.figura)
[23Nov2025 22:01:53.178] [main/DEBUG] [mixin/]: MixinPlatformAgentDefault accepted container SecureJarResource(luaj.jse.figura)
[23Nov2025 22:01:53.178] [main/DEBUG] [mixin/]: Processing prepare() for PlatformAgent[MixinPlatformAgentDefault:SecureJarResource(luaj.jse.figura)]
[23Nov2025 22:01:53.178] [main/DEBUG] [mixin/]: Adding mixin platform agents for container SecureJarResource(org.apache.bcel)
[23Nov2025 22:01:53.178] [main/DEBUG] [mixin/]: Instancing new MixinPlatformAgentMinecraftForge for SecureJarResource(org.apache.bcel)
[23Nov2025 22:01:53.178] [main/DEBUG] [mixin/]: MixinPlatformAgentMinecraftForge rejected container SecureJarResource(org.apache.bcel)
[23Nov2025 22:01:53.179] [main/DEBUG] [mixin/]: Instancing new MixinPlatformAgentDefault for SecureJarResource(org.apache.bcel)
[23Nov2025 22:01:53.179] [main/DEBUG] [mixin/]: MixinPlatformAgentDefault accepted container SecureJarResource(org.apache.bcel)
[23Nov2025 22:01:53.179] [main/DEBUG] [mixin/]: Processing prepare() for PlatformAgent[MixinPlatformAgentDefault:SecureJarResource(org.apache.bcel)]
[23Nov2025 22:01:53.179] [main/DEBUG] [mixin/]: Adding mixin platform agents for container SecureJarResource(luaj.core.figura)
[23Nov2025 22:01:53.179] [main/DEBUG] [mixin/]: Instancing new MixinPlatformAgentMinecraftForge for SecureJarResource(luaj.core.figura)
[23Nov2025 22:01:53.179] [main/DEBUG] [mixin/]: MixinPlatformAgentMinecraftForge rejected container SecureJarResource(luaj.core.figura)
[23Nov2025 22:01:53.179] [main/DEBUG] [mixin/]: Instancing new MixinPlatformAgentDefault for SecureJarResource(luaj.core.figura)
[23Nov2025 22:01:53.179] [main/DEBUG] [mixin/]: MixinPlatformAgentDefault accepted container SecureJarResource(luaj.core.figura)
[23Nov2025 22:01:53.179] [main/DEBUG] [mixin/]: Processing prepare() for PlatformAgent[MixinPlatformAgentDefault:SecureJarResource(luaj.core.figura)]
[23Nov2025 22:01:53.179] [main/DEBUG] [mixin/]: Adding mixin platform agents for container SecureJarResource(Registrate.MC1._20)
[23Nov2025 22:01:53.179] [main/DEBUG] [mixin/]: Instancing new MixinPlatformAgentMinecraftForge for SecureJarResource(Registrate.MC1._20)
[23Nov2025 22:01:53.179] [main/DEBUG] [mixin/]: MixinPlatformAgentMinecraftForge rejected container SecureJarResource(Registrate.MC1._20)
[23Nov2025 22:01:53.180] [main/DEBUG] [mixin/]: Instancing new MixinPlatformAgentDefault for SecureJarResource(Registrate.MC1._20)
[23Nov2025 22:01:53.180] [main/DEBUG] [mixin/]: MixinPlatformAgentDefault accepted container SecureJarResource(Registrate.MC1._20)
[23Nov2025 22:01:53.180] [main/DEBUG] [mixin/]: Processing prepare() for PlatformAgent[MixinPlatformAgentDefault:SecureJarResource(Registrate.MC1._20)]
[23Nov2025 22:01:53.180] [main/DEBUG] [mixin/]: Adding mixin platform agents for container SecureJarResource(MixinExtras)
[23Nov2025 22:01:53.180] [main/DEBUG] [mixin/]: Instancing new MixinPlatformAgentMinecraftForge for SecureJarResource(MixinExtras)
[23Nov2025 22:01:53.181] [main/DEBUG] [mixin/]: MixinPlatformAgentMinecraftForge rejected container SecureJarResource(MixinExtras)
[23Nov2025 22:01:53.181] [main/DEBUG] [mixin/]: Instancing new MixinPlatformAgentDefault for SecureJarResource(MixinExtras)
[23Nov2025 22:01:53.181] [main/DEBUG] [mixin/]: MixinPlatformAgentDefault accepted container SecureJarResource(MixinExtras)
[23Nov2025 22:01:53.181] [main/DEBUG] [mixin/]: Processing prepare() for PlatformAgent[MixinPlatformAgentDefault:SecureJarResource(MixinExtras)]
[23Nov2025 22:01:53.181] [main/DEBUG] [mixin/]: Adding mixin platform agents for container SecureJarResource(commons.math3)
[23Nov2025 22:01:53.181] [main/DEBUG] [mixin/]: Instancing new MixinPlatformAgentMinecraftForge for SecureJarResource(commons.math3)
[23Nov2025 22:01:53.182] [main/DEBUG] [mixin/]: MixinPlatformAgentMinecraftForge rejected container SecureJarResource(commons.math3)
[23Nov2025 22:01:53.182] [main/DEBUG] [mixin/]: Instancing new MixinPlatformAgentDefault for SecureJarResource(commons.math3)
[23Nov2025 22:01:53.182] [main/DEBUG] [mixin/]: MixinPlatformAgentDefault accepted container SecureJarResource(commons.math3)
[23Nov2025 22:01:53.182] [main/DEBUG] [mixin/]: Processing prepare() for PlatformAgent[MixinPlatformAgentDefault:SecureJarResource(commons.math3)]
[23Nov2025 22:01:53.182] [main/DEBUG] [mixin/]: inject() running with 30 agents
[23Nov2025 22:01:53.182] [main/DEBUG] [mixin/]: Processing inject() for PlatformAgent[MixinPlatformAgentDefault:ModLauncher Root Container(ModLauncher:4f56a0a2)]
[23Nov2025 22:01:53.183] [main/DEBUG] [mixin/]: Processing inject() for PlatformAgent[MixinPlatformAgentDefault:SecureJarResource(minecraft)]
[23Nov2025 22:01:53.183] [main/DEBUG] [mixin/]: Processing inject() for PlatformAgent[MixinPlatformAgentDefault:SecureJarResource(farmersdelight)]
[23Nov2025 22:01:53.183] [main/DEBUG] [mixin/]: Processing inject() for PlatformAgent[MixinPlatformAgentDefault:SecureJarResource(jade)]
[23Nov2025 22:01:53.183] [main/DEBUG] [mixin/]: Processing inject() for PlatformAgent[MixinPlatformAgentDefault:SecureJarResource(pizzadelight)]
[23Nov2025 22:01:53.183] [main/DEBUG] [mixin/]: Processing inject() for PlatformAgent[MixinPlatformAgentDefault:SecureJarResource(jei)]
[23Nov2025 22:01:53.183] [main/DEBUG] [mixin/]: Processing inject() for PlatformAgent[MixinPlatformAgentDefault:SecureJarResource(tacz)]
[23Nov2025 22:01:53.184] [main/DEBUG] [mixin/]: Processing inject() for PlatformAgent[MixinPlatformAgentDefault:SecureJarResource(sophisticatedcore)]
[23Nov2025 22:01:53.184] [main/DEBUG] [mixin/]: Processing inject() for PlatformAgent[MixinPlatformAgentDefault:SecureJarResource(flywheel)]
[23Nov2025 22:01:53.184] [main/DEBUG] [mixin/]: Processing inject() for PlatformAgent[MixinPlatformAgentDefault:SecureJarResource(ponder)]
[23Nov2025 22:01:53.184] [main/DEBUG] [mixin/]: Processing inject() for PlatformAgent[MixinPlatformAgentDefault:SecureJarResource(create)]
[23Nov2025 22:01:53.184] [main/DEBUG] [mixin/]: Processing inject() for PlatformAgent[MixinPlatformAgentDefault:SecureJarResource(mynethersdelight)]
[23Nov2025 22:01:53.184] [main/DEBUG] [mixin/]: Processing inject() for PlatformAgent[MixinPlatformAgentDefault:SecureJarResource(some_assembly_required)]
[23Nov2025 22:01:53.185] [main/DEBUG] [mixin/]: Processing inject() for PlatformAgent[MixinPlatformAgentDefault:SecureJarResource(mixinextras)]
[23Nov2025 22:01:53.185] [main/DEBUG] [mixin/]: Processing inject() for PlatformAgent[MixinPlatformAgentDefault:SecureJarResource(overweight_farming)]
[23Nov2025 22:01:53.185] [main/DEBUG] [mixin/]: Processing inject() for PlatformAgent[MixinPlatformAgentDefault:SecureJarResource(sophisticatedbackpacks)]
[23Nov2025 22:01:53.185] [main/DEBUG] [mixin/]: Processing inject() for PlatformAgent[MixinPlatformAgentDefault:SecureJarResource(rusticdelight)]
[23Nov2025 22:01:53.185] [main/DEBUG] [mixin/]: Processing inject() for PlatformAgent[MixinPlatformAgentDefault:SecureJarResource(architectury)]
[23Nov2025 22:01:53.185] [main/DEBUG] [mixin/]: Processing inject() for PlatformAgent[MixinPlatformAgentDefault:SecureJarResource(doapi)]
[23Nov2025 22:01:53.185] [main/DEBUG] [mixin/]: Processing inject() for PlatformAgent[MixinPlatformAgentDefault:SecureJarResource(bakery)]
[23Nov2025 22:01:53.185] [main/DEBUG] [mixin/]: Processing inject() for PlatformAgent[MixinPlatformAgentDefault:SecureJarResource(cloth_config)]
[23Nov2025 22:01:53.185] [main/DEBUG] [mixin/]: Processing inject() for PlatformAgent[MixinPlatformAgentDefault:SecureJarResource(forge)]
[23Nov2025 22:01:53.185] [main/DEBUG] [mixin/]: Processing inject() for PlatformAgent[MixinPlatformAgentDefault:SecureJarResource(farm_and_charm)]
[23Nov2025 22:01:53.185] [main/DEBUG] [mixin/]: Processing inject() for PlatformAgent[MixinPlatformAgentDefault:SecureJarResource(jankson)]
[23Nov2025 22:01:53.185] [main/DEBUG] [mixin/]: Processing inject() for PlatformAgent[MixinPlatformAgentDefault:SecureJarResource(luaj.jse.figura)]
[23Nov2025 22:01:53.185] [main/DEBUG] [mixin/]: Processing inject() for PlatformAgent[MixinPlatformAgentDefault:SecureJarResource(org.apache.bcel)]
[23Nov2025 22:01:53.185] [main/DEBUG] [mixin/]: Processing inject() for PlatformAgent[MixinPlatformAgentDefault:SecureJarResource(luaj.core.figura)]
[23Nov2025 22:01:53.185] [main/DEBUG] [mixin/]: Processing inject() for PlatformAgent[MixinPlatformAgentDefault:SecureJarResource(Registrate.MC1._20)]
[23Nov2025 22:01:53.186] [main/DEBUG] [mixin/]: Processing inject() for PlatformAgent[MixinPlatformAgentDefault:SecureJarResource(MixinExtras)]
[23Nov2025 22:01:53.186] [main/DEBUG] [mixin/]: Processing inject() for PlatformAgent[MixinPlatformAgentDefault:SecureJarResource(commons.math3)]
[23Nov2025 22:01:53.186] [main/INFO] [cpw.mods.modlauncher.LaunchServiceHandler/MODLAUNCHER]: Launching target 'forgeserver' with arguments [nogui]
[23Nov2025 22:01:53.217] [main/DEBUG] [mixin/]: Error cleaning class output directory: .mixin.out
[23Nov2025 22:01:53.218] [main/DEBUG] [mixin/]: Preparing mixins for MixinEnvironment[DEFAULT]
[23Nov2025 22:01:53.219] [main/DEBUG] [mixin/]: Selecting config farmersdelight.mixins.json
[23Nov2025 22:01:53.223] [main/DEBUG] [mixin/]: Selecting config jade.mixins.json
[23Nov2025 22:01:53.224] [main/DEBUG] [mixin/]: Selecting config tacz.mixins.json
[23Nov2025 22:01:53.225] [main/DEBUG] [mixin/]: Selecting config flywheel.backend.mixins.json
[23Nov2025 22:01:53.226] [main/DEBUG] [mixin/]: Selecting config flywheel.impl.mixins.json
[23Nov2025 22:01:53.227] [main/DEBUG] [mixin/]: Selecting config ponder.mixins.json
[23Nov2025 22:01:53.228] [main/DEBUG] [mixin/]: Selecting config ponder-common.mixins.json
[23Nov2025 22:01:53.229] [main/DEBUG] [mixin/]: Selecting config create.mixins.json
[23Nov2025 22:01:53.238] [main/DEBUG] [mixin/]: Selecting config mynethersdelight.mixins.json
[23Nov2025 22:01:53.239] [main/DEBUG] [mixin/]: Selecting config mixins.some_assembly_required.json
[23Nov2025 22:01:53.240] [main/DEBUG] [mixin/]: Selecting config mixinextras.init.mixins.json
[23Nov2025 22:01:53.268] [main/DEBUG] [MixinExtras|Service/]: com.llamalad7.mixinextras.service.MixinExtrasServiceImpl(version=0.4.1) is taking over from null
[23Nov2025 22:01:53.378] [main/DEBUG] [mixin/]: Registering new injector for @Inject with org.spongepowered.asm.mixin.injection.struct.CallbackInjectionInfo
[23Nov2025 22:01:53.379] [main/DEBUG] [mixin/]: Registering new injector for @ModifyArg with org.spongepowered.asm.mixin.injection.struct.ModifyArgInjectionInfo
[23Nov2025 22:01:53.380] [main/DEBUG] [mixin/]: Registering new injector for @ModifyArgs with org.spongepowered.asm.mixin.injection.struct.ModifyArgsInjectionInfo
[23Nov2025 22:01:53.382] [main/DEBUG] [mixin/]: Registering new injector for @Redirect with org.spongepowered.asm.mixin.injection.struct.RedirectInjectionInfo
[23Nov2025 22:01:53.383] [main/DEBUG] [mixin/]: Registering new injector for @ModifyVariable with org.spongepowered.asm.mixin.injection.struct.ModifyVariableInjectionInfo
[23Nov2025 22:01:53.384] [main/DEBUG] [mixin/]: Registering new injector for @ModifyConstant with org.spongepowered.asm.mixin.injection.struct.ModifyConstantInjectionInfo
[23Nov2025 22:01:53.396] [main/DEBUG] [mixin/]: Selecting config overweight_farming.mixins.json
[23Nov2025 22:01:53.398] [main/DEBUG] [mixin/]: Selecting config architectury.mixins.json
[23Nov2025 22:01:53.402] [main/DEBUG] [mixin/]: Selecting config architectury-common.mixins.json
[23Nov2025 22:01:53.403] [main/DEBUG] [mixin/]: Selecting config doapi-common.mixins.json
[23Nov2025 22:01:53.404] [main/DEBUG] [mixin/]: Selecting config doapi.mixins.json
[23Nov2025 22:01:53.405] [main/DEBUG] [mixin/]: Selecting config FarmAndCharm-common.mixins.json
[23Nov2025 22:01:53.438] [main/DEBUG] [mixin/]: Selecting config FarmAndCharm.mixins.json
[23Nov2025 22:01:53.440] [main/DEBUG] [mixin/]: Preparing farmersdelight.mixins.json (10)
[23Nov2025 22:01:53.493] [main/DEBUG] [mixin/]: Preparing jade.mixins.json (2)
[23Nov2025 22:01:53.493] [main/DEBUG] [mixin/]: Preparing tacz.mixins.json (14)
[23Nov2025 22:01:53.638] [main/DEBUG] [mixin/]: Preparing flywheel.backend.mixins.json (9)
[23Nov2025 22:01:53.638] [main/DEBUG] [mixin/]: Preparing flywheel.impl.mixins.json (15)
[23Nov2025 22:01:53.639] [main/DEBUG] [mixin/]: Preparing ponder.mixins.json (1)
[23Nov2025 22:01:53.639] [main/DEBUG] [mixin/]: Preparing ponder-common.mixins.json (6)
[23Nov2025 22:01:53.664] [main/DEBUG] [mixin/]: Preparing mynethersdelight.mixins.json (3)
[23Nov2025 22:01:53.675] [main/WARN] [mixin/]: Error loading class: net/mehvahdjukaar/amendments/events/behaviors/InteractEvents (java.lang.ClassNotFoundException: net.mehvahdjukaar.amendments.events.behaviors.InteractEvents)
[23Nov2025 22:01:53.675] [main/WARN] [mixin/]: @Mixin target net.mehvahdjukaar.amendments.events.behaviors.InteractEvents was not found mynethersdelight.mixins.json:amendments.InteractEventsMixin
[23Nov2025 22:01:53.677] [main/DEBUG] [mixin/]: Preparing mixins.some_assembly_required.json (2)
[23Nov2025 22:01:53.683] [main/DEBUG] [mixin/]: Preparing mixinextras.init.mixins.json (0)
[23Nov2025 22:01:53.683] [main/DEBUG] [mixin/]: Preparing overweight_farming.mixins.json (2)
[23Nov2025 22:01:53.688] [main/DEBUG] [mixin/]: Preparing architectury.mixins.json (9)
[23Nov2025 22:01:53.703] [main/DEBUG] [mixin/]: Preparing architectury-common.mixins.json (10)
[23Nov2025 22:01:53.715] [main/DEBUG] [net.minecraftforge.coremod.transformer.CoreModBaseTransformer/COREMOD]: Transforming net/minecraft/world/item/BucketItem
[23Nov2025 22:01:53.729] [main/DEBUG] [net.minecraftforge.coremod.transformer.CoreModBaseTransformer/COREMOD]: Transforming net/minecraft/world/entity/EntityType
[23Nov2025 22:01:53.918] [main/DEBUG] [net.minecraftforge.coremod.transformer.CoreModBaseTransformer/COREMOD]: Transforming net/minecraft/world/level/block/LiquidBlock
[23Nov2025 22:01:53.926] [main/DEBUG] [mixin/]: Preparing doapi-common.mixins.json (4)
[23Nov2025 22:01:53.933] [main/DEBUG] [mixin/]: Preparing doapi.mixins.json (9)
[23Nov2025 22:01:53.952] [main/DEBUG] [mixin/]: Preparing FarmAndCharm-common.mixins.json (20)
[23Nov2025 22:01:54.022] [main/DEBUG] [net.minecraftforge.coremod.transformer.CoreModBaseTransformer/COREMOD]: Transforming net/minecraft/world/entity/monster/Zombie
[23Nov2025 22:01:54.188] [main/DEBUG] [mixin/]: Preparing FarmAndCharm.mixins.json (1)
[23Nov2025 22:01:54.191] [main/DEBUG] [mixin/]: Preparing create.mixins.json (57)
[23Nov2025 22:01:54.282] [main/DEBUG] [net.minecraftforge.coremod.transformer.CoreModBaseTransformer/COREMOD]: Transforming net/minecraft/world/effect/MobEffectInstance
[23Nov2025 22:01:54.410] [main/DEBUG] [mixin/]: Inner class net/satisfy/farm_and_charm/forge/mixin/LeggingsItemMixin$1 in net/satisfy/farm_and_charm/forge/mixin/LeggingsItemMixin on net/satisfy/farm_and_charm/core/item/DungareesItem gets unique name net/satisfy/farm_and_charm/core/item/DungareesItem$Anonymous$9309c32cf7884fc3b0ed34f79d9e9985
[23Nov2025 22:01:54.429] [main/DEBUG] [mixin/]: Prepared 97 mixins in 1.209 sec (12.5ms avg) (0ms load, 0ms transform, 0ms plugin)
[23Nov2025 22:01:54.477] [main/DEBUG] [io.netty.util.internal.logging.InternalLoggerFactory/]: Using SLF4J as the default logging framework
[23Nov2025 22:01:54.480] [main/DEBUG] [io.netty.util.ResourceLeakDetector/]: -Dio.netty.leakDetection.level: simple
[23Nov2025 22:01:54.480] [main/DEBUG] [io.netty.util.ResourceLeakDetector/]: -Dio.netty.leakDetection.targetRecords: 4
[23Nov2025 22:01:54.754] [main/INFO] [MixinExtras|Service/]: Initializing MixinExtras via com.llamalad7.mixinextras.service.MixinExtrasServiceImpl(version=0.4.1).
[23Nov2025 22:01:54.756] [main/DEBUG] [mixin/]: Registering new injector for @SugarWrapper with com.llamalad7.mixinextras.sugar.impl.SugarWrapperInjectionInfo
[23Nov2025 22:01:54.757] [main/DEBUG] [mixin/]: Registering new injector for @FactoryRedirectWrapper with com.llamalad7.mixinextras.wrapper.factory.FactoryRedirectWrapperInjectionInfo
[23Nov2025 22:01:54.762] [main/DEBUG] [mixin/]: Mixing DataFixerMixin from doapi-common.mixins.json into net.minecraft.resources.ResourceLocation
[23Nov2025 22:01:54.849] [main/DEBUG] [mixin/]: Mixing accessor.SystemReportAccessor from create.mixins.json into net.minecraft.SystemReport
[23Nov2025 22:01:54.849] [main/DEBUG] [mixin/]: Renaming @Accessor method getOPERATING_SYSTEM()Ljava/lang/String; to getOPERATING_SYSTEM_$md$4b03bc$0 in create.mixins.json:accessor.SystemReportAccessor
[23Nov2025 22:01:54.854] [main/DEBUG] [mixin/]: Renaming @Accessor method getJAVA_VERSION()Ljava/lang/String; to getJAVA_VERSION_$md$4b03bc$1 in create.mixins.json:accessor.SystemReportAccessor
[23Nov2025 22:01:54.904] [main/DEBUG] [oshi.util.FileUtil/]: No oshi.properties file found from ClassLoader cpw.mods.modlauncher.TransformingClassLoader@76b47204
[23Nov2025 22:01:54.905] [main/DEBUG] [oshi.util.FileUtil/]: No oshi.properties file found from ClassLoader jdk.internal.loader.ClassLoaders$AppClassLoader@76ed5528
[23Nov2025 22:01:55.012] [main/DEBUG] [oshi.util.FileUtil/]: Reading file /proc/self/auxv
[23Nov2025 22:01:55.013] [main/DEBUG] [oshi.util.FileUtil/]: Reading file /proc/self/auxv
[23Nov2025 22:01:55.018] [main/DEBUG] [oshi.util.FileUtil/]: Reading file /proc/stat
[23Nov2025 22:01:55.027] [main/DEBUG] [oshi.util.FileUtil/]: Reading file /sys/devices/system/cpu/cpu0/topology/core_id
[23Nov2025 22:01:55.027] [main/DEBUG] [oshi.util.FileUtil/]: Reading file /sys/devices/system/cpu/cpu0/topology/core_id
[23Nov2025 22:01:55.027] [main/DEBUG] [oshi.util.FileUtil/]: Reading file /sys/devices/system/cpu/cpu0/topology/physical_package_id
[23Nov2025 22:01:55.027] [main/DEBUG] [oshi.util.FileUtil/]: Reading file /sys/devices/system/cpu/cpu0/topology/physical_package_id
[23Nov2025 22:01:55.027] [main/DEBUG] [oshi.util.FileUtil/]: Reading file /sys/devices/system/cpu/cpu0/cpu_capacity
[23Nov2025 22:01:55.029] [main/DEBUG] [oshi.util.FileUtil/]: Reading file /sys/devices/system/cpu/cpu1/topology/core_id
[23Nov2025 22:01:55.029] [main/DEBUG] [oshi.util.FileUtil/]: Reading file /sys/devices/system/cpu/cpu1/topology/core_id
[23Nov2025 22:01:55.029] [main/DEBUG] [oshi.util.FileUtil/]: Reading file /sys/devices/system/cpu/cpu1/topology/physical_package_id
[23Nov2025 22:01:55.029] [main/DEBUG] [oshi.util.FileUtil/]: Reading file /sys/devices/system/cpu/cpu1/topology/physical_package_id
[23Nov2025 22:01:55.029] [main/DEBUG] [oshi.util.FileUtil/]: Reading file /sys/devices/system/cpu/cpu1/cpu_capacity
[23Nov2025 22:01:55.031] [main/DEBUG] [oshi.util.FileUtil/]: Reading file /sys/devices/system/cpu/cpu2/topology/core_id
[23Nov2025 22:01:55.031] [main/DEBUG] [oshi.util.FileUtil/]: Reading file /sys/devices/system/cpu/cpu2/topology/core_id
[23Nov2025 22:01:55.031] [main/DEBUG] [oshi.util.FileUtil/]: Reading file /sys/devices/system/cpu/cpu2/topology/physical_package_id
[23Nov2025 22:01:55.031] [main/DEBUG] [oshi.util.FileUtil/]: Reading file /sys/devices/system/cpu/cpu2/topology/physical_package_id
[23Nov2025 22:01:55.031] [main/DEBUG] [oshi.util.FileUtil/]: Reading file /sys/devices/system/cpu/cpu2/cpu_capacity
[23Nov2025 22:01:55.032] [main/DEBUG] [oshi.util.FileUtil/]: Reading file /sys/devices/system/cpu/cpu3/topology/core_id
[23Nov2025 22:01:55.032] [main/DEBUG] [oshi.util.FileUtil/]: Reading file /sys/devices/system/cpu/cpu3/topology/core_id
[23Nov2025 22:01:55.032] [main/DEBUG] [oshi.util.FileUtil/]: Reading file /sys/devices/system/cpu/cpu3/topology/physical_package_id
[23Nov2025 22:01:55.032] [main/DEBUG] [oshi.util.FileUtil/]: Reading file /sys/devices/system/cpu/cpu3/topology/physical_package_id
[23Nov2025 22:01:55.032] [main/DEBUG] [oshi.util.FileUtil/]: Reading file /sys/devices/system/cpu/cpu3/cpu_capacity
[23Nov2025 22:01:55.034] [main/DEBUG] [oshi.util.FileUtil/]: Reading file /proc/cpuinfo
[23Nov2025 22:01:55.044] [main/DEBUG] [oshi.util.FileUtil/]: Reading file /proc/self/auxv
[23Nov2025 22:01:55.046] [main/DEBUG] [oshi.util.FileUtil/]: No oshi.architecture.properties file found from ClassLoader cpw.mods.modlauncher.TransformingClassLoader@76b47204
[23Nov2025 22:01:55.047] [main/DEBUG] [oshi.util.FileUtil/]: No oshi.architecture.properties file found from ClassLoader jdk.internal.loader.ClassLoaders$AppClassLoader@76ed5528
[23Nov2025 22:01:55.063] [main/DEBUG] [oshi.util.FileUtil/]: Reading file /proc/meminfo
[23Nov2025 22:01:55.064] [main/DEBUG] [oshi.util.FileUtil/]: Reading file /proc/meminfo
[23Nov2025 22:01:55.103] [main/DEBUG] [mixin/]: Mixing BuiltInRegistriesMixin from create.mixins.json into net.minecraft.core.registries.BuiltInRegistries
[23Nov2025 22:01:55.104] [main/DEBUG] [mixin/]: Renaming synthetic method lambda$create$ourRegistriesAreNotEmpty$0(Ljava/util/function/Consumer;Lnet/minecraft/core/Registry;)V to md4b03bc$lambda$create$ourRegistriesAreNotEmpty$0$0 in create.mixins.json:BuiltInRegistriesMixin
[23Nov2025 22:01:55.143] [main/DEBUG] [mixin/]: Mixing accessor.BuiltInRegistriesAccessor from create.mixins.json into net.minecraft.core.registries.BuiltInRegistries
[23Nov2025 22:01:55.144] [main/DEBUG] [mixin/]: Renaming @Accessor method create$getWRITABLE_REGISTRY()Lnet/minecraft/core/WritableRegistry; to create$getWRITABLE_REGISTRY_$md$4b03bc$1 in create.mixins.json:accessor.BuiltInRegistriesAccessor
[23Nov2025 22:01:55.302] [main/DEBUG] [mixin/]: Mixing inject.MixinGameEvent from architectury-common.mixins.json into net.minecraft.world.level.gameevent.GameEvent
[23Nov2025 22:01:55.442] [main/DEBUG] [mixin/]: Mixing inject.MixinBlock from architectury-common.mixins.json into net.minecraft.world.level.block.Block
[23Nov2025 22:01:55.445] [main/DEBUG] [mixin/]: Mixing BlockMixin from create.mixins.json into net.minecraft.world.level.block.Block
[23Nov2025 22:01:55.498] [main/DEBUG] [mixin/]: Mixing accessor.StateHolderAccessor from create.mixins.json into net.minecraft.world.level.block.state.StateHolder
[23Nov2025 22:01:55.524] [main/DEBUG] [mixin/]: Mixing accessor.EntityAccessor from ponder-common.mixins.json into net.minecraft.world.entity.Entity
[23Nov2025 22:01:55.525] [main/DEBUG] [mixin/]: Mixing EntityMixin from create.mixins.json into net.minecraft.world.entity.Entity
[23Nov2025 22:01:55.592] [main/DEBUG] [mixin/]: Mixing common.LivingEntityMixin from tacz.mixins.json into net.minecraft.world.entity.LivingEntity
[23Nov2025 22:01:55.601] [main/DEBUG] [net.minecraftforge.coremod.transformer.CoreModBaseTransformer/COREMOD]: Transforming net/minecraft/world/item/ItemStack
[23Nov2025 22:01:55.615] [main/DEBUG] [mixin/]: Renaming synthetic method lambda$initialData$0()Lnet/minecraft/world/item/ItemStack; to md4b03bc$lambda$initialData$0$0 in tacz.mixins.json:common.LivingEntityMixin
[23Nov2025 22:01:55.659] [main/DEBUG] [mixin/]: Mixing LivingEntityMixin from FarmAndCharm-common.mixins.json into net.minecraft.world.entity.LivingEntity
[23Nov2025 22:01:55.663] [main/DEBUG] [mixin/]: Mixing CustomItemUseEffectsMixin from create.mixins.json into net.minecraft.world.entity.LivingEntity
[23Nov2025 22:01:55.668] [main/DEBUG] [mixin/]: Mixing LavaSwimmingMixin from create.mixins.json into net.minecraft.world.entity.LivingEntity
[23Nov2025 22:01:55.677] [main/DEBUG] [mixin/]: Mixing accessor.LivingEntityAccessor from create.mixins.json into net.minecraft.world.entity.LivingEntity
[23Nov2025 22:01:55.814] [main/DEBUG] [mixin/]: Mixing accessor.ServerLevelAccessor from create.mixins.json into net.minecraft.server.level.ServerLevel
[23Nov2025 22:01:55.902] [main/DEBUG] [mixin/]: Mixing PlayerMixin from create.mixins.json into net.minecraft.world.entity.player.Player
[23Nov2025 22:01:55.982] [main/DEBUG] [mixin/]: Mixing inject.MixinFluid from architectury-common.mixins.json into net.minecraft.world.level.material.Fluid
[23Nov2025 22:01:55.987] [main/DEBUG] [mixin/]: Mixing inject.MixinItem from architectury-common.mixins.json into net.minecraft.world.item.Item
[23Nov2025 22:01:56.004] [main/DEBUG] [net.minecraftforge.coremod.transformer.CoreModBaseTransformer/COREMOD]: Transforming net/minecraft/world/entity/EntityType
[23Nov2025 22:01:56.063] [main/DEBUG] [mixin/]: Mixing inject.MixinEntityType from architectury-common.mixins.json into net.minecraft.world.entity.EntityType
[23Nov2025 22:01:56.081] [main/DEBUG] [mixin/]: Mixing sign.MixinBlockEntityType from doapi.mixins.json into net.minecraft.world.level.block.entity.BlockEntityType
[23Nov2025 22:01:56.125] [main/DEBUG] [mixin/]: Mixing KeepRichSoilGiantTreeMixin from farmersdelight.mixins.json into net.minecraft.world.level.levelgen.feature.Feature
[23Nov2025 22:01:56.126] [main/DEBUG] [mixin/]: Renaming synthetic method lambda$keepRichSoil$0(Lnet/minecraft/world/level/block/state/BlockState;)Z to md4b03bc$lambda$keepRichSoil$0$0 in farmersdelight.mixins.json:KeepRichSoilGiantTreeMixin
[23Nov2025 22:01:56.208] [main/DEBUG] [mixin/]: Mixing common.ServerPlayerMixin from tacz.mixins.json into net.minecraft.server.level.ServerPlayer
[23Nov2025 22:01:56.239] [main/DEBUG] [mixin/]: Mixing FireBlockMixin from doapi.mixins.json into net.minecraft.world.level.block.FireBlock
[23Nov2025 22:01:56.567] [main/DEBUG] [net.minecraftforge.coremod.transformer.CoreModBaseTransformer/COREMOD]: Transforming net/minecraft/world/level/block/LiquidBlock
[23Nov2025 22:01:56.568] [main/DEBUG] [mixin/]: Mixing inject.MixinLiquidBlock from architectury-common.mixins.json into net.minecraft.world.level.block.LiquidBlock
[23Nov2025 22:01:56.584] [main/DEBUG] [mixin/]: Mixing CuttingBoardDispenserMixin from farmersdelight.mixins.json into net.minecraft.world.level.block.DispenserBlock
[23Nov2025 22:01:56.592] [main/DEBUG] [mixin/]: Mixing accessor.DispenserBlockAccessor from create.mixins.json into net.minecraft.world.level.block.DispenserBlock
[23Nov2025 22:01:56.626] [main/DEBUG] [net.minecraftforge.coremod.transformer.CoreModBaseTransformer/COREMOD]: Transforming net/minecraft/world/level/block/StairBlock
[23Nov2025 22:01:56.637] [main/DEBUG] [mixin/]: Mixing CropBlockMixin from FarmAndCharm-common.mixins.json into net.minecraft.world.level.block.CropBlock
[23Nov2025 22:01:56.650] [main/DEBUG] [mixin/]: Mixing accessor.CropBlockAccessor from create.mixins.json into net.minecraft.world.level.block.CropBlock
[23Nov2025 22:01:56.663] [main/DEBUG] [mixin/]: Mixing KeepRichSoilUntrampledMixin from farmersdelight.mixins.json into net.minecraft.world.level.block.FarmBlock
[23Nov2025 22:01:56.664] [main/DEBUG] [mixin/]: Mixing FarmlandBlockMixin from FarmAndCharm-common.mixins.json into net.minecraft.world.level.block.FarmBlock
[23Nov2025 22:01:56.750] [main/DEBUG] [net.minecraftforge.coremod.transformer.CoreModBaseTransformer/COREMOD]: Transforming net/minecraft/world/level/block/FlowerPotBlock
[23Nov2025 22:01:56.795] [main/DEBUG] [mixin/]: Mixing ShulkerBoxBlockMixin from create.mixins.json into net.minecraft.world.level.block.ShulkerBoxBlock
[23Nov2025 22:01:56.804] [main/DEBUG] [mixin/]: Mixing accessor.ConcretePowderBlockAccessor from create.mixins.json into net.minecraft.world.level.block.ConcretePowderBlock
[23Nov2025 22:01:56.842] [main/DEBUG] [mixin/]: Mixing CampfireBaleMixin from farmersdelight.mixins.json into net.minecraft.world.level.block.CampfireBlock
[23Nov2025 22:01:56.844] [main/DEBUG] [mixin/]: Mixing CampfireBlockMixin from FarmAndCharm-common.mixins.json into net.minecraft.world.level.block.CampfireBlock
[23Nov2025 22:01:56.885] [main/DEBUG] [mixin/]: Mixing BeehiveBlockMixin from create.mixins.json into net.minecraft.world.level.block.BeehiveBlock
[23Nov2025 22:01:56.937] [main/DEBUG] [mixin/]: Mixing sign.MixinAbstractBlockSettings from doapi.mixins.json into net.minecraft.world.level.block.state.BlockBehaviour$Properties
[23Nov2025 22:01:56.979] [main/DEBUG] [mixin/]: Mixing WaterWheelFluidSpreadMixin from create.mixins.json into net.minecraft.world.level.material.FlowingFluid
[23Nov2025 22:01:57.004] [main/DEBUG] [mixin/]: Mixing accessor.FlowingFluidAccessor from create.mixins.json into net.minecraft.world.level.material.FlowingFluid
[23Nov2025 22:01:57.141] [main/DEBUG] [mixin/]: Mixing MixinFallingBlockEntity from architectury.mixins.json into net.minecraft.world.entity.item.FallingBlockEntity
[23Nov2025 22:01:57.143] [main/DEBUG] [mixin/]: Mixing accessor.FallingBlockEntityAccessor from create.mixins.json into net.minecraft.world.entity.item.FallingBlockEntity
[23Nov2025 22:01:57.143] [main/DEBUG] [mixin/]: Renaming @Invoker method create$callInit(Lnet/minecraft/world/level/Level;DDDLnet/minecraft/world/level/block/state/BlockState;)Lnet/minecraft/world/entity/item/FallingBlockEntity; to create$callInit_$md$4b03bc$0 in create.mixins.json:accessor.FallingBlockEntityAccessor
[23Nov2025 22:01:57.493] [main/DEBUG] [mixin/]: Mixing KeepRichSoilTreeMixin from farmersdelight.mixins.json into net.minecraft.world.level.levelgen.feature.trunkplacers.TrunkPlacer
[23Nov2025 22:01:57.493] [main/DEBUG] [mixin/]: Renaming synthetic method lambda$cancelSetDirtIfRichSoil$0(Lnet/minecraft/world/level/block/state/BlockState;)Z to md4b03bc$lambda$cancelSetDirtIfRichSoil$0$0 in farmersdelight.mixins.json:KeepRichSoilTreeMixin
[23Nov2025 22:01:57.513] [main/DEBUG] [mixin/]: Mixing FeatureUtilsMixin from overweight_farming.mixins.json into net.minecraft.data.worldgen.features.FeatureUtils
[23Nov2025 22:01:57.904] [main/DEBUG] [mixin/]: Mixing MobAccessor from FarmAndCharm-common.mixins.json into net.minecraft.world.entity.Mob
[23Nov2025 22:01:58.102] [main/DEBUG] [net.minecraftforge.coremod.transformer.CoreModBaseTransformer/COREMOD]: Transforming net/minecraft/world/item/ItemStack
[23Nov2025 22:01:58.440] [main/DEBUG] [mixin/]: Mixing AnimalEntityMixin from FarmAndCharm-common.mixins.json into net.minecraft.world.entity.animal.Animal
[23Nov2025 22:01:58.777] [main/DEBUG] [mixin/]: Mixing SmithingMenuMixin from create.mixins.json into net.minecraft.world.inventory.SmithingMenu
[23Nov2025 22:01:58.781] [main/DEBUG] [mixin/]: Renaming synthetic method lambda$create$preventUnbreakingOnBacktanks$0(Lnet/minecraft/world/item/ItemStack;Ljava/util/Map;Lnet/minecraft/world/item/enchantment/Enchantment;Ljava/lang/Integer;)V to md4b03bc$lambda$create$preventUnbreakingOnBacktanks$0$0 in create.mixins.json:SmithingMenuMixin
[23Nov2025 22:01:58.951] [main/DEBUG] [mixin/]: Mixing MixinLightningBolt from architectury-common.mixins.json into net.minecraft.world.entity.LightningBolt
[23Nov2025 22:01:59.048] [main/DEBUG] [net.minecraftforge.coremod.transformer.CoreModBaseTransformer/COREMOD]: Transforming net/minecraft/world/entity/animal/frog/Tadpole
[23Nov2025 22:01:59.075] [main/DEBUG] [mixin/]: Mixing BlockItemMixin from create.mixins.json into net.minecraft.world.item.BlockItem
[23Nov2025 22:01:59.090] [main/DEBUG] [mixin/]: Mixing SoupItemMixin from farmersdelight.mixins.json into net.minecraft.world.item.BowlFoodItem
[23Nov2025 22:01:59.108] [main/DEBUG] [net.minecraftforge.coremod.transformer.CoreModBaseTransformer/COREMOD]: Transforming net/minecraft/world/item/BucketItem
[23Nov2025 22:01:59.108] [main/DEBUG] [mixin/]: Mixing inject.MixinBucketItem from architectury-common.mixins.json into net.minecraft.world.item.BucketItem
[23Nov2025 22:01:59.134] [main/DEBUG] [mixin/]: Mixing accessor.SuspiciousStewItemAccessor from create.mixins.json into net.minecraft.world.item.SuspiciousStewItem
[23Nov2025 22:01:59.135] [main/DEBUG] [mixin/]: Renaming @Invoker method create$listPotionEffects(Lnet/minecraft/world/item/ItemStack;Ljava/util/function/Consumer;)V to create$listPotionEffects_$md$4b03bc$0 in create.mixins.json:accessor.SuspiciousStewItemAccessor
[23Nov2025 22:01:59.142] [main/DEBUG] [mixin/]: Mixing inject.MixinItemProperties from architectury-common.mixins.json into net.minecraft.world.item.Item$Properties
[23Nov2025 22:01:59.917] [main/DEBUG] [mixin/]: Mixing TemptGoalAccessor from FarmAndCharm-common.mixins.json into net.minecraft.world.entity.ai.goal.TemptGoal
[23Nov2025 22:01:59.930] [main/DEBUG] [mixin/]: Mixing boat.MixinBoatEntity from doapi.mixins.json into net.minecraft.world.entity.vehicle.Boat
[23Nov2025 22:01:59.939] [main/DEBUG] [mixin/]: Mixing AbstractHorseMixin from FarmAndCharm-common.mixins.json into net.minecraft.world.entity.animal.horse.AbstractHorse
[23Nov2025 22:01:59.954] [main/DEBUG] [mixin/]: Mixing CatMixin from FarmAndCharm-common.mixins.json into net.minecraft.world.entity.animal.Cat
[23Nov2025 22:01:59.964] [main/DEBUG] [mixin/]: Mixing CatTemptGoalMixin from FarmAndCharm-common.mixins.json into net.minecraft.world.entity.animal.Cat$CatTemptGoal
[23Nov2025 22:01:59.966] [main/DEBUG] [mixin/]: Mixing CatGiftChanceMixin from FarmAndCharm-common.mixins.json into net.minecraft.world.entity.animal.Cat$CatRelaxOnOwnerGoal
[23Nov2025 22:01:59.976] [main/DEBUG] [mixin/]: Mixing CatAvoidEntityGoalMixin from FarmAndCharm-common.mixins.json into net.minecraft.world.entity.animal.Cat$CatAvoidEntityGoal
[23Nov2025 22:01:59.981] [main/DEBUG] [net.minecraftforge.coremod.transformer.CoreModBaseTransformer/COREMOD]: Transforming net/minecraft/world/entity/monster/Spider
[23Nov2025 22:02:00.005] [main/DEBUG] [mixin/]: Mixing ChickenMixin from FarmAndCharm-common.mixins.json into net.minecraft.world.entity.animal.Chicken
[23Nov2025 22:02:00.040] [main/DEBUG] [net.minecraftforge.coremod.transformer.CoreModBaseTransformer/COREMOD]: Transforming net/minecraft/world/entity/monster/Zombie
[23Nov2025 22:02:00.073] [main/DEBUG] [mixin/]: Mixing ZombieMixin from FarmAndCharm-common.mixins.json into net.minecraft.world.entity.monster.Zombie
[23Nov2025 22:02:00.081] [main/DEBUG] [net.minecraftforge.coremod.transformer.CoreModBaseTransformer/COREMOD]: Transforming net/minecraft/world/entity/monster/ZombieVillager
[23Nov2025 22:02:00.131] [main/DEBUG] [net.minecraftforge.coremod.transformer.CoreModBaseTransformer/COREMOD]: Transforming net/minecraft/world/entity/monster/Evoker$EvokerSummonSpellGoal
[23Nov2025 22:02:00.144] [main/DEBUG] [mixin/]: Mixing accessor.UseOnContextAccessor from create.mixins.json into net.minecraft.world.item.context.UseOnContext
[23Nov2025 22:02:00.147] [main/DEBUG] [mixin/]: Mixing FoxMixin from FarmAndCharm-common.mixins.json into net.minecraft.world.entity.animal.Fox
[23Nov2025 22:02:00.158] [main/DEBUG] [mixin/]: Mixing FrogEntityMixin from mynethersdelight.mixins.json into net.minecraft.world.entity.animal.frog.Frog
[23Nov2025 22:02:00.168] [main/DEBUG] [mixin/]: Mixing accessor.ItemFrameAccessor from create.mixins.json into net.minecraft.world.entity.decoration.ItemFrame
[23Nov2025 22:02:00.210] [main/DEBUG] [mixin/]: Mixing ParrotMixin from FarmAndCharm-common.mixins.json into net.minecraft.world.entity.animal.Parrot
[23Nov2025 22:02:00.225] [main/DEBUG] [mixin/]: Mixing PigMixin from FarmAndCharm-common.mixins.json into net.minecraft.world.entity.animal.Pig
[23Nov2025 22:02:00.249] [main/DEBUG] [mixin/]: Mixing RabbitsEatCabbageMixin from farmersdelight.mixins.json into net.minecraft.world.entity.animal.Rabbit
[23Nov2025 22:02:00.250] [main/DEBUG] [mixin/]: Mixing RabbitMixin from FarmAndCharm-common.mixins.json into net.minecraft.world.entity.animal.Rabbit
[23Nov2025 22:02:00.272] [main/DEBUG] [net.minecraftforge.coremod.transformer.CoreModBaseTransformer/COREMOD]: Transforming net/minecraft/world/entity/animal/horse/SkeletonTrapGoal
[23Nov2025 22:02:00.288] [main/DEBUG] [net.minecraftforge.coremod.transformer.CoreModBaseTransformer/COREMOD]: Transforming net/minecraft/world/entity/monster/Strider
[23Nov2025 22:02:00.384] [main/DEBUG] [net.minecraftforge.coremod.transformer.CoreModBaseTransformer/COREMOD]: Transforming net/minecraft/world/entity/npc/Villager
[23Nov2025 22:02:00.516] [main/DEBUG] [mixin/]: Mixing WolfMixin from FarmAndCharm-common.mixins.json into net.minecraft.world.entity.animal.Wolf
[23Nov2025 22:02:00.548] [main/DEBUG] [mixin/]: Mixing inject.MixinFoodPropertiesBuilder from architectury-common.mixins.json into net.minecraft.world.food.FoodProperties$Builder
[23Nov2025 22:02:00.550] [main/DEBUG] [mixin/]: Mixing FoodPropertiesMixin from mixins.some_assembly_required.json into net.minecraft.world.food.FoodProperties
[23Nov2025 22:02:00.550] [main/DEBUG] [mixin/]: mixins.some_assembly_required.json:FoodPropertiesMixin: Class version 61 required is higher than the class version supported by the current version of Mixin (JAVA_8 supports class version 52)
[23Nov2025 22:02:00.552] [main/DEBUG] [net.minecraftforge.coremod.transformer.CoreModBaseTransformer/COREMOD]: Transforming net/minecraft/world/effect/MobEffectInstance
[23Nov2025 22:02:00.552] [main/DEBUG] [mixin/]: Mixing accessor.MobEffectInstanceAccessor from create.mixins.json into net.minecraft.world.effect.MobEffectInstance
[23Nov2025 22:02:00.581] [main/DEBUG] [mixin/]: Mixing common.ServerGamePacketListenerImplMixin from tacz.mixins.json into net.minecraft.server.network.ServerGamePacketListenerImpl
[23Nov2025 22:02:00.581] [main/DEBUG] [mixin/]: Mixing common.ServerPlayNetHandlerMixin from tacz.mixins.json into net.minecraft.server.network.ServerGamePacketListenerImpl
[23Nov2025 22:02:00.628] [main/DEBUG] [mixin/]: Mixing accessor.AbstractProjectileDispenseBehaviorAccessor from create.mixins.json into net.minecraft.core.dispenser.AbstractProjectileDispenseBehavior
[23Nov2025 22:02:00.732] [main/DEBUG] [mixin/]: Mixing FireworkRocketRecipeMixin from mynethersdelight.mixins.json into net.minecraft.world.item.crafting.FireworkRocketRecipe
[23Nov2025 22:02:00.815] [main/DEBUG] [mixin/]: Mixing LootingEnchantFunctionMixin from create.mixins.json into net.minecraft.world.level.storage.loot.functions.LootingEnchantFunction
[23Nov2025 22:02:01.039] [main/DEBUG] [net.minecraftforge.coremod.transformer.CoreModBaseTransformer/COREMOD]: Transforming net/minecraft/world/level/levelgen/structure/Structure
[23Nov2025 22:02:01.077] [main/DEBUG] [net.minecraftforge.coremod.transformer.CoreModBaseTransformer/COREMOD]: Transforming net/minecraft/world/level/levelgen/structure/structures/OceanRuinPieces$OceanRuinPiece
[23Nov2025 22:02:01.096] [main/DEBUG] [net.minecraftforge.coremod.transformer.CoreModBaseTransformer/COREMOD]: Transforming net/minecraft/world/level/levelgen/structure/structures/SwampHutPiece
[23Nov2025 22:02:01.116] [main/DEBUG] [net.minecraftforge.coremod.transformer.CoreModBaseTransformer/COREMOD]: Transforming net/minecraft/world/level/levelgen/structure/structures/OceanMonumentPieces$OceanMonumentPiece
[23Nov2025 22:02:01.143] [main/DEBUG] [net.minecraftforge.coremod.transformer.CoreModBaseTransformer/COREMOD]: Transforming net/minecraft/world/level/levelgen/structure/structures/WoodlandMansionPieces$WoodlandMansionPiece
[23Nov2025 22:02:01.250] [main/DEBUG] [net.minecraftforge.coremod.transformer.CoreModBaseTransformer/COREMOD]: Transforming net/minecraft/world/level/biome/Biome
[23Nov2025 22:02:01.544] [main/DEBUG] [net.minecraftforge.common.ForgeI18n/CORE]: Loading I18N data entries: 6430
[23Nov2025 22:02:01.559] [main/DEBUG] [net.minecraftforge.fml.ModWorkManager/LOADING]: Using 4 threads for parallel mod-loading
[23Nov2025 22:02:01.565] [main/DEBUG] [net.minecraftforge.fml.javafmlmod.FMLJavaModLanguageProvider/LOADING]: Loading FMLModContainer from classloader cpw.mods.modlauncher.TransformingClassLoader@76b47204 - got cpw.mods.cl.ModuleClassLoader@7b60c3e
[23Nov2025 22:02:01.565] [main/DEBUG] [net.minecraftforge.fml.javafmlmod.FMLModContainer/LOADING]: Creating FMLModContainer instance for vectorwing.farmersdelight.FarmersDelight
[23Nov2025 22:02:01.568] [main/DEBUG] [net.minecraftforge.fml.javafmlmod.FMLJavaModLanguageProvider/LOADING]: Loading FMLModContainer from classloader cpw.mods.modlauncher.TransformingClassLoader@76b47204 - got cpw.mods.cl.ModuleClassLoader@7b60c3e
[23Nov2025 22:02:01.569] [main/DEBUG] [net.minecraftforge.fml.javafmlmod.FMLModContainer/LOADING]: Creating FMLModContainer instance for snownee.jade.util.CommonProxy
[23Nov2025 22:02:01.570] [main/DEBUG] [net.minecraftforge.fml.javafmlmod.FMLJavaModLanguageProvider/LOADING]: Loading FMLModContainer from classloader cpw.mods.modlauncher.TransformingClassLoader@76b47204 - got cpw.mods.cl.ModuleClassLoader@7b60c3e
[23Nov2025 22:02:01.570] [main/DEBUG] [net.minecraftforge.fml.javafmlmod.FMLModContainer/LOADING]: Creating FMLModContainer instance for com.tiviacz.pizzadelight.PizzaDelight
[23Nov2025 22:02:01.571] [main/DEBUG] [net.minecraftforge.fml.javafmlmod.FMLJavaModLanguageProvider/LOADING]: Loading FMLModContainer from classloader cpw.mods.modlauncher.TransformingClassLoader@76b47204 - got cpw.mods.cl.ModuleClassLoader@7b60c3e
[23Nov2025 22:02:01.571] [main/DEBUG] [net.minecraftforge.fml.javafmlmod.FMLModContainer/LOADING]: Creating FMLModContainer instance for mezz.jei.forge.JustEnoughItems
[23Nov2025 22:02:01.571] [main/DEBUG] [net.minecraftforge.fml.javafmlmod.FMLJavaModLanguageProvider/LOADING]: Loading FMLModContainer from classloader cpw.mods.modlauncher.TransformingClassLoader@76b47204 - got cpw.mods.cl.ModuleClassLoader@7b60c3e
[23Nov2025 22:02:01.571] [main/DEBUG] [net.minecraftforge.fml.javafmlmod.FMLModContainer/LOADING]: Creating FMLModContainer instance for com.tacz.guns.GunMod
[23Nov2025 22:02:01.572] [main/DEBUG] [net.minecraftforge.fml.javafmlmod.FMLJavaModLanguageProvider/LOADING]: Loading FMLModContainer from classloader cpw.mods.modlauncher.TransformingClassLoader@76b47204 - got cpw.mods.cl.ModuleClassLoader@7b60c3e
[23Nov2025 22:02:01.572] [main/DEBUG] [net.minecraftforge.fml.javafmlmod.FMLModContainer/LOADING]: Creating FMLModContainer instance for net.p3pp3rf1y.sophisticatedcore.SophisticatedCore
[23Nov2025 22:02:01.572] [main/DEBUG] [net.minecraftforge.fml.javafmlmod.FMLJavaModLanguageProvider/LOADING]: Loading FMLModContainer from classloader cpw.mods.modlauncher.TransformingClassLoader@76b47204 - got cpw.mods.cl.ModuleClassLoader@7b60c3e
[23Nov2025 22:02:01.573] [main/DEBUG] [net.minecraftforge.fml.javafmlmod.FMLModContainer/LOADING]: Creating FMLModContainer instance for dev.engine_room.flywheel.impl.FlywheelForge
[23Nov2025 22:02:01.574] [main/DEBUG] [net.minecraftforge.fml.javafmlmod.FMLJavaModLanguageProvider/LOADING]: Loading FMLModContainer from classloader cpw.mods.modlauncher.TransformingClassLoader@76b47204 - got cpw.mods.cl.ModuleClassLoader@7b60c3e
[23Nov2025 22:02:01.574] [main/DEBUG] [net.minecraftforge.fml.javafmlmod.FMLModContainer/LOADING]: Creating FMLModContainer instance for net.createmod.ponder.ForgePonder
[23Nov2025 22:02:01.574] [main/DEBUG] [net.minecraftforge.fml.javafmlmod.FMLJavaModLanguageProvider/LOADING]: Loading FMLModContainer from classloader cpw.mods.modlauncher.TransformingClassLoader@76b47204 - got cpw.mods.cl.ModuleClassLoader@7b60c3e
[23Nov2025 22:02:01.574] [main/DEBUG] [net.minecraftforge.fml.javafmlmod.FMLModContainer/LOADING]: Creating FMLModContainer instance for com.simibubi.create.Create
[23Nov2025 22:02:01.574] [main/DEBUG] [net.minecraftforge.fml.javafmlmod.FMLJavaModLanguageProvider/LOADING]: Loading FMLModContainer from classloader cpw.mods.modlauncher.TransformingClassLoader@76b47204 - got cpw.mods.cl.ModuleClassLoader@7b60c3e
[23Nov2025 22:02:01.574] [main/DEBUG] [net.minecraftforge.fml.javafmlmod.FMLModContainer/LOADING]: Creating FMLModContainer instance for com.soytutta.mynethersdelight.MyNethersDelight
[23Nov2025 22:02:01.575] [main/DEBUG] [net.minecraftforge.fml.javafmlmod.FMLJavaModLanguageProvider/LOADING]: Loading FMLModContainer from classloader cpw.mods.modlauncher.TransformingClassLoader@76b47204 - got cpw.mods.cl.ModuleClassLoader@7b60c3e
[23Nov2025 22:02:01.575] [main/DEBUG] [net.minecraftforge.fml.javafmlmod.FMLModContainer/LOADING]: Creating FMLModContainer instance for someassemblyrequired.SomeAssemblyRequired
[23Nov2025 22:02:01.575] [main/DEBUG] [net.minecraftforge.fml.javafmlmod.FMLJavaModLanguageProvider/LOADING]: Loading FMLModContainer from classloader cpw.mods.modlauncher.TransformingClassLoader@76b47204 - got cpw.mods.cl.ModuleClassLoader@7b60c3e
[23Nov2025 22:02:01.575] [main/DEBUG] [net.minecraftforge.fml.javafmlmod.FMLModContainer/LOADING]: Creating FMLModContainer instance for com.llamalad7.mixinextras.platform.forge.MixinExtrasMod
[23Nov2025 22:02:01.576] [main/DEBUG] [net.minecraftforge.fml.javafmlmod.FMLJavaModLanguageProvider/LOADING]: Loading FMLModContainer from classloader cpw.mods.modlauncher.TransformingClassLoader@76b47204 - got cpw.mods.cl.ModuleClassLoader@7b60c3e
[23Nov2025 22:02:01.576] [main/DEBUG] [net.minecraftforge.fml.javafmlmod.FMLModContainer/LOADING]: Creating FMLModContainer instance for net.orcinus.overweightfarming.OverweightFarming
[23Nov2025 22:02:01.576] [main/DEBUG] [net.minecraftforge.fml.javafmlmod.FMLJavaModLanguageProvider/LOADING]: Loading FMLModContainer from classloader cpw.mods.modlauncher.TransformingClassLoader@76b47204 - got cpw.mods.cl.ModuleClassLoader@7b60c3e
[23Nov2025 22:02:01.576] [main/DEBUG] [net.minecraftforge.fml.javafmlmod.FMLModContainer/LOADING]: Creating FMLModContainer instance for net.p3pp3rf1y.sophisticatedbackpacks.SophisticatedBackpacks
[23Nov2025 22:02:01.577] [main/DEBUG] [net.minecraftforge.fml.javafmlmod.FMLJavaModLanguageProvider/LOADING]: Loading FMLModContainer from classloader cpw.mods.modlauncher.TransformingClassLoader@76b47204 - got cpw.mods.cl.ModuleClassLoader@7b60c3e
[23Nov2025 22:02:01.577] [main/DEBUG] [net.minecraftforge.fml.javafmlmod.FMLModContainer/LOADING]: Creating FMLModContainer instance for com.phantomwing.rusticdelight.RusticDelight
[23Nov2025 22:02:01.578] [main/DEBUG] [net.minecraftforge.fml.javafmlmod.FMLJavaModLanguageProvider/LOADING]: Loading FMLModContainer from classloader cpw.mods.modlauncher.TransformingClassLoader@76b47204 - got cpw.mods.cl.ModuleClassLoader@7b60c3e
[23Nov2025 22:02:01.578] [main/DEBUG] [net.minecraftforge.fml.javafmlmod.FMLModContainer/LOADING]: Creating FMLModContainer instance for dev.architectury.forge.ArchitecturyForge
[23Nov2025 22:02:01.578] [main/DEBUG] [net.minecraftforge.fml.javafmlmod.FMLJavaModLanguageProvider/LOADING]: Loading FMLModContainer from classloader cpw.mods.modlauncher.TransformingClassLoader@76b47204 - got cpw.mods.cl.ModuleClassLoader@7b60c3e
[23Nov2025 22:02:01.578] [main/DEBUG] [net.minecraftforge.fml.javafmlmod.FMLModContainer/LOADING]: Creating FMLModContainer instance for de.cristelknight.doapi.forge.DoApiForge
[23Nov2025 22:02:01.579] [main/DEBUG] [net.minecraftforge.fml.javafmlmod.FMLJavaModLanguageProvider/LOADING]: Loading FMLModContainer from classloader cpw.mods.modlauncher.TransformingClassLoader@76b47204 - got cpw.mods.cl.ModuleClassLoader@7b60c3e
[23Nov2025 22:02:01.579] [main/DEBUG] [net.minecraftforge.fml.javafmlmod.FMLModContainer/LOADING]: Creating FMLModContainer instance for de.cristelknight.doapi.forge.terraform.TerraformApiForge
[23Nov2025 22:02:01.579] [main/DEBUG] [net.minecraftforge.fml.javafmlmod.FMLJavaModLanguageProvider/LOADING]: Loading FMLModContainer from classloader cpw.mods.modlauncher.TransformingClassLoader@76b47204 - got cpw.mods.cl.ModuleClassLoader@7b60c3e
[23Nov2025 22:02:01.579] [main/DEBUG] [net.minecraftforge.fml.javafmlmod.FMLModContainer/LOADING]: Creating FMLModContainer instance for net.satisfy.bakery.forge.BakeryForge
[23Nov2025 22:02:01.579] [main/DEBUG] [net.minecraftforge.fml.javafmlmod.FMLJavaModLanguageProvider/LOADING]: Loading FMLModContainer from classloader cpw.mods.modlauncher.TransformingClassLoader@76b47204 - got cpw.mods.cl.ModuleClassLoader@7b60c3e
[23Nov2025 22:02:01.579] [main/DEBUG] [net.minecraftforge.fml.javafmlmod.FMLModContainer/LOADING]: Creating FMLModContainer instance for me.shedaniel.clothconfig.ClothConfigForge
[23Nov2025 22:02:01.580] [main/DEBUG] [net.minecraftforge.fml.javafmlmod.FMLJavaModLanguageProvider/LOADING]: Loading FMLModContainer from classloader cpw.mods.modlauncher.TransformingClassLoader@76b47204 - got cpw.mods.cl.ModuleClassLoader@7b60c3e
[23Nov2025 22:02:01.580] [main/DEBUG] [net.minecraftforge.fml.javafmlmod.FMLModContainer/LOADING]: Creating FMLModContainer instance for net.minecraftforge.common.ForgeMod
[23Nov2025 22:02:01.582] [main/DEBUG] [net.minecraftforge.fml.javafmlmod.FMLJavaModLanguageProvider/LOADING]: Loading FMLModContainer from classloader cpw.mods.modlauncher.TransformingClassLoader@76b47204 - got cpw.mods.cl.ModuleClassLoader@7b60c3e
[23Nov2025 22:02:01.582] [main/DEBUG] [net.minecraftforge.fml.javafmlmod.FMLModContainer/LOADING]: Creating FMLModContainer instance for net.satisfy.farm_and_charm.forge.FarmAndCharmForge
[23Nov2025 22:02:01.613] [modloading-worker-0/DEBUG] [net.minecraftforge.fml.config.ConfigTracker/CONFIG]: Config file pizzadelight-server.toml for pizzadelight tracking
[23Nov2025 22:02:01.613] [modloading-worker-0/DEBUG] [net.minecraftforge.fml.config.ConfigTracker/CONFIG]: Config file jei-server.toml for jei tracking
[23Nov2025 22:02:01.623] [modloading-worker-0/DEBUG] [net.minecraftforge.fml.javafmlmod.AutomaticEventSubscriber/LOADING]: Attempting to inject @EventBusSubscriber classes into the eventbus for jei
[23Nov2025 22:02:01.631] [modloading-worker-0/DEBUG] [net.minecraftforge.fml.config.ConfigTracker/CONFIG]: Config file farmersdelight-common.toml for farmersdelight tracking
[23Nov2025 22:02:01.632] [modloading-worker-0/DEBUG] [net.minecraftforge.fml.config.ConfigTracker/CONFIG]: Config file farmersdelight-client.toml for farmersdelight tracking
[23Nov2025 22:02:01.632] [modloading-worker-0/DEBUG] [net.minecraftforge.fml.config.ConfigTracker/CONFIG]: Config file tacz-common.toml for tacz tracking
[23Nov2025 22:02:01.635] [modloading-worker-0/DEBUG] [net.minecraftforge.fml.config.ConfigTracker/CONFIG]: Config file tacz-server.toml for tacz tracking
[23Nov2025 22:02:01.641] [modloading-worker-0/DEBUG] [net.minecraftforge.fml.config.ConfigTracker/CONFIG]: Config file tacz-client.toml for tacz tracking
[23Nov2025 22:02:01.642] [modloading-worker-0/DEBUG] [net.minecraftforge.fml.javafmlmod.AutomaticEventSubscriber/LOADING]: Attempting to inject @EventBusSubscriber classes into the eventbus for jade
[23Nov2025 22:02:01.649] [modloading-worker-0/DEBUG] [net.minecraftforge.fml.config.ConfigTracker/CONFIG]: Config file sophisticatedcore-common.toml for sophisticatedcore tracking
[23Nov2025 22:02:01.649] [modloading-worker-0/DEBUG] [net.minecraftforge.fml.config.ConfigTracker/CONFIG]: Config file sophisticatedcore-client.toml for sophisticatedcore tracking
[23Nov2025 22:02:01.656] [modloading-worker-0/DEBUG] [net.minecraftforge.fml.javafmlmod.AutomaticEventSubscriber/LOADING]: Attempting to inject @EventBusSubscriber classes into the eventbus for pizzadelight
[23Nov2025 22:02:01.661] [modloading-worker-0/DEBUG] [net.minecraftforge.fml.javafmlmod.AutomaticEventSubscriber/LOADING]: Auto-subscribing com.tiviacz.pizzadelight.handlers.ModEventHandler to MOD
[23Nov2025 22:02:01.662] [modloading-worker-0/DEBUG] [net.minecraftforge.fml.javafmlmod.AutomaticEventSubscriber/LOADING]: Auto-subscribing com.tiviacz.pizzadelight.config.PizzaDelightConfig to MOD
[23Nov2025 22:02:01.674] [modloading-worker-0/DEBUG] [net.minecraftforge.fml.config.ConfigTracker/CONFIG]: Config file flywheel-client.toml for flywheel tracking
[23Nov2025 22:02:01.678] [modloading-worker-0/DEBUG] [net.minecraftforge.fml.javafmlmod.AutomaticEventSubscriber/LOADING]: Attempting to inject @EventBusSubscriber classes into the eventbus for flywheel
[23Nov2025 22:02:01.698] [modloading-worker-0/DEBUG] [net.minecraftforge.fml.config.ConfigTracker/CONFIG]: Config file ponder-client.toml for ponder tracking
[23Nov2025 22:02:01.700] [modloading-worker-0/DEBUG] [net.minecraftforge.fml.javafmlmod.AutomaticEventSubscriber/LOADING]: Attempting to inject @EventBusSubscriber classes into the eventbus for ponder
[23Nov2025 22:02:01.700] [modloading-worker-0/DEBUG] [net.minecraftforge.fml.javafmlmod.AutomaticEventSubscriber/LOADING]: Auto-subscribing net.createmod.ponder.ForgePonder$ModBusEvents to MOD
[23Nov2025 22:02:01.700] [modloading-worker-0/DEBUG] [mixin/]: Mixing accessor.RecipeManagerAccessor from farmersdelight.mixins.json into net.minecraft.world.item.crafting.RecipeManager
[23Nov2025 22:02:01.707] [modloading-worker-0/DEBUG] [net.minecraftforge.fml.javafmlmod.AutomaticEventSubscriber/LOADING]: Auto-subscribing net.createmod.ponder.ForgePonder$Events to FORGE
[23Nov2025 22:02:01.713] [modloading-worker-0/INFO] [com.simibubi.create.Create/]: Create 6.0.8 initializing! Commit hash: 1a1a9a2819b4f89f78caec41b55ed8cb222fa24b
[23Nov2025 22:02:01.724] [modloading-worker-0/DEBUG] [mixin/]: Mixing MixinLevelEvent from architectury.mixins.json into net.minecraftforge.event.level.LevelEvent
[23Nov2025 22:02:01.770] [modloading-worker-0/DEBUG] [net.minecraftforge.fml.javafmlmod.AutomaticEventSubscriber/LOADING]: Attempting to inject @EventBusSubscriber classes into the eventbus for sophisticatedcore
[23Nov2025 22:02:01.774] [modloading-worker-0/DEBUG] [com.tterrag.registrate.AbstractRegistrate/REGISTRATE.REGISTER]: Captured registration for entry death_count of type create:display_source
[23Nov2025 22:02:01.775] [modloading-worker-0/DEBUG] [com.tterrag.registrate.AbstractRegistrate/REGISTRATE.REGISTER]: Captured registration for entry scoreboard of type create:display_source
[23Nov2025 22:02:01.780] [modloading-worker-0/DEBUG] [com.tterrag.registrate.AbstractRegistrate/REGISTRATE.REGISTER]: Captured registration for entry enchant_power of type create:display_source
[23Nov2025 22:02:01.781] [modloading-worker-0/DEBUG] [com.tterrag.registrate.AbstractRegistrate/REGISTRATE.REGISTER]: Captured registration for entry redstone_power of type create:display_source
[23Nov2025 22:02:01.782] [modloading-worker-0/DEBUG] [com.tterrag.registrate.AbstractRegistrate/REGISTRATE.REGISTER]: Captured registration for entry nixie_tube of type create:display_source
[23Nov2025 22:02:01.785] [modloading-worker-0/DEBUG] [com.tterrag.registrate.AbstractRegistrate/REGISTRATE.REGISTER]: Captured registration for entry item_names of type create:display_source
[23Nov2025 22:02:01.786] [modloading-worker-0/DEBUG] [com.tterrag.registrate.AbstractRegistrate/REGISTRATE.REGISTER]: Captured registration for entry boiler of type create:display_source
[23Nov2025 22:02:01.787] [modloading-worker-0/DEBUG] [com.tterrag.registrate.AbstractRegistrate/REGISTRATE.REGISTER]: Captured registration for entry current_floor of type create:display_source
[23Nov2025 22:02:01.790] [modloading-worker-0/DEBUG] [com.tterrag.registrate.AbstractRegistrate/REGISTRATE.REGISTER]: Captured registration for entry fill_level of type create:display_source
[23Nov2025 22:02:01.791] [modloading-worker-0/DEBUG] [com.tterrag.registrate.AbstractRegistrate/REGISTRATE.REGISTER]: Captured registration for entry gauge_status of type create:display_source
[23Nov2025 22:02:01.792] [modloading-worker-0/DEBUG] [com.tterrag.registrate.AbstractRegistrate/REGISTRATE.REGISTER]: Captured registration for entry entity_name of type create:display_source
[23Nov2025 22:02:01.793] [modloading-worker-0/DEBUG] [com.tterrag.registrate.AbstractRegistrate/REGISTRATE.REGISTER]: Captured registration for entry time_of_day of type create:display_source
[23Nov2025 22:02:01.796] [modloading-worker-0/DEBUG] [com.tterrag.registrate.AbstractRegistrate/REGISTRATE.REGISTER]: Captured registration for entry stopwatch of type create:display_source
[23Nov2025 22:02:01.797] [modloading-worker-0/DEBUG] [com.tterrag.registrate.AbstractRegistrate/REGISTRATE.REGISTER]: Captured registration for entry kinetic_speed of type create:display_source
[23Nov2025 22:02:01.798] [modloading-worker-0/DEBUG] [com.tterrag.registrate.AbstractRegistrate/REGISTRATE.REGISTER]: Captured registration for entry kinetic_stress of type create:display_source
[23Nov2025 22:02:01.799] [modloading-worker-0/DEBUG] [com.tterrag.registrate.AbstractRegistrate/REGISTRATE.REGISTER]: Captured registration for entry station_summary of type create:display_source
[23Nov2025 22:02:01.803] [modloading-worker-0/DEBUG] [com.tterrag.registrate.AbstractRegistrate/REGISTRATE.REGISTER]: Captured registration for entry train_status of type create:display_source
[23Nov2025 22:02:01.804] [modloading-worker-0/DEBUG] [com.tterrag.registrate.AbstractRegistrate/REGISTRATE.REGISTER]: Captured registration for entry observed_train_name of type create:display_source
[23Nov2025 22:02:01.805] [modloading-worker-0/DEBUG] [com.tterrag.registrate.AbstractRegistrate/REGISTRATE.REGISTER]: Captured registration for entry accumulate_items of type create:display_source
[23Nov2025 22:02:01.807] [modloading-worker-0/DEBUG] [com.tterrag.registrate.AbstractRegistrate/REGISTRATE.REGISTER]: Captured registration for entry item_throughput of type create:display_source
[23Nov2025 22:02:01.807] [modloading-worker-0/DEBUG] [com.tterrag.registrate.AbstractRegistrate/REGISTRATE.REGISTER]: Captured registration for entry count_items of type create:display_source
[23Nov2025 22:02:01.808] [modloading-worker-0/DEBUG] [com.tterrag.registrate.AbstractRegistrate/REGISTRATE.REGISTER]: Captured registration for entry list_items of type create:display_source
[23Nov2025 22:02:01.808] [modloading-worker-0/DEBUG] [com.tterrag.registrate.AbstractRegistrate/REGISTRATE.REGISTER]: Captured registration for entry count_fluids of type create:display_source
[23Nov2025 22:02:01.809] [modloading-worker-0/DEBUG] [com.tterrag.registrate.AbstractRegistrate/REGISTRATE.REGISTER]: Captured registration for entry list_fluids of type create:display_source
[23Nov2025 22:02:01.816] [modloading-worker-0/DEBUG] [com.tterrag.registrate.AbstractRegistrate/REGISTRATE.REGISTER]: Captured registration for entry read_package_address of type create:display_source
[23Nov2025 22:02:01.817] [modloading-worker-0/DEBUG] [com.tterrag.registrate.AbstractRegistrate/REGISTRATE.REGISTER]: Captured registration for entry computer of type create:display_source
[23Nov2025 22:02:01.826] [modloading-worker-0/DEBUG] [com.tterrag.registrate.AbstractRegistrate/REGISTRATE.REGISTER]: Captured registration for entry sign of type create:display_target
[23Nov2025 22:02:01.827] [modloading-worker-0/DEBUG] [com.tterrag.registrate.AbstractRegistrate/REGISTRATE.REGISTER]: Captured registration for entry lectern of type create:display_target
[23Nov2025 22:02:01.842] [modloading-worker-0/DEBUG] [com.tterrag.registrate.AbstractRegistrate/REGISTRATE.REGISTER]: Captured registration for entry display_board of type create:display_target
[23Nov2025 22:02:01.843] [modloading-worker-0/DEBUG] [com.tterrag.registrate.AbstractRegistrate/REGISTRATE.REGISTER]: Captured registration for entry nixie_tube of type create:display_target
[23Nov2025 22:02:01.861] [modloading-worker-0/DEBUG] [net.minecraftforge.fml.javafmlmod.AutomaticEventSubscriber/LOADING]: Attempting to inject @EventBusSubscriber classes into the eventbus for farmersdelight
[23Nov2025 22:02:01.861] [modloading-worker-0/DEBUG] [net.minecraftforge.fml.javafmlmod.AutomaticEventSubscriber/LOADING]: Auto-subscribing vectorwing.farmersdelight.data.DataGenerators to MOD
[23Nov2025 22:02:01.862] [modloading-worker-0/DEBUG] [net.minecraftforge.fml.javafmlmod.AutomaticEventSubscriber/LOADING]: Auto-subscribing vectorwing.farmersdelight.common.item.SkilletItem$SkilletEvents to FORGE
[23Nov2025 22:02:01.865] [modloading-worker-0/DEBUG] [net.minecraftforge.fml.javafmlmod.AutomaticEventSubscriber/LOADING]: Auto-subscribing vectorwing.farmersdelight.common.item.KnifeItem$KnifeEvents to FORGE
[23Nov2025 22:02:01.869] [modloading-worker-0/DEBUG] [net.minecraftforge.fml.javafmlmod.AutomaticEventSubscriber/LOADING]: Auto-subscribing vectorwing.farmersdelight.common.item.HorseFeedItem$HorseFeedEvent to FORGE
[23Nov2025 22:02:01.885] [modloading-worker-0/DEBUG] [net.minecraftforge.fml.javafmlmod.AutomaticEventSubscriber/LOADING]: Auto-subscribing vectorwing.farmersdelight.common.item.enchantment.BackstabbingEnchantment$BackstabbingEvent to FORGE
[23Nov2025 22:02:01.891] [modloading-worker-0/DEBUG] [net.minecraftforge.fml.javafmlmod.AutomaticEventSubscriber/LOADING]: Auto-subscribing vectorwing.farmersdelight.common.item.DogFoodItem$DogFoodEvent to FORGE
[23Nov2025 22:02:01.895] [modloading-worker-0/DEBUG] [net.minecraftforge.fml.javafmlmod.AutomaticEventSubscriber/LOADING]: Auto-subscribing vectorwing.farmersdelight.common.event.VillagerEvents to FORGE
[23Nov2025 22:02:01.899] [modloading-worker-0/DEBUG] [net.minecraftforge.fml.javafmlmod.AutomaticEventSubscriber/LOADING]: Auto-subscribing vectorwing.farmersdelight.common.event.SetupEvents to MOD
[23Nov2025 22:02:01.901] [modloading-worker-0/DEBUG] [net.minecraftforge.fml.javafmlmod.AutomaticEventSubscriber/LOADING]: Auto-subscribing vectorwing.farmersdelight.common.event.MappingEvents to FORGE
[23Nov2025 22:02:01.903] [modloading-worker-0/DEBUG] [net.minecraftforge.fml.javafmlmod.AutomaticEventSubscriber/LOADING]: Auto-subscribing vectorwing.farmersdelight.common.event.CommonEvents to FORGE
[23Nov2025 22:02:01.906] [modloading-worker-0/DEBUG] [net.minecraftforge.fml.javafmlmod.AutomaticEventSubscriber/LOADING]: Auto-subscribing vectorwing.farmersdelight.common.block.CuttingBoardBlock$ToolCarvingEvent to FORGE
[23Nov2025 22:02:01.909] [modloading-worker-0/DEBUG] [net.minecraftforge.fml.javafmlmod.AutomaticEventSubscriber/LOADING]: Attempting to inject @EventBusSubscriber classes into the eventbus for tacz
[23Nov2025 22:02:01.910] [modloading-worker-0/DEBUG] [net.minecraftforge.fml.javafmlmod.AutomaticEventSubscriber/LOADING]: Attempting to inject @EventBusSubscriber classes into the eventbus for mynethersdelight
[23Nov2025 22:02:01.910] [modloading-worker-0/DEBUG] [net.minecraftforge.fml.javafmlmod.AutomaticEventSubscriber/LOADING]: Auto-subscribing com.soytutta.mynethersdelight.core.data.MNDDataGenerators to MOD
[23Nov2025 22:02:01.911] [modloading-worker-0/DEBUG] [net.minecraftforge.fml.javafmlmod.AutomaticEventSubscriber/LOADING]: Auto-subscribing com.soytutta.mynethersdelight.common.registry.MNDCreativeTab to MOD
[23Nov2025 22:02:01.911] [modloading-worker-0/DEBUG] [net.minecraftforge.fml.javafmlmod.AutomaticEventSubscriber/LOADING]: Auto-subscribing com.soytutta.mynethersdelight.common.item.HotCreamConeItem to FORGE
[23Nov2025 22:02:01.911] [modloading-worker-0/DEBUG] [net.minecraftforge.fml.javafmlmod.AutomaticEventSubscriber/LOADING]: Auto-subscribing com.tacz.guns.resource.CommonAssetsManager to FORGE
[23Nov2025 22:02:01.917] [modloading-worker-0/DEBUG] [net.minecraftforge.fml.javafmlmod.AutomaticEventSubscriber/LOADING]: Auto-subscribing com.soytutta.mynethersdelight.common.item.HotCreamConeItem$StriderFeedEvent to FORGE
[23Nov2025 22:02:01.920] [modloading-worker-0/DEBUG] [net.minecraftforge.fml.javafmlmod.AutomaticEventSubscriber/LOADING]: Attempting to inject @EventBusSubscriber classes into the eventbus for mixinextras
[23Nov2025 22:02:01.921] [modloading-worker-0/DEBUG] [net.minecraftforge.fml.config.ConfigTracker/CONFIG]: Config file overweight_farming-common.toml for overweight_farming tracking
[23Nov2025 22:02:01.941] [modloading-worker-0/DEBUG] [net.minecraftforge.fml.javafmlmod.AutomaticEventSubscriber/LOADING]: Auto-subscribing com.tacz.guns.init.ModRecipe to MOD
[23Nov2025 22:02:01.941] [modloading-worker-0/DEBUG] [net.minecraftforge.fml.javafmlmod.AutomaticEventSubscriber/LOADING]: Auto-subscribing com.tacz.guns.init.ModItems to MOD
[23Nov2025 22:02:01.941] [modloading-worker-0/DEBUG] [net.minecraftforge.fml.javafmlmod.AutomaticEventSubscriber/LOADING]: Auto-subscribing com.tacz.guns.init.CompatRegistry to MOD
[23Nov2025 22:02:01.942] [modloading-worker-0/DEBUG] [net.minecraftforge.fml.javafmlmod.AutomaticEventSubscriber/LOADING]: Auto-subscribing com.tacz.guns.init.CommonRegistry to MOD
[23Nov2025 22:02:01.950] [modloading-worker-0/DEBUG] [net.minecraftforge.fml.javafmlmod.AutomaticEventSubscriber/LOADING]: Auto-subscribing com.tacz.guns.init.CommandRegistry to FORGE
[23Nov2025 22:02:01.951] [modloading-worker-0/DEBUG] [net.minecraftforge.fml.javafmlmod.AutomaticEventSubscriber/LOADING]: Auto-subscribing com.tacz.guns.init.CapabilityRegistry to MOD
[23Nov2025 22:02:01.952] [modloading-worker-0/DEBUG] [net.minecraftforge.fml.javafmlmod.AutomaticEventSubscriber/LOADING]: Auto-subscribing com.tacz.guns.event.TravelToDimensionEvent to FORGE
[23Nov2025 22:02:01.964] [modloading-worker-0/DEBUG] [net.minecraftforge.fml.javafmlmod.AutomaticEventSubscriber/LOADING]: Auto-subscribing com.tacz.guns.event.SyncedEntityDataEvent to FORGE
[23Nov2025 22:02:01.977] [modloading-worker-0/DEBUG] [net.minecraftforge.fml.javafmlmod.AutomaticEventSubscriber/LOADING]: Auto-subscribing com.tacz.guns.event.SyncBaseTimestamp to FORGE
[23Nov2025 22:02:01.983] [modloading-worker-0/DEBUG] [net.minecraftforge.fml.javafmlmod.AutomaticEventSubscriber/LOADING]: Auto-subscribing com.tacz.guns.event.ServerTickEvent to FORGE
[23Nov2025 22:02:01.984] [modloading-worker-0/DEBUG] [net.minecraftforge.fml.javafmlmod.AutomaticEventSubscriber/LOADING]: Auto-subscribing com.tacz.guns.event.PreventGunClick to FORGE
[23Nov2025 22:02:01.994] [modloading-worker-0/DEBUG] [net.minecraftforge.fml.javafmlmod.AutomaticEventSubscriber/LOADING]: Attempting to inject @EventBusSubscriber classes into the eventbus for overweight_farming
[23Nov2025 22:02:01.994] [modloading-worker-0/DEBUG] [net.minecraftforge.fml.javafmlmod.AutomaticEventSubscriber/LOADING]: Auto-subscribing net.orcinus.overweightfarming.init.OFTreeDecoratorTypes to MOD
[23Nov2025 22:02:01.994] [modloading-worker-0/DEBUG] [net.minecraftforge.fml.javafmlmod.AutomaticEventSubscriber/LOADING]: Auto-subscribing net.orcinus.overweightfarming.init.OFParticleTypes to MOD
[23Nov2025 22:02:01.994] [modloading-worker-0/DEBUG] [net.minecraftforge.fml.javafmlmod.AutomaticEventSubscriber/LOADING]: Auto-subscribing net.orcinus.overweightfarming.init.OFItems to MOD
[23Nov2025 22:02:01.994] [modloading-worker-0/DEBUG] [net.minecraftforge.fml.javafmlmod.AutomaticEventSubscriber/LOADING]: Auto-subscribing net.orcinus.overweightfarming.init.OFEntityTypes to MOD
[23Nov2025 22:02:01.994] [modloading-worker-0/DEBUG] [net.minecraftforge.fml.javafmlmod.AutomaticEventSubscriber/LOADING]: Auto-subscribing net.orcinus.overweightfarming.init.OFBlocks to MOD
[23Nov2025 22:02:01.994] [modloading-worker-0/DEBUG] [net.minecraftforge.fml.javafmlmod.AutomaticEventSubscriber/LOADING]: Auto-subscribing net.orcinus.overweightfarming.init.OFBlockEntityTypes to MOD
[23Nov2025 22:02:01.994] [modloading-worker-0/DEBUG] [net.minecraftforge.fml.javafmlmod.AutomaticEventSubscriber/LOADING]: Auto-subscribing net.orcinus.overweightfarming.events.MobEvents to MOD
[23Nov2025 22:02:01.996] [modloading-worker-0/DEBUG] [net.minecraftforge.fml.javafmlmod.AutomaticEventSubscriber/LOADING]: Auto-subscribing net.orcinus.overweightfarming.events.MiscEvents to MOD
[23Nov2025 22:02:01.996] [modloading-worker-0/DEBUG] [net.minecraftforge.fml.javafmlmod.AutomaticEventSubscriber/LOADING]: Auto-subscribing net.orcinus.overweightfarming.data.OFDataGenerator to MOD
[23Nov2025 22:02:01.997] [modloading-worker-0/DEBUG] [net.minecraftforge.fml.javafmlmod.AutomaticEventSubscriber/LOADING]: Auto-subscribing net.orcinus.overweightfarming.config.OFConfig to FORGE
[23Nov2025 22:02:02.004] [modloading-worker-0/DEBUG] [net.minecraftforge.fml.javafmlmod.AutomaticEventSubscriber/LOADING]: Auto-subscribing com.tacz.guns.event.PlayerRespawnEvent to FORGE
[23Nov2025 22:02:02.005] [modloading-worker-0/DEBUG] [net.minecraftforge.fml.javafmlmod.AutomaticEventSubscriber/LOADING]: Auto-subscribing com.tacz.guns.event.LoadingConfigEvent to MOD
[23Nov2025 22:02:02.007] [modloading-worker-0/DEBUG] [net.minecraftforge.fml.javafmlmod.AutomaticEventSubscriber/LOADING]: Auto-subscribing com.tacz.guns.event.KnockbackChange to FORGE
[23Nov2025 22:02:02.012] [modloading-worker-0/DEBUG] [net.minecraftforge.fml.javafmlmod.AutomaticEventSubscriber/LOADING]: Auto-subscribing com.tacz.guns.event.HitboxHelperEvent to FORGE
[23Nov2025 22:02:02.014] [modloading-worker-0/DEBUG] [net.minecraftforge.fml.javafmlmod.AutomaticEventSubscriber/LOADING]: Auto-subscribing com.tacz.guns.event.EntityDamageEvent to FORGE
[23Nov2025 22:02:02.017] [modloading-worker-0/DEBUG] [net.minecraftforge.fml.javafmlmod.AutomaticEventSubscriber/LOADING]: Auto-subscribing com.tacz.guns.event.CommonLoadPack to MOD
[23Nov2025 22:02:02.018] [modloading-worker-0/DEBUG] [net.minecraftforge.fml.javafmlmod.AutomaticEventSubscriber/LOADING]: Auto-subscribing com.tacz.guns.event.ammo.DestroyGlassBlock to FORGE
[23Nov2025 22:02:02.022] [modloading-worker-0/DEBUG] [net.minecraftforge.fml.javafmlmod.AutomaticEventSubscriber/LOADING]: Auto-subscribing com.tacz.guns.event.ammo.BellRing to FORGE
[23Nov2025 22:02:02.023] [modloading-worker-0/DEBUG] [net.minecraftforge.fml.javafmlmod.AutomaticEventSubscriber/LOADING]: Auto-subscribing com.tacz.guns.client.event.TooltipEvent to FORGE
[23Nov2025 22:02:02.038] [modloading-worker-0/DEBUG] [net.minecraftforge.fml.config.ConfigTracker/CONFIG]: Config file rusticdelight-common.toml for rusticdelight tracking
[23Nov2025 22:02:02.046] [modloading-worker-0/DEBUG] [mixin/]: Mixing accessor.BlockLootSubProviderAccessor from create.mixins.json into net.minecraft.data.loot.BlockLootSubProvider
[23Nov2025 22:02:02.047] [modloading-worker-0/DEBUG] [mixin/]: Renaming @Accessor method create$HAS_SILK_TOUCH()Lnet/minecraft/world/level/storage/loot/predicates/LootItemCondition$Builder; to create$HAS_SILK_TOUCH_$md$4b03bc$0 in create.mixins.json:accessor.BlockLootSubProviderAccessor
[23Nov2025 22:02:02.072] [modloading-worker-0/DEBUG] [com.tterrag.registrate.AbstractRegistrate/REGISTRATE.REGISTER]: Captured registration for entry schematicannon of type minecraft:item
[23Nov2025 22:02:02.073] [modloading-worker-0/DEBUG] [com.tterrag.registrate.AbstractRegistrate/REGISTRATE.REGISTER]: Captured registration for entry schematicannon of type minecraft:block
[23Nov2025 22:02:02.074] [modloading-worker-0/DEBUG] [com.tterrag.registrate.AbstractRegistrate/REGISTRATE.REGISTER]: Captured registration for entry schematic_table of type minecraft:item
[23Nov2025 22:02:02.075] [modloading-worker-0/DEBUG] [com.tterrag.registrate.AbstractRegistrate/REGISTRATE.REGISTER]: Captured registration for entry schematic_table of type minecraft:block
[23Nov2025 22:02:02.086] [modloading-worker-0/DEBUG] [net.minecraftforge.fml.javafmlmod.AutomaticEventSubscriber/LOADING]: Attempting to inject @EventBusSubscriber classes into the eventbus for rusticdelight
[23Nov2025 22:02:02.086] [modloading-worker-0/DEBUG] [net.minecraftforge.fml.javafmlmod.AutomaticEventSubscriber/LOADING]: Auto-subscribing com.phantomwing.rusticdelight.event.ModEvents to FORGE
[23Nov2025 22:02:02.087] [modloading-worker-0/DEBUG] [net.minecraftforge.fml.javafmlmod.AutomaticEventSubscriber/LOADING]: Auto-subscribing com.phantomwing.rusticdelight.datagen.DataGenerators to MOD
[23Nov2025 22:02:02.101] [modloading-worker-0/DEBUG] [net.minecraftforge.fml.javafmlmod.AutomaticEventSubscriber/LOADING]: Attempting to inject @EventBusSubscriber classes into the eventbus for some_assembly_required
[23Nov2025 22:02:02.101] [modloading-worker-0/DEBUG] [net.minecraftforge.fml.javafmlmod.AutomaticEventSubscriber/LOADING]: Auto-subscribing someassemblyrequired.data.SomeAssemblyRequiredData to MOD
[23Nov2025 22:02:02.103] [modloading-worker-0/DEBUG] [com.tterrag.registrate.AbstractRegistrate/REGISTRATE.REGISTER]: Captured registration for entry shaft of type minecraft:item
[23Nov2025 22:02:02.103] [modloading-worker-0/DEBUG] [com.tterrag.registrate.AbstractRegistrate/REGISTRATE.REGISTER]: Captured registration for entry shaft of type minecraft:block
[23Nov2025 22:02:02.108] [modloading-worker-0/DEBUG] [net.minecraftforge.fml.config.ConfigTracker/CONFIG]: Config file sophisticatedbackpacks-server.toml for sophisticatedbackpacks tracking
[23Nov2025 22:02:02.108] [modloading-worker-0/DEBUG] [net.minecraftforge.fml.config.ConfigTracker/CONFIG]: Config file sophisticatedbackpacks-common.toml for sophisticatedbackpacks tracking
[23Nov2025 22:02:02.112] [modloading-worker-0/DEBUG] [com.tterrag.registrate.AbstractRegistrate/REGISTRATE.REGISTER]: Captured registration for entry cogwheel of type minecraft:item
[23Nov2025 22:02:02.113] [modloading-worker-0/DEBUG] [com.tterrag.registrate.AbstractRegistrate/REGISTRATE.REGISTER]: Captured registration for entry cogwheel of type minecraft:block
[23Nov2025 22:02:02.114] [modloading-worker-0/DEBUG] [com.tterrag.registrate.AbstractRegistrate/REGISTRATE.REGISTER]: Captured registration for entry large_cogwheel of type minecraft:item
[23Nov2025 22:02:02.114] [modloading-worker-0/DEBUG] [com.tterrag.registrate.AbstractRegistrate/REGISTRATE.REGISTER]: Captured registration for entry large_cogwheel of type minecraft:block
[23Nov2025 22:02:02.139] [modloading-worker-0/DEBUG] [doapi/]: Registering Sounds for doapi
[23Nov2025 22:02:02.139] [modloading-worker-0/DEBUG] [net.minecraftforge.fml.javafmlmod.AutomaticEventSubscriber/LOADING]: Attempting to inject @EventBusSubscriber classes into the eventbus for doapi
[23Nov2025 22:02:02.145] [modloading-worker-0/DEBUG] [net.minecraftforge.fml.javafmlmod.AutomaticEventSubscriber/LOADING]: Attempting to inject @EventBusSubscriber classes into the eventbus for terraform
[23Nov2025 22:02:02.146] [modloading-worker-0/DEBUG] [com.tterrag.registrate.AbstractRegistrate/REGISTRATE.REGISTER]: Captured registration for entry andesite_encased_shaft of type minecraft:item
[23Nov2025 22:02:02.147] [modloading-worker-0/DEBUG] [com.tterrag.registrate.AbstractRegistrate/REGISTRATE.REGISTER]: Captured registration for entry andesite_encased_shaft of type minecraft:block
[23Nov2025 22:02:02.151] [modloading-worker-0/DEBUG] [com.tterrag.registrate.AbstractRegistrate/REGISTRATE.REGISTER]: Captured registration for entry brass_encased_shaft of type minecraft:item
[23Nov2025 22:02:02.151] [modloading-worker-0/DEBUG] [com.tterrag.registrate.AbstractRegistrate/REGISTRATE.REGISTER]: Captured registration for entry brass_encased_shaft of type minecraft:block
[23Nov2025 22:02:02.153] [modloading-worker-0/DEBUG] [com.tterrag.registrate.AbstractRegistrate/REGISTRATE.REGISTER]: Captured registration for entry andesite_encased_cogwheel of type minecraft:item
[23Nov2025 22:02:02.157] [modloading-worker-0/DEBUG] [com.tterrag.registrate.AbstractRegistrate/REGISTRATE.REGISTER]: Captured registration for entry andesite_encased_cogwheel of type minecraft:block
[23Nov2025 22:02:02.158] [modloading-worker-0/DEBUG] [com.tterrag.registrate.AbstractRegistrate/REGISTRATE.REGISTER]: Captured registration for entry brass_encased_cogwheel of type minecraft:item
[23Nov2025 22:02:02.158] [modloading-worker-0/DEBUG] [com.tterrag.registrate.AbstractRegistrate/REGISTRATE.REGISTER]: Captured registration for entry brass_encased_cogwheel of type minecraft:block
[23Nov2025 22:02:02.161] [modloading-worker-0/DEBUG] [com.tterrag.registrate.AbstractRegistrate/REGISTRATE.REGISTER]: Captured registration for entry andesite_encased_large_cogwheel of type minecraft:item
[23Nov2025 22:02:02.162] [modloading-worker-0/DEBUG] [com.tterrag.registrate.AbstractRegistrate/REGISTRATE.REGISTER]: Captured registration for entry andesite_encased_large_cogwheel of type minecraft:block
[23Nov2025 22:02:02.165] [modloading-worker-0/DEBUG] [com.tterrag.registrate.AbstractRegistrate/REGISTRATE.REGISTER]: Captured registration for entry brass_encased_large_cogwheel of type minecraft:item
[23Nov2025 22:02:02.166] [modloading-worker-0/DEBUG] [com.tterrag.registrate.AbstractRegistrate/REGISTRATE.REGISTER]: Captured registration for entry brass_encased_large_cogwheel of type minecraft:block
[23Nov2025 22:02:02.167] [modloading-worker-0/DEBUG] [com.tterrag.registrate.AbstractRegistrate/REGISTRATE.REGISTER]: Captured registration for entry gearbox of type minecraft:item
[23Nov2025 22:02:02.167] [modloading-worker-0/DEBUG] [com.tterrag.registrate.AbstractRegistrate/REGISTRATE.REGISTER]: Captured registration for entry gearbox of type minecraft:block
[23Nov2025 22:02:02.172] [modloading-worker-0/DEBUG] [com.tterrag.registrate.AbstractRegistrate/REGISTRATE.REGISTER]: Captured registration for entry clutch of type minecraft:item
[23Nov2025 22:02:02.172] [modloading-worker-0/DEBUG] [com.tterrag.registrate.AbstractRegistrate/REGISTRATE.REGISTER]: Captured registration for entry clutch of type minecraft:block
[23Nov2025 22:02:02.173] [modloading-worker-0/DEBUG] [com.tterrag.registrate.AbstractRegistrate/REGISTRATE.REGISTER]: Captured registration for entry gearshift of type minecraft:item
[23Nov2025 22:02:02.173] [modloading-worker-0/DEBUG] [com.tterrag.registrate.AbstractRegistrate/REGISTRATE.REGISTER]: Captured registration for entry gearshift of type minecraft:block
[23Nov2025 22:02:02.175] [modloading-worker-0/DEBUG] [com.tterrag.registrate.AbstractRegistrate/REGISTRATE.REGISTER]: Captured registration for entry encased_chain_drive of type minecraft:item
[23Nov2025 22:02:02.178] [modloading-worker-0/DEBUG] [com.tterrag.registrate.AbstractRegistrate/REGISTRATE.REGISTER]: Captured registration for entry encased_chain_drive of type minecraft:block
[23Nov2025 22:02:02.179] [modloading-worker-0/DEBUG] [com.tterrag.registrate.AbstractRegistrate/REGISTRATE.REGISTER]: Captured registration for entry adjustable_chain_gearshift of type minecraft:item
[23Nov2025 22:02:02.179] [modloading-worker-0/DEBUG] [com.tterrag.registrate.AbstractRegistrate/REGISTRATE.REGISTER]: Captured registration for entry adjustable_chain_gearshift of type minecraft:block
[23Nov2025 22:02:02.189] [modloading-worker-0/DEBUG] [com.tterrag.registrate.AbstractRegistrate/REGISTRATE.REGISTER]: Captured registration for entry belt of type minecraft:block
[23Nov2025 22:02:02.190] [modloading-worker-0/DEBUG] [net.minecraftforge.fml.javafmlmod.AutomaticEventSubscriber/LOADING]: Attempting to inject @EventBusSubscriber classes into the eventbus for architectury
[23Nov2025 22:02:02.190] [modloading-worker-0/DEBUG] [net.minecraftforge.fml.javafmlmod.AutomaticEventSubscriber/LOADING]: Auto-subscribing dev.architectury.registry.level.entity.trade.forge.TradeRegistryImpl to FORGE
[23Nov2025 22:02:02.192] [modloading-worker-0/DEBUG] [net.minecraftforge.fml.javafmlmod.AutomaticEventSubscriber/LOADING]: Auto-subscribing dev.architectury.registry.forge.ReloadListenerRegistryImpl to FORGE
[23Nov2025 22:02:02.194] [modloading-worker-0/DEBUG] [com.tterrag.registrate.AbstractRegistrate/REGISTRATE.REGISTER]: Captured registration for entry chain_conveyor of type minecraft:item
[23Nov2025 22:02:02.197] [modloading-worker-0/DEBUG] [com.tterrag.registrate.AbstractRegistrate/REGISTRATE.REGISTER]: Captured registration for entry chain_conveyor of type minecraft:block
[23Nov2025 22:02:02.206] [modloading-worker-0/DEBUG] [net.minecraftforge.fml.javafmlmod.AutomaticEventSubscriber/LOADING]: Auto-subscribing dev.architectury.networking.forge.NetworkManagerImpl to FORGE
[23Nov2025 22:02:02.211] [modloading-worker-0/DEBUG] [com.tterrag.registrate.AbstractRegistrate/REGISTRATE.REGISTER]: Captured registration for entry creative_motor of type minecraft:item
[23Nov2025 22:02:02.212] [modloading-worker-0/DEBUG] [com.tterrag.registrate.AbstractRegistrate/REGISTRATE.REGISTER]: Captured registration for entry creative_motor of type minecraft:block
[23Nov2025 22:02:02.215] [modloading-worker-0/DEBUG] [bakery/]: Registering Mod BlockEntities for bakery
[23Nov2025 22:02:02.219] [modloading-worker-0/DEBUG] [bakery/]: Mob effects
[23Nov2025 22:02:02.220] [modloading-worker-0/INFO] [dev.architectury.networking.forge.NetworkManagerImpl/]: Registering C2S receiver with id architectury:sync_ids
[23Nov2025 22:02:02.220] [modloading-worker-0/DEBUG] [bakery/]: Registering Entities for bakery
[23Nov2025 22:02:02.220] [modloading-worker-0/DEBUG] [com.tterrag.registrate.AbstractRegistrate/REGISTRATE.REGISTER]: Captured registration for entry water_wheel of type minecraft:item
[23Nov2025 22:02:02.221] [modloading-worker-0/DEBUG] [com.tterrag.registrate.AbstractRegistrate/REGISTRATE.REGISTER]: Captured registration for entry water_wheel of type minecraft:block
[23Nov2025 22:02:02.228] [modloading-worker-0/DEBUG] [com.tterrag.registrate.AbstractRegistrate/REGISTRATE.REGISTER]: Captured registration for entry large_water_wheel of type minecraft:item
[23Nov2025 22:02:02.228] [modloading-worker-0/DEBUG] [com.tterrag.registrate.AbstractRegistrate/REGISTRATE.REGISTER]: Captured registration for entry large_water_wheel of type minecraft:block
[23Nov2025 22:02:02.230] [modloading-worker-0/DEBUG] [net.minecraftforge.fml.javafmlmod.AutomaticEventSubscriber/LOADING]: Attempting to inject @EventBusSubscriber classes into the eventbus for cloth_config
[23Nov2025 22:02:02.234] [modloading-worker-0/DEBUG] [com.tterrag.registrate.AbstractRegistrate/REGISTRATE.REGISTER]: Captured registration for entry water_wheel_structure of type minecraft:block
[23Nov2025 22:02:02.236] [modloading-worker-0/DEBUG] [com.tterrag.registrate.AbstractRegistrate/REGISTRATE.REGISTER]: Captured registration for entry encased_fan of type minecraft:item
[23Nov2025 22:02:02.238] [modloading-worker-0/DEBUG] [com.tterrag.registrate.AbstractRegistrate/REGISTRATE.REGISTER]: Captured registration for entry encased_fan of type minecraft:block
[23Nov2025 22:02:02.241] [modloading-worker-0/DEBUG] [net.minecraftforge.versions.forge.ForgeVersion/CORE]: Forge Version package package net.minecraftforge.versions.forge, Forge, version 47.3 from cpw.mods.modlauncher.TransformingClassLoader@76b47204
[23Nov2025 22:02:02.243] [modloading-worker-0/DEBUG] [net.minecraftforge.versions.forge.ForgeVersion/CORE]: Found Forge version 47.3.7
[23Nov2025 22:02:02.243] [modloading-worker-0/DEBUG] [net.minecraftforge.versions.forge.ForgeVersion/CORE]: Found Forge spec 47.3
[23Nov2025 22:02:02.243] [modloading-worker-0/DEBUG] [net.minecraftforge.versions.forge.ForgeVersion/CORE]: Found Forge group net.minecraftforge
[23Nov2025 22:02:02.243] [modloading-worker-0/DEBUG] [mixin/]: Mixing MixinLootDataManager from architectury.mixins.json into net.minecraft.world.level.storage.loot.LootDataManager
[23Nov2025 22:02:02.243] [modloading-worker-0/DEBUG] [com.tterrag.registrate.AbstractRegistrate/REGISTRATE.REGISTER]: Captured registration for entry nozzle of type minecraft:item
[23Nov2025 22:02:02.244] [modloading-worker-0/DEBUG] [com.tterrag.registrate.AbstractRegistrate/REGISTRATE.REGISTER]: Captured registration for entry nozzle of type minecraft:block
[23Nov2025 22:02:02.250] [modloading-worker-0/DEBUG] [com.tterrag.registrate.AbstractRegistrate/REGISTRATE.REGISTER]: Captured registration for entry turntable of type minecraft:item
[23Nov2025 22:02:02.251] [modloading-worker-0/DEBUG] [net.minecraftforge.versions.mcp.MCPVersion/CORE]: MCP Version package package net.minecraftforge.versions.mcp, Minecraft, version 1.20.1 from cpw.mods.modlauncher.TransformingClassLoader@76b47204
[23Nov2025 22:02:02.251] [modloading-worker-0/DEBUG] [net.minecraftforge.versions.mcp.MCPVersion/CORE]: Found MC version information 1.20.1
[23Nov2025 22:02:02.251] [modloading-worker-0/DEBUG] [net.minecraftforge.versions.mcp.MCPVersion/CORE]: Found MCP version information 20230612.114412
[23Nov2025 22:02:02.251] [modloading-worker-0/INFO] [net.minecraftforge.common.ForgeMod/FORGEMOD]: Forge mod loading, version 47.3.7, for MC 1.20.1 with MCP 20230612.114412
[23Nov2025 22:02:02.252] [modloading-worker-0/INFO] [net.minecraftforge.common.MinecraftForge/FORGE]: MinecraftForge v47.3.7 Initialized
[23Nov2025 22:02:02.254] [modloading-worker-0/DEBUG] [com.tterrag.registrate.AbstractRegistrate/REGISTRATE.REGISTER]: Captured registration for entry turntable of type minecraft:block
[23Nov2025 22:02:02.259] [modloading-worker-0/DEBUG] [com.tterrag.registrate.AbstractRegistrate/REGISTRATE.REGISTER]: Captured registration for entry hand_crank of type minecraft:item
[23Nov2025 22:02:02.259] [modloading-worker-0/DEBUG] [com.tterrag.registrate.AbstractRegistrate/REGISTRATE.REGISTER]: Captured registration for entry hand_crank of type minecraft:block
[23Nov2025 22:02:02.261] [modloading-worker-0/DEBUG] [com.tterrag.registrate.AbstractRegistrate/REGISTRATE.REGISTER]: Captured registration for entry cuckoo_clock of type minecraft:item
[23Nov2025 22:02:02.264] [modloading-worker-0/DEBUG] [com.tterrag.registrate.AbstractRegistrate/REGISTRATE.REGISTER]: Captured registration for entry cuckoo_clock of type minecraft:block
[23Nov2025 22:02:02.264] [modloading-worker-0/DEBUG] [com.tterrag.registrate.AbstractRegistrate/REGISTRATE.REGISTER]: Captured registration for entry mysterious_cuckoo_clock of type minecraft:item
[23Nov2025 22:02:02.265] [modloading-worker-0/DEBUG] [com.tterrag.registrate.AbstractRegistrate/REGISTRATE.REGISTER]: Captured registration for entry mysterious_cuckoo_clock of type minecraft:block
[23Nov2025 22:02:02.266] [modloading-worker-0/DEBUG] [com.tterrag.registrate.AbstractRegistrate/REGISTRATE.REGISTER]: Captured registration for entry millstone of type minecraft:item
[23Nov2025 22:02:02.269] [modloading-worker-0/DEBUG] [com.tterrag.registrate.AbstractRegistrate/REGISTRATE.REGISTER]: Captured registration for entry millstone of type minecraft:block
[23Nov2025 22:02:02.267] [modloading-worker-0/DEBUG] [net.minecraftforge.fml.javafmlmod.AutomaticEventSubscriber/LOADING]: Attempting to inject @EventBusSubscriber classes into the eventbus for bakery
[23Nov2025 22:02:02.271] [modloading-worker-0/DEBUG] [com.tterrag.registrate.AbstractRegistrate/REGISTRATE.REGISTER]: Captured registration for entry crushing_wheel of type minecraft:item
[23Nov2025 22:02:02.274] [modloading-worker-0/DEBUG] [com.tterrag.registrate.AbstractRegistrate/REGISTRATE.REGISTER]: Captured registration for entry crushing_wheel of type minecraft:block
[23Nov2025 22:02:02.277] [modloading-worker-0/DEBUG] [com.tterrag.registrate.AbstractRegistrate/REGISTRATE.REGISTER]: Captured registration for entry crushing_wheel_controller of type minecraft:block
[23Nov2025 22:02:02.285] [modloading-worker-0/DEBUG] [com.tterrag.registrate.AbstractRegistrate/REGISTRATE.REGISTER]: Captured registration for entry mechanical_press of type minecraft:item
[23Nov2025 22:02:02.288] [modloading-worker-0/DEBUG] [com.tterrag.registrate.AbstractRegistrate/REGISTRATE.REGISTER]: Captured registration for entry mechanical_press of type minecraft:block
[23Nov2025 22:02:02.291] [modloading-worker-0/DEBUG] [mixin/]: Mixing LeggingsItemMixin from FarmAndCharm.mixins.json into net.satisfy.farm_and_charm.core.item.DungareesItem
[23Nov2025 22:02:02.292] [modloading-worker-0/DEBUG] [com.tterrag.registrate.AbstractRegistrate/REGISTRATE.REGISTER]: Captured registration for entry mechanical_mixer of type minecraft:item
[23Nov2025 22:02:02.293] [modloading-worker-0/DEBUG] [com.tterrag.registrate.AbstractRegistrate/REGISTRATE.REGISTER]: Captured registration for entry mechanical_mixer of type minecraft:block
[23Nov2025 22:02:02.310] [modloading-worker-0/DEBUG] [com.tterrag.registrate.AbstractRegistrate/REGISTRATE.REGISTER]: Captured registration for entry basin of type minecraft:item
[23Nov2025 22:02:02.310] [modloading-worker-0/DEBUG] [com.tterrag.registrate.AbstractRegistrate/REGISTRATE.REGISTER]: Captured registration for entry basin of type minecraft:block
[23Nov2025 22:02:02.321] [modloading-worker-0/DEBUG] [com.tterrag.registrate.AbstractRegistrate/REGISTRATE.REGISTER]: Captured registration for entry blaze_burner of type minecraft:item
[23Nov2025 22:02:02.321] [modloading-worker-0/DEBUG] [com.tterrag.registrate.AbstractRegistrate/REGISTRATE.REGISTER]: Captured registration for entry blaze_burner of type minecraft:block
[23Nov2025 22:02:02.326] [modloading-worker-0/DEBUG] [com.tterrag.registrate.AbstractRegistrate/REGISTRATE.REGISTER]: Captured registration for entry lit_blaze_burner of type minecraft:block
[23Nov2025 22:02:02.339] [modloading-worker-0/DEBUG] [com.tterrag.registrate.AbstractRegistrate/REGISTRATE.REGISTER]: Captured registration for entry fallback of type create:mounted_item_storage_type
[23Nov2025 22:02:02.340] [modloading-worker-0/DEBUG] [com.tterrag.registrate.AbstractRegistrate/REGISTRATE.REGISTER]: Captured registration for entry creative_crate of type create:mounted_item_storage_type
[23Nov2025 22:02:02.341] [modloading-worker-0/DEBUG] [com.tterrag.registrate.AbstractRegistrate/REGISTRATE.REGISTER]: Captured registration for entry vault of type create:mounted_item_storage_type
[23Nov2025 22:02:02.345] [modloading-worker-0/DEBUG] [com.tterrag.registrate.AbstractRegistrate/REGISTRATE.REGISTER]: Captured registration for entry toolbox of type create:mounted_item_storage_type
[23Nov2025 22:02:02.350] [modloading-worker-0/DEBUG] [com.tterrag.registrate.AbstractRegistrate/REGISTRATE.REGISTER]: Captured registration for entry depot of type create:mounted_item_storage_type
[23Nov2025 22:02:02.355] [modloading-worker-0/DEBUG] [com.tterrag.registrate.AbstractRegistrate/REGISTRATE.REGISTER]: Captured registration for entry fluid_tank of type create:mounted_fluid_storage_type
[23Nov2025 22:02:02.356] [modloading-worker-0/DEBUG] [com.tterrag.registrate.AbstractRegistrate/REGISTRATE.REGISTER]: Captured registration for entry creative_fluid_tank of type create:mounted_fluid_storage_type
[23Nov2025 22:02:02.357] [modloading-worker-0/DEBUG] [com.tterrag.registrate.AbstractRegistrate/REGISTRATE.REGISTER]: Captured registration for entry simple of type create:mounted_item_storage_type
[23Nov2025 22:02:02.360] [modloading-worker-0/DEBUG] [com.tterrag.registrate.AbstractRegistrate/REGISTRATE.REGISTER]: Captured registration for entry chest of type create:mounted_item_storage_type
[23Nov2025 22:02:02.363] [modloading-worker-0/DEBUG] [com.tterrag.registrate.AbstractRegistrate/REGISTRATE.REGISTER]: Captured registration for entry dispenser of type create:mounted_item_storage_type
[23Nov2025 22:02:02.363] [modloading-worker-0/DEBUG] [com.tterrag.registrate.AbstractRegistrate/REGISTRATE.REGISTER]: Captured registration for entry depot of type minecraft:item
[23Nov2025 22:02:02.366] [modloading-worker-0/DEBUG] [com.tterrag.registrate.AbstractRegistrate/REGISTRATE.REGISTER]: Captured registration for entry depot of type minecraft:block
[23Nov2025 22:02:02.372] [modloading-worker-0/DEBUG] [com.tterrag.registrate.AbstractRegistrate/REGISTRATE.REGISTER]: Captured registration for entry weighted_ejector of type minecraft:item
[23Nov2025 22:02:02.372] [modloading-worker-0/DEBUG] [com.tterrag.registrate.AbstractRegistrate/REGISTRATE.REGISTER]: Captured registration for entry weighted_ejector of type minecraft:block
[23Nov2025 22:02:02.376] [modloading-worker-0/DEBUG] [net.minecraftforge.fml.javafmlmod.AutomaticEventSubscriber/LOADING]: Attempting to inject @EventBusSubscriber classes into the eventbus for sophisticatedbackpacks
[23Nov2025 22:02:02.378] [modloading-worker-0/DEBUG] [com.tterrag.registrate.AbstractRegistrate/REGISTRATE.REGISTER]: Captured registration for entry chute of type minecraft:item
[23Nov2025 22:02:02.378] [modloading-worker-0/DEBUG] [com.tterrag.registrate.AbstractRegistrate/REGISTRATE.REGISTER]: Captured registration for entry chute of type minecraft:block
[23Nov2025 22:02:02.384] [modloading-worker-0/DEBUG] [com.tterrag.registrate.AbstractRegistrate/REGISTRATE.REGISTER]: Captured registration for entry smart_chute of type minecraft:item
[23Nov2025 22:02:02.386] [modloading-worker-0/DEBUG] [com.tterrag.registrate.AbstractRegistrate/REGISTRATE.REGISTER]: Captured registration for entry smart_chute of type minecraft:block
[23Nov2025 22:02:02.391] [modloading-worker-0/DEBUG] [com.tterrag.registrate.AbstractRegistrate/REGISTRATE.REGISTER]: Captured registration for entry speedometer of type minecraft:item
[23Nov2025 22:02:02.394] [modloading-worker-0/DEBUG] [com.tterrag.registrate.AbstractRegistrate/REGISTRATE.REGISTER]: Captured registration for entry speedometer of type minecraft:block
[23Nov2025 22:02:02.397] [modloading-worker-0/DEBUG] [com.tterrag.registrate.AbstractRegistrate/REGISTRATE.REGISTER]: Captured registration for entry stressometer of type minecraft:item
[23Nov2025 22:02:02.397] [modloading-worker-0/DEBUG] [com.tterrag.registrate.AbstractRegistrate/REGISTRATE.REGISTER]: Captured registration for entry stressometer of type minecraft:block
[23Nov2025 22:02:02.404] [modloading-worker-0/DEBUG] [com.tterrag.registrate.AbstractRegistrate/REGISTRATE.REGISTER]: Captured registration for entry wooden_bracket of type minecraft:item
[23Nov2025 22:02:02.408] [modloading-worker-0/DEBUG] [com.tterrag.registrate.AbstractRegistrate/REGISTRATE.REGISTER]: Captured registration for entry wooden_bracket of type minecraft:block
[23Nov2025 22:02:02.411] [modloading-worker-0/INFO] [dev.architectury.networking.forge.NetworkManagerImpl/]: Registering C2S receiver with id farm_and_charm:set_text
[23Nov2025 22:02:02.412] [modloading-worker-0/DEBUG] [com.tterrag.registrate.AbstractRegistrate/REGISTRATE.REGISTER]: Captured registration for entry metal_bracket of type minecraft:item
[23Nov2025 22:02:02.412] [modloading-worker-0/DEBUG] [com.tterrag.registrate.AbstractRegistrate/REGISTRATE.REGISTER]: Captured registration for entry metal_bracket of type minecraft:block
[23Nov2025 22:02:02.417] [modloading-worker-0/DEBUG] [com.tterrag.registrate.AbstractRegistrate/REGISTRATE.REGISTER]: Captured registration for entry fluid_pipe of type minecraft:item
[23Nov2025 22:02:02.418] [modloading-worker-0/DEBUG] [com.tterrag.registrate.AbstractRegistrate/REGISTRATE.REGISTER]: Captured registration for entry fluid_pipe of type minecraft:block
[23Nov2025 22:02:02.419] [modloading-worker-0/DEBUG] [io.netty.util.internal.PlatformDependent0/]: -Dio.netty.noUnsafe: false
[23Nov2025 22:02:02.419] [modloading-worker-0/DEBUG] [io.netty.util.internal.PlatformDependent0/]: Java version: 17
[23Nov2025 22:02:02.420] [modloading-worker-0/DEBUG] [io.netty.util.internal.PlatformDependent0/]: sun.misc.Unsafe.theUnsafe: available
[23Nov2025 22:02:02.420] [modloading-worker-0/DEBUG] [io.netty.util.internal.PlatformDependent0/]: sun.misc.Unsafe.copyMemory: available
[23Nov2025 22:02:02.422] [modloading-worker-0/DEBUG] [io.netty.util.internal.PlatformDependent0/]: sun.misc.Unsafe.storeFence: available
[23Nov2025 22:02:02.421] [modloading-worker-0/DEBUG] [com.tterrag.registrate.AbstractRegistrate/REGISTRATE.REGISTER]: Captured registration for entry encased_fluid_pipe of type minecraft:block
[23Nov2025 22:02:02.422] [modloading-worker-0/DEBUG] [io.netty.util.internal.PlatformDependent0/]: java.nio.Buffer.address: available
[23Nov2025 22:02:02.423] [modloading-worker-0/DEBUG] [com.tterrag.registrate.AbstractRegistrate/REGISTRATE.REGISTER]: Captured registration for entry glass_fluid_pipe of type minecraft:block
[23Nov2025 22:02:02.423] [modloading-worker-0/DEBUG] [io.netty.util.internal.PlatformDependent0/]: direct buffer constructor: unavailable
java.lang.UnsupportedOperationException: Reflective setAccessible(true) disabled
	at io.netty.util.internal.ReflectionUtil.trySetAccessible(ReflectionUtil.java:31) ~[netty-common-4.1.82.Final.jar%2382!/:4.1.82.Final]
	at io.netty.util.internal.PlatformDependent0$5.run(PlatformDependent0.java:288) ~[netty-common-4.1.82.Final.jar%2382!/:4.1.82.Final]
	at java.security.AccessController.doPrivileged(AccessController.java:318) ~[?:?]
	at io.netty.util.internal.PlatformDependent0.<clinit>(PlatformDependent0.java:282) ~[netty-common-4.1.82.Final.jar%2382!/:4.1.82.Final]
	at io.netty.util.internal.PlatformDependent.isAndroid(PlatformDependent.java:333) ~[netty-common-4.1.82.Final.jar%2382!/:4.1.82.Final]
	at io.netty.util.internal.PlatformDependent.<clinit>(PlatformDependent.java:88) ~[netty-common-4.1.82.Final.jar%2382!/:4.1.82.Final]
	at io.netty.util.ConstantPool.<init>(ConstantPool.java:34) ~[netty-common-4.1.82.Final.jar%2382!/:4.1.82.Final]
	at io.netty.util.AttributeKey$1.<init>(AttributeKey.java:27) ~[netty-common-4.1.82.Final.jar%2382!/:4.1.82.Final]
	at io.netty.util.AttributeKey.<clinit>(AttributeKey.java:27) ~[netty-common-4.1.82.Final.jar%2382!/:4.1.82.Final]
	at net.minecraftforge.network.NetworkConstants.<clinit>(NetworkConstants.java:34) ~[forge-1.20.1-47.3.7-universal.jar%23140!/:?]
	at net.minecraftforge.common.ForgeMod.<init>(ForgeMod.java:429) ~[forge-1.20.1-47.3.7-universal.jar%23140!/:?]
	at jdk.internal.reflect.NativeConstructorAccessorImpl.newInstance0(Native Method) ~[?:?]
	at jdk.internal.reflect.NativeConstructorAccessorImpl.newInstance(NativeConstructorAccessorImpl.java:77) ~[?:?]
	at jdk.internal.reflect.DelegatingConstructorAccessorImpl.newInstance(DelegatingConstructorAccessorImpl.java:45) ~[?:?]
	at java.lang.reflect.Constructor.newInstanceWithCaller(Constructor.java:500) ~[?:?]
	at java.lang.reflect.Constructor.newInstance(Constructor.java:481) ~[?:?]
	at net.minecraftforge.fml.javafmlmod.FMLModContainer.constructMod(FMLModContainer.java:70) ~[javafmllanguage-1.20.1-47.3.7.jar%23137!/:?]
	at net.minecraftforge.fml.ModContainer.lambda$buildTransitionHandler$4(ModContainer.java:124) ~[fmlcore-1.20.1-47.3.7.jar%23136!/:?]
	at java.util.concurrent.CompletableFuture$AsyncRun.run(CompletableFuture.java:1804) ~[?:?]
	at java.util.concurrent.CompletableFuture$AsyncRun.exec(CompletableFuture.java:1796) ~[?:?]
	at java.util.concurrent.ForkJoinTask.doExec(ForkJoinTask.java:373) ~[?:?]
	at java.util.concurrent.ForkJoinPool$WorkQueue.topLevelExec(ForkJoinPool.java:1182) ~[?:?]
	at java.util.concurrent.ForkJoinPool.scan(ForkJoinPool.java:1655) ~[?:?]
	at java.util.concurrent.ForkJoinPool.runWorker(ForkJoinPool.java:1622) ~[?:?]
	at java.util.concurrent.ForkJoinWorkerThread.run(ForkJoinWorkerThread.java:165) ~[?:?]
[23Nov2025 22:02:02.424] [modloading-worker-0/DEBUG] [io.netty.util.internal.PlatformDependent0/]: java.nio.Bits.unaligned: available, true
[23Nov2025 22:02:02.425] [modloading-worker-0/DEBUG] [io.netty.util.internal.PlatformDependent0/]: jdk.internal.misc.Unsafe.allocateUninitializedArray(int): unavailable
java.lang.IllegalAccessException: class io.netty.util.internal.PlatformDependent0$7 (in module io.netty.common) cannot access class jdk.internal.misc.Unsafe (in module java.base) because module java.base does not export jdk.internal.misc to module io.netty.common
	at jdk.internal.reflect.Reflection.newIllegalAccessException(Reflection.java:392) ~[?:?]
	at java.lang.reflect.AccessibleObject.checkAccess(AccessibleObject.java:674) ~[?:?]
	at java.lang.reflect.Method.invoke(Method.java:561) ~[?:?]
	at io.netty.util.internal.PlatformDependent0$7.run(PlatformDependent0.java:410) ~[netty-common-4.1.82.Final.jar%2382!/:4.1.82.Final]
	at java.security.AccessController.doPrivileged(AccessController.java:318) ~[?:?]
	at io.netty.util.internal.PlatformDependent0.<clinit>(PlatformDependent0.java:401) ~[netty-common-4.1.82.Final.jar%2382!/:4.1.82.Final]
	at io.netty.util.internal.PlatformDependent.isAndroid(PlatformDependent.java:333) ~[netty-common-4.1.82.Final.jar%2382!/:4.1.82.Final]
	at io.netty.util.internal.PlatformDependent.<clinit>(PlatformDependent.java:88) ~[netty-common-4.1.82.Final.jar%2382!/:4.1.82.Final]
	at io.netty.util.ConstantPool.<init>(ConstantPool.java:34) ~[netty-common-4.1.82.Final.jar%2382!/:4.1.82.Final]
	at io.netty.util.AttributeKey$1.<init>(AttributeKey.java:27) ~[netty-common-4.1.82.Final.jar%2382!/:4.1.82.Final]
	at io.netty.util.AttributeKey.<clinit>(AttributeKey.java:27) ~[netty-common-4.1.82.Final.jar%2382!/:4.1.82.Final]
	at net.minecraftforge.network.NetworkConstants.<clinit>(NetworkConstants.java:34) ~[forge-1.20.1-47.3.7-universal.jar%23140!/:?]
	at net.minecraftforge.common.ForgeMod.<init>(ForgeMod.java:429) ~[forge-1.20.1-47.3.7-universal.jar%23140!/:?]
	at jdk.internal.reflect.NativeConstructorAccessorImpl.newInstance0(Native Method) ~[?:?]
	at jdk.internal.reflect.NativeConstructorAccessorImpl.newInstance(NativeConstructorAccessorImpl.java:77) ~[?:?]
	at jdk.internal.reflect.DelegatingConstructorAccessorImpl.newInstance(DelegatingConstructorAccessorImpl.java:45) ~[?:?]
	at java.lang.reflect.Constructor.newInstanceWithCaller(Constructor.java:500) ~[?:?]
	at java.lang.reflect.Constructor.newInstance(Constructor.java:481) ~[?:?]
	at net.minecraftforge.fml.javafmlmod.FMLModContainer.constructMod(FMLModContainer.java:70) ~[javafmllanguage-1.20.1-47.3.7.jar%23137!/:?]
	at net.minecraftforge.fml.ModContainer.lambda$buildTransitionHandler$4(ModContainer.java:124) ~[fmlcore-1.20.1-47.3.7.jar%23136!/:?]
	at java.util.concurrent.CompletableFuture$AsyncRun.run(CompletableFuture.java:1804) ~[?:?]
	at java.util.concurrent.CompletableFuture$AsyncRun.exec(CompletableFuture.java:1796) ~[?:?]
	at java.util.concurrent.ForkJoinTask.doExec(ForkJoinTask.java:373) ~[?:?]
	at java.util.concurrent.ForkJoinPool$WorkQueue.topLevelExec(ForkJoinPool.java:1182) ~[?:?]
	at java.util.concurrent.ForkJoinPool.scan(ForkJoinPool.java:1655) ~[?:?]
	at java.util.concurrent.ForkJoinPool.runWorker(ForkJoinPool.java:1622) ~[?:?]
	at java.util.concurrent.ForkJoinWorkerThread.run(ForkJoinWorkerThread.java:165) ~[?:?]
[23Nov2025 22:02:02.426] [modloading-worker-0/DEBUG] [io.netty.util.internal.PlatformDependent0/]: java.nio.DirectByteBuffer.<init>(long, int): unavailable
[23Nov2025 22:02:02.426] [modloading-worker-0/DEBUG] [io.netty.util.internal.PlatformDependent/]: sun.misc.Unsafe: available
[23Nov2025 22:02:02.427] [modloading-worker-0/DEBUG] [io.netty.util.internal.PlatformDependent/]: maxDirectMemory: 12884901888 bytes (maybe)
[23Nov2025 22:02:02.427] [modloading-worker-0/DEBUG] [io.netty.util.internal.PlatformDependent/]: -Dio.netty.tmpdir: /tmp (java.io.tmpdir)
[23Nov2025 22:02:02.428] [modloading-worker-0/DEBUG] [io.netty.util.internal.PlatformDependent/]: -Dio.netty.bitMode: 64 (sun.arch.data.model)
[23Nov2025 22:02:02.428] [modloading-worker-0/DEBUG] [io.netty.util.internal.PlatformDependent/]: -Dio.netty.maxDirectMemory: -1 bytes
[23Nov2025 22:02:02.429] [modloading-worker-0/DEBUG] [io.netty.util.internal.PlatformDependent/]: -Dio.netty.uninitializedArrayAllocationThreshold: -1
[23Nov2025 22:02:02.429] [modloading-worker-0/DEBUG] [com.tterrag.registrate.AbstractRegistrate/REGISTRATE.REGISTER]: Captured registration for entry mechanical_pump of type minecraft:item
[23Nov2025 22:02:02.429] [modloading-worker-0/DEBUG] [com.tterrag.registrate.AbstractRegistrate/REGISTRATE.REGISTER]: Captured registration for entry mechanical_pump of type minecraft:block
[23Nov2025 22:02:02.429] [modloading-worker-0/DEBUG] [io.netty.util.internal.CleanerJava9/]: java.nio.ByteBuffer.cleaner(): available
[23Nov2025 22:02:02.430] [modloading-worker-0/DEBUG] [io.netty.util.internal.PlatformDependent/]: -Dio.netty.noPreferDirect: false
[23Nov2025 22:02:02.434] [modloading-worker-0/DEBUG] [com.tterrag.registrate.AbstractRegistrate/REGISTRATE.REGISTER]: Captured registration for entry smart_fluid_pipe of type minecraft:item
[23Nov2025 22:02:02.434] [modloading-worker-0/DEBUG] [com.tterrag.registrate.AbstractRegistrate/REGISTRATE.REGISTER]: Captured registration for entry smart_fluid_pipe of type minecraft:block
[23Nov2025 22:02:02.436] [modloading-worker-0/DEBUG] [com.tterrag.registrate.AbstractRegistrate/REGISTRATE.REGISTER]: Captured registration for entry fluid_valve of type minecraft:item
[23Nov2025 22:02:02.436] [modloading-worker-0/DEBUG] [com.tterrag.registrate.AbstractRegistrate/REGISTRATE.REGISTER]: Captured registration for entry fluid_valve of type minecraft:block
[23Nov2025 22:02:02.437] [modloading-worker-0/DEBUG] [net.minecraftforge.fml.javafmlmod.AutomaticEventSubscriber/LOADING]: Attempting to inject @EventBusSubscriber classes into the eventbus for farm_and_charm
[23Nov2025 22:02:02.438] [modloading-worker-0/DEBUG] [com.tterrag.registrate.AbstractRegistrate/REGISTRATE.REGISTER]: Captured registration for entry copper_valve_handle of type minecraft:item
[23Nov2025 22:02:02.439] [modloading-worker-0/DEBUG] [com.tterrag.registrate.AbstractRegistrate/REGISTRATE.REGISTER]: Captured registration for entry copper_valve_handle of type minecraft:block
[23Nov2025 22:02:02.440] [modloading-worker-0/DEBUG] [com.tterrag.registrate.AbstractRegistrate/REGISTRATE.REGISTER]: Captured registration for entry white_valve_handle of type minecraft:item
[23Nov2025 22:02:02.441] [modloading-worker-0/DEBUG] [com.tterrag.registrate.AbstractRegistrate/REGISTRATE.REGISTER]: Captured registration for entry white_valve_handle of type minecraft:block
[23Nov2025 22:02:02.441] [modloading-worker-0/DEBUG] [com.tterrag.registrate.AbstractRegistrate/REGISTRATE.REGISTER]: Captured registration for entry orange_valve_handle of type minecraft:item
[23Nov2025 22:02:02.441] [modloading-worker-0/DEBUG] [com.tterrag.registrate.AbstractRegistrate/REGISTRATE.REGISTER]: Captured registration for entry orange_valve_handle of type minecraft:block
[23Nov2025 22:02:02.441] [modloading-worker-0/DEBUG] [com.tterrag.registrate.AbstractRegistrate/REGISTRATE.REGISTER]: Captured registration for entry magenta_valve_handle of type minecraft:item
[23Nov2025 22:02:02.441] [modloading-worker-0/DEBUG] [com.tterrag.registrate.AbstractRegistrate/REGISTRATE.REGISTER]: Captured registration for entry magenta_valve_handle of type minecraft:block
[23Nov2025 22:02:02.442] [modloading-worker-0/DEBUG] [com.tterrag.registrate.AbstractRegistrate/REGISTRATE.REGISTER]: Captured registration for entry light_blue_valve_handle of type minecraft:item
[23Nov2025 22:02:02.442] [modloading-worker-0/DEBUG] [com.tterrag.registrate.AbstractRegistrate/REGISTRATE.REGISTER]: Captured registration for entry light_blue_valve_handle of type minecraft:block
[23Nov2025 22:02:02.442] [modloading-worker-0/DEBUG] [com.tterrag.registrate.AbstractRegistrate/REGISTRATE.REGISTER]: Captured registration for entry yellow_valve_handle of type minecraft:item
[23Nov2025 22:02:02.442] [modloading-worker-0/DEBUG] [com.tterrag.registrate.AbstractRegistrate/REGISTRATE.REGISTER]: Captured registration for entry yellow_valve_handle of type minecraft:block
[23Nov2025 22:02:02.442] [modloading-worker-0/DEBUG] [com.tterrag.registrate.AbstractRegistrate/REGISTRATE.REGISTER]: Captured registration for entry lime_valve_handle of type minecraft:item
[23Nov2025 22:02:02.442] [modloading-worker-0/DEBUG] [com.tterrag.registrate.AbstractRegistrate/REGISTRATE.REGISTER]: Captured registration for entry lime_valve_handle of type minecraft:block
[23Nov2025 22:02:02.443] [modloading-worker-0/DEBUG] [com.tterrag.registrate.AbstractRegistrate/REGISTRATE.REGISTER]: Captured registration for entry pink_valve_handle of type minecraft:item
[23Nov2025 22:02:02.443] [modloading-worker-0/DEBUG] [com.tterrag.registrate.AbstractRegistrate/REGISTRATE.REGISTER]: Captured registration for entry pink_valve_handle of type minecraft:block
[23Nov2025 22:02:02.443] [modloading-worker-0/DEBUG] [com.tterrag.registrate.AbstractRegistrate/REGISTRATE.REGISTER]: Captured registration for entry gray_valve_handle of type minecraft:item
[23Nov2025 22:02:02.443] [modloading-worker-0/DEBUG] [com.tterrag.registrate.AbstractRegistrate/REGISTRATE.REGISTER]: Captured registration for entry gray_valve_handle of type minecraft:block
[23Nov2025 22:02:02.443] [modloading-worker-0/DEBUG] [com.tterrag.registrate.AbstractRegistrate/REGISTRATE.REGISTER]: Captured registration for entry light_gray_valve_handle of type minecraft:item
[23Nov2025 22:02:02.443] [modloading-worker-0/DEBUG] [com.tterrag.registrate.AbstractRegistrate/REGISTRATE.REGISTER]: Captured registration for entry light_gray_valve_handle of type minecraft:block
[23Nov2025 22:02:02.443] [modloading-worker-0/DEBUG] [com.tterrag.registrate.AbstractRegistrate/REGISTRATE.REGISTER]: Captured registration for entry cyan_valve_handle of type minecraft:item
[23Nov2025 22:02:02.443] [modloading-worker-0/DEBUG] [com.tterrag.registrate.AbstractRegistrate/REGISTRATE.REGISTER]: Captured registration for entry cyan_valve_handle of type minecraft:block
[23Nov2025 22:02:02.444] [modloading-worker-0/DEBUG] [com.tterrag.registrate.AbstractRegistrate/REGISTRATE.REGISTER]: Captured registration for entry purple_valve_handle of type minecraft:item
[23Nov2025 22:02:02.444] [modloading-worker-0/DEBUG] [com.tterrag.registrate.AbstractRegistrate/REGISTRATE.REGISTER]: Captured registration for entry purple_valve_handle of type minecraft:block
[23Nov2025 22:02:02.444] [modloading-worker-0/DEBUG] [com.tterrag.registrate.AbstractRegistrate/REGISTRATE.REGISTER]: Captured registration for entry blue_valve_handle of type minecraft:item
[23Nov2025 22:02:02.444] [modloading-worker-0/DEBUG] [com.tterrag.registrate.AbstractRegistrate/REGISTRATE.REGISTER]: Captured registration for entry blue_valve_handle of type minecraft:block
[23Nov2025 22:02:02.444] [modloading-worker-0/DEBUG] [com.tterrag.registrate.AbstractRegistrate/REGISTRATE.REGISTER]: Captured registration for entry brown_valve_handle of type minecraft:item
[23Nov2025 22:02:02.444] [modloading-worker-0/DEBUG] [com.tterrag.registrate.AbstractRegistrate/REGISTRATE.REGISTER]: Captured registration for entry brown_valve_handle of type minecraft:block
[23Nov2025 22:02:02.445] [modloading-worker-0/DEBUG] [com.tterrag.registrate.AbstractRegistrate/REGISTRATE.REGISTER]: Captured registration for entry green_valve_handle of type minecraft:item
[23Nov2025 22:02:02.445] [modloading-worker-0/DEBUG] [com.tterrag.registrate.AbstractRegistrate/REGISTRATE.REGISTER]: Captured registration for entry green_valve_handle of type minecraft:block
[23Nov2025 22:02:02.445] [modloading-worker-0/DEBUG] [com.tterrag.registrate.AbstractRegistrate/REGISTRATE.REGISTER]: Captured registration for entry red_valve_handle of type minecraft:item
[23Nov2025 22:02:02.445] [modloading-worker-0/DEBUG] [com.tterrag.registrate.AbstractRegistrate/REGISTRATE.REGISTER]: Captured registration for entry red_valve_handle of type minecraft:block
[23Nov2025 22:02:02.445] [modloading-worker-0/DEBUG] [com.tterrag.registrate.AbstractRegistrate/REGISTRATE.REGISTER]: Captured registration for entry black_valve_handle of type minecraft:item
[23Nov2025 22:02:02.445] [modloading-worker-0/DEBUG] [com.tterrag.registrate.AbstractRegistrate/REGISTRATE.REGISTER]: Captured registration for entry black_valve_handle of type minecraft:block
[23Nov2025 22:02:02.453] [modloading-worker-0/DEBUG] [com.tterrag.registrate.AbstractRegistrate/REGISTRATE.REGISTER]: Captured registration for entry fluid_tank of type minecraft:item
[23Nov2025 22:02:02.453] [modloading-worker-0/DEBUG] [com.tterrag.registrate.AbstractRegistrate/REGISTRATE.REGISTER]: Captured registration for entry fluid_tank of type minecraft:block
[23Nov2025 22:02:02.454] [modloading-worker-0/DEBUG] [com.tterrag.registrate.AbstractRegistrate/REGISTRATE.REGISTER]: Captured registration for entry creative_fluid_tank of type minecraft:item
[23Nov2025 22:02:02.454] [modloading-worker-0/DEBUG] [com.tterrag.registrate.AbstractRegistrate/REGISTRATE.REGISTER]: Captured registration for entry creative_fluid_tank of type minecraft:block
[23Nov2025 22:02:02.456] [modloading-worker-0/DEBUG] [com.tterrag.registrate.AbstractRegistrate/REGISTRATE.REGISTER]: Captured registration for entry hose_pulley of type minecraft:item
[23Nov2025 22:02:02.456] [modloading-worker-0/DEBUG] [com.tterrag.registrate.AbstractRegistrate/REGISTRATE.REGISTER]: Captured registration for entry hose_pulley of type minecraft:block
[23Nov2025 22:02:02.459] [modloading-worker-0/DEBUG] [com.tterrag.registrate.AbstractRegistrate/REGISTRATE.REGISTER]: Captured registration for entry item_drain of type minecraft:item
[23Nov2025 22:02:02.460] [modloading-worker-0/DEBUG] [com.tterrag.registrate.AbstractRegistrate/REGISTRATE.REGISTER]: Captured registration for entry item_drain of type minecraft:block
[23Nov2025 22:02:02.462] [modloading-worker-0/DEBUG] [com.tterrag.registrate.AbstractRegistrate/REGISTRATE.REGISTER]: Captured registration for entry spout of type minecraft:item
[23Nov2025 22:02:02.462] [modloading-worker-0/DEBUG] [com.tterrag.registrate.AbstractRegistrate/REGISTRATE.REGISTER]: Captured registration for entry spout of type minecraft:block
[23Nov2025 22:02:02.466] [modloading-worker-0/DEBUG] [com.tterrag.registrate.AbstractRegistrate/REGISTRATE.REGISTER]: Captured registration for entry portable_fluid_interface of type minecraft:item
[23Nov2025 22:02:02.466] [modloading-worker-0/DEBUG] [com.tterrag.registrate.AbstractRegistrate/REGISTRATE.REGISTER]: Captured registration for entry portable_fluid_interface of type minecraft:block
[23Nov2025 22:02:02.466] [modloading-worker-0/DEBUG] [net.minecraftforge.common.ForgeMod/FORGEMOD]: Loading Network data for FML net version: FML3
[23Nov2025 22:02:02.470] [modloading-worker-0/DEBUG] [com.tterrag.registrate.AbstractRegistrate/REGISTRATE.REGISTER]: Captured registration for entry steam_engine of type minecraft:item
[23Nov2025 22:02:02.470] [modloading-worker-0/DEBUG] [com.tterrag.registrate.AbstractRegistrate/REGISTRATE.REGISTER]: Captured registration for entry steam_engine of type minecraft:block
[23Nov2025 22:02:02.473] [modloading-worker-0/DEBUG] [com.tterrag.registrate.AbstractRegistrate/REGISTRATE.REGISTER]: Captured registration for entry steam_whistle of type minecraft:item
[23Nov2025 22:02:02.477] [modloading-worker-0/DEBUG] [com.tterrag.registrate.AbstractRegistrate/REGISTRATE.REGISTER]: Captured registration for entry steam_whistle of type minecraft:block
[23Nov2025 22:02:02.484] [modloading-worker-0/DEBUG] [net.minecraftforge.fml.config.ConfigTracker/CONFIG]: Config file forge-client.toml for forge tracking
[23Nov2025 22:02:02.487] [modloading-worker-0/DEBUG] [net.minecraftforge.fml.config.ConfigTracker/CONFIG]: Config file forge-server.toml for forge tracking
[23Nov2025 22:02:02.487] [modloading-worker-0/DEBUG] [net.minecraftforge.fml.ModLoadingContext/]: Attempted to register an empty config for type COMMON on mod forge
[23Nov2025 22:02:02.486] [modloading-worker-0/DEBUG] [com.tterrag.registrate.AbstractRegistrate/REGISTRATE.REGISTER]: Captured registration for entry steam_whistle_extension of type minecraft:block
[23Nov2025 22:02:02.490] [modloading-worker-0/DEBUG] [com.tterrag.registrate.AbstractRegistrate/REGISTRATE.REGISTER]: Captured registration for entry powered_shaft of type minecraft:block
[23Nov2025 22:02:02.502] [modloading-worker-0/DEBUG] [com.tterrag.registrate.AbstractRegistrate/REGISTRATE.REGISTER]: Captured registration for entry mechanical_piston of type minecraft:item
[23Nov2025 22:02:02.502] [modloading-worker-0/DEBUG] [com.tterrag.registrate.AbstractRegistrate/REGISTRATE.REGISTER]: Captured registration for entry mechanical_piston of type minecraft:block
[23Nov2025 22:02:02.503] [modloading-worker-0/DEBUG] [com.tterrag.registrate.AbstractRegistrate/REGISTRATE.REGISTER]: Captured registration for entry sticky_mechanical_piston of type minecraft:item
[23Nov2025 22:02:02.503] [modloading-worker-0/DEBUG] [com.tterrag.registrate.AbstractRegistrate/REGISTRATE.REGISTER]: Captured registration for entry sticky_mechanical_piston of type minecraft:block
[23Nov2025 22:02:02.506] [modloading-worker-0/DEBUG] [com.tterrag.registrate.AbstractRegistrate/REGISTRATE.REGISTER]: Captured registration for entry piston_extension_pole of type minecraft:item
[23Nov2025 22:02:02.506] [modloading-worker-0/DEBUG] [com.tterrag.registrate.AbstractRegistrate/REGISTRATE.REGISTER]: Captured registration for entry piston_extension_pole of type minecraft:block
[23Nov2025 22:02:02.507] [modloading-worker-0/DEBUG] [com.tterrag.registrate.AbstractRegistrate/REGISTRATE.REGISTER]: Captured registration for entry mechanical_piston_head of type minecraft:block
[23Nov2025 22:02:02.508] [modloading-worker-0/DEBUG] [net.minecraftforge.fml.javafmlmod.AutomaticEventSubscriber/LOADING]: Attempting to inject @EventBusSubscriber classes into the eventbus for forge
[23Nov2025 22:02:02.508] [modloading-worker-0/DEBUG] [com.tterrag.registrate.AbstractRegistrate/REGISTRATE.REGISTER]: Captured registration for entry gantry_carriage of type minecraft:item
[23Nov2025 22:02:02.509] [modloading-worker-0/DEBUG] [com.tterrag.registrate.AbstractRegistrate/REGISTRATE.REGISTER]: Captured registration for entry gantry_carriage of type minecraft:block
[23Nov2025 22:02:02.509] [modloading-worker-0/DEBUG] [net.minecraftforge.fml.javafmlmod.AutomaticEventSubscriber/LOADING]: Auto-subscribing net.minecraftforge.common.ForgeSpawnEggItem$CommonHandler to MOD
[23Nov2025 22:02:02.511] [modloading-worker-0/DEBUG] [com.tterrag.registrate.AbstractRegistrate/REGISTRATE.REGISTER]: Captured registration for entry gantry_shaft of type minecraft:item
[23Nov2025 22:02:02.511] [modloading-worker-0/DEBUG] [com.tterrag.registrate.AbstractRegistrate/REGISTRATE.REGISTER]: Captured registration for entry gantry_shaft of type minecraft:block
[23Nov2025 22:02:02.513] [modloading-worker-0/DEBUG] [com.tterrag.registrate.AbstractRegistrate/REGISTRATE.REGISTER]: Captured registration for entry windmill_bearing of type minecraft:item
[23Nov2025 22:02:02.513] [modloading-worker-0/DEBUG] [com.tterrag.registrate.AbstractRegistrate/REGISTRATE.REGISTER]: Captured registration for entry windmill_bearing of type minecraft:block
[23Nov2025 22:02:02.514] [modloading-worker-0/DEBUG] [com.tterrag.registrate.AbstractRegistrate/REGISTRATE.REGISTER]: Captured registration for entry mechanical_bearing of type minecraft:item
[23Nov2025 22:02:02.516] [modloading-worker-0/DEBUG] [com.tterrag.registrate.AbstractRegistrate/REGISTRATE.REGISTER]: Captured registration for entry mechanical_bearing of type minecraft:block
[23Nov2025 22:02:02.517] [modloading-worker-0/DEBUG] [com.tterrag.registrate.AbstractRegistrate/REGISTRATE.REGISTER]: Captured registration for entry clockwork_bearing of type minecraft:item
[23Nov2025 22:02:02.517] [modloading-worker-0/DEBUG] [com.tterrag.registrate.AbstractRegistrate/REGISTRATE.REGISTER]: Captured registration for entry clockwork_bearing of type minecraft:block
[23Nov2025 22:02:02.518] [modloading-worker-0/DEBUG] [com.tterrag.registrate.AbstractRegistrate/REGISTRATE.REGISTER]: Captured registration for entry rope_pulley of type minecraft:item
[23Nov2025 22:02:02.519] [modloading-worker-0/DEBUG] [com.tterrag.registrate.AbstractRegistrate/REGISTRATE.REGISTER]: Captured registration for entry rope_pulley of type minecraft:block
[23Nov2025 22:02:02.520] [modloading-worker-0/DEBUG] [com.tterrag.registrate.AbstractRegistrate/REGISTRATE.REGISTER]: Captured registration for entry rope of type minecraft:block
[23Nov2025 22:02:02.521] [modloading-worker-0/DEBUG] [com.tterrag.registrate.AbstractRegistrate/REGISTRATE.REGISTER]: Captured registration for entry pulley_magnet of type minecraft:block
[23Nov2025 22:02:02.522] [modloading-worker-0/DEBUG] [com.tterrag.registrate.AbstractRegistrate/REGISTRATE.REGISTER]: Captured registration for entry elevator_pulley of type minecraft:item
[23Nov2025 22:02:02.522] [modloading-worker-0/DEBUG] [com.tterrag.registrate.AbstractRegistrate/REGISTRATE.REGISTER]: Captured registration for entry elevator_pulley of type minecraft:block
[23Nov2025 22:02:02.526] [modloading-worker-0/DEBUG] [com.tterrag.registrate.AbstractRegistrate/REGISTRATE.REGISTER]: Captured registration for entry cart_assembler of type minecraft:item
[23Nov2025 22:02:02.526] [modloading-worker-0/DEBUG] [com.tterrag.registrate.AbstractRegistrate/REGISTRATE.REGISTER]: Captured registration for entry cart_assembler of type minecraft:block
[23Nov2025 22:02:02.528] [modloading-worker-0/DEBUG] [com.tterrag.registrate.AbstractRegistrate/REGISTRATE.REGISTER]: Captured registration for entry controller_rail of type minecraft:item
[23Nov2025 22:02:02.528] [modloading-worker-0/DEBUG] [com.tterrag.registrate.AbstractRegistrate/REGISTRATE.REGISTER]: Captured registration for entry controller_rail of type minecraft:block
[23Nov2025 22:02:02.529] [modloading-worker-0/DEBUG] [com.tterrag.registrate.AbstractRegistrate/REGISTRATE.REGISTER]: Captured registration for entry minecart_anchor of type minecraft:block
[23Nov2025 22:02:02.532] [modloading-worker-0/DEBUG] [com.tterrag.registrate.AbstractRegistrate/REGISTRATE.REGISTER]: Captured registration for entry linear_chassis of type minecraft:item
[23Nov2025 22:02:02.532] [modloading-worker-0/DEBUG] [com.tterrag.registrate.AbstractRegistrate/REGISTRATE.REGISTER]: Captured registration for entry linear_chassis of type minecraft:block
[23Nov2025 22:02:02.533] [modloading-worker-0/DEBUG] [com.tterrag.registrate.AbstractRegistrate/REGISTRATE.REGISTER]: Captured registration for entry secondary_linear_chassis of type minecraft:item
[23Nov2025 22:02:02.533] [modloading-worker-0/DEBUG] [com.tterrag.registrate.AbstractRegistrate/REGISTRATE.REGISTER]: Captured registration for entry secondary_linear_chassis of type minecraft:block
[23Nov2025 22:02:02.534] [modloading-worker-0/DEBUG] [com.tterrag.registrate.AbstractRegistrate/REGISTRATE.REGISTER]: Captured registration for entry radial_chassis of type minecraft:item
[23Nov2025 22:02:02.535] [modloading-worker-0/DEBUG] [com.tterrag.registrate.AbstractRegistrate/REGISTRATE.REGISTER]: Captured registration for entry radial_chassis of type minecraft:block
[23Nov2025 22:02:02.536] [modloading-worker-0/DEBUG] [com.tterrag.registrate.AbstractRegistrate/REGISTRATE.REGISTER]: Captured registration for entry sticker of type minecraft:item
[23Nov2025 22:02:02.536] [modloading-worker-0/DEBUG] [com.tterrag.registrate.AbstractRegistrate/REGISTRATE.REGISTER]: Captured registration for entry sticker of type minecraft:block
[23Nov2025 22:02:02.547] [modloading-worker-0/DEBUG] [com.tterrag.registrate.AbstractRegistrate/REGISTRATE.REGISTER]: Captured registration for entry contraption_controls of type minecraft:item
[23Nov2025 22:02:02.547] [modloading-worker-0/DEBUG] [com.tterrag.registrate.AbstractRegistrate/REGISTRATE.REGISTER]: Captured registration for entry contraption_controls of type minecraft:block
[23Nov2025 22:02:02.551] [modloading-worker-0/DEBUG] [com.tterrag.registrate.AbstractRegistrate/REGISTRATE.REGISTER]: Captured registration for entry mechanical_drill of type minecraft:item
[23Nov2025 22:02:02.551] [modloading-worker-0/DEBUG] [com.tterrag.registrate.AbstractRegistrate/REGISTRATE.REGISTER]: Captured registration for entry mechanical_drill of type minecraft:block
[23Nov2025 22:02:02.555] [modloading-worker-0/DEBUG] [com.tterrag.registrate.AbstractRegistrate/REGISTRATE.REGISTER]: Captured registration for entry mechanical_saw of type minecraft:item
[23Nov2025 22:02:02.555] [modloading-worker-0/DEBUG] [com.tterrag.registrate.AbstractRegistrate/REGISTRATE.REGISTER]: Captured registration for entry mechanical_saw of type minecraft:block
[23Nov2025 22:02:02.560] [modloading-worker-0/DEBUG] [com.tterrag.registrate.AbstractRegistrate/REGISTRATE.REGISTER]: Captured registration for entry deployer of type minecraft:item
[23Nov2025 22:02:02.560] [modloading-worker-0/DEBUG] [com.tterrag.registrate.AbstractRegistrate/REGISTRATE.REGISTER]: Captured registration for entry deployer of type minecraft:block
[23Nov2025 22:02:02.560] [modloading-worker-0/DEBUG] [com.tterrag.registrate.AbstractRegistrate/REGISTRATE.REGISTER]: Captured registration for entry portable_storage_interface of type minecraft:item
[23Nov2025 22:02:02.561] [modloading-worker-0/DEBUG] [com.tterrag.registrate.AbstractRegistrate/REGISTRATE.REGISTER]: Captured registration for entry portable_storage_interface of type minecraft:block
[23Nov2025 22:02:02.563] [modloading-worker-0/DEBUG] [com.tterrag.registrate.AbstractRegistrate/REGISTRATE.REGISTER]: Captured registration for entry redstone_contact of type minecraft:item
[23Nov2025 22:02:02.563] [modloading-worker-0/DEBUG] [com.tterrag.registrate.AbstractRegistrate/REGISTRATE.REGISTER]: Captured registration for entry redstone_contact of type minecraft:block
[23Nov2025 22:02:02.564] [modloading-worker-0/DEBUG] [com.tterrag.registrate.AbstractRegistrate/REGISTRATE.REGISTER]: Captured registration for entry elevator_contact of type minecraft:item
[23Nov2025 22:02:02.564] [modloading-worker-0/DEBUG] [com.tterrag.registrate.AbstractRegistrate/REGISTRATE.REGISTER]: Captured registration for entry elevator_contact of type minecraft:block
[23Nov2025 22:02:02.568] [modloading-worker-0/DEBUG] [com.tterrag.registrate.AbstractRegistrate/REGISTRATE.REGISTER]: Captured registration for entry mechanical_harvester of type minecraft:item
[23Nov2025 22:02:02.568] [modloading-worker-0/DEBUG] [com.tterrag.registrate.AbstractRegistrate/REGISTRATE.REGISTER]: Captured registration for entry mechanical_harvester of type minecraft:block
[23Nov2025 22:02:02.570] [modloading-worker-0/DEBUG] [com.tterrag.registrate.AbstractRegistrate/REGISTRATE.REGISTER]: Captured registration for entry mechanical_plough of type minecraft:item
[23Nov2025 22:02:02.570] [modloading-worker-0/DEBUG] [com.tterrag.registrate.AbstractRegistrate/REGISTRATE.REGISTER]: Captured registration for entry mechanical_plough of type minecraft:block
[23Nov2025 22:02:02.575] [modloading-worker-0/DEBUG] [com.tterrag.registrate.AbstractRegistrate/REGISTRATE.REGISTER]: Captured registration for entry mechanical_roller of type minecraft:item
[23Nov2025 22:02:02.575] [modloading-worker-0/DEBUG] [com.tterrag.registrate.AbstractRegistrate/REGISTRATE.REGISTER]: Captured registration for entry mechanical_roller of type minecraft:block
[23Nov2025 22:02:02.576] [modloading-worker-0/DEBUG] [com.tterrag.registrate.AbstractRegistrate/REGISTRATE.REGISTER]: Captured registration for entry sail_frame of type minecraft:item
[23Nov2025 22:02:02.576] [modloading-worker-0/DEBUG] [com.tterrag.registrate.AbstractRegistrate/REGISTRATE.REGISTER]: Captured registration for entry sail_frame of type minecraft:block
[23Nov2025 22:02:02.577] [modloading-worker-0/DEBUG] [com.tterrag.registrate.AbstractRegistrate/REGISTRATE.REGISTER]: Captured registration for entry white_sail of type minecraft:item
[23Nov2025 22:02:02.577] [modloading-worker-0/DEBUG] [com.tterrag.registrate.AbstractRegistrate/REGISTRATE.REGISTER]: Captured registration for entry white_sail of type minecraft:block
[23Nov2025 22:02:02.578] [modloading-worker-0/DEBUG] [com.tterrag.registrate.AbstractRegistrate/REGISTRATE.REGISTER]: Captured registration for entry orange_sail of type minecraft:block
[23Nov2025 22:02:02.578] [modloading-worker-0/DEBUG] [com.tterrag.registrate.AbstractRegistrate/REGISTRATE.REGISTER]: Captured registration for entry magenta_sail of type minecraft:block
[23Nov2025 22:02:02.578] [modloading-worker-0/DEBUG] [com.tterrag.registrate.AbstractRegistrate/REGISTRATE.REGISTER]: Captured registration for entry light_blue_sail of type minecraft:block
[23Nov2025 22:02:02.578] [modloading-worker-0/DEBUG] [com.tterrag.registrate.AbstractRegistrate/REGISTRATE.REGISTER]: Captured registration for entry yellow_sail of type minecraft:block
[23Nov2025 22:02:02.578] [modloading-worker-0/DEBUG] [com.tterrag.registrate.AbstractRegistrate/REGISTRATE.REGISTER]: Captured registration for entry lime_sail of type minecraft:block
[23Nov2025 22:02:02.578] [modloading-worker-0/DEBUG] [com.tterrag.registrate.AbstractRegistrate/REGISTRATE.REGISTER]: Captured registration for entry pink_sail of type minecraft:block
[23Nov2025 22:02:02.578] [modloading-worker-0/DEBUG] [com.tterrag.registrate.AbstractRegistrate/REGISTRATE.REGISTER]: Captured registration for entry gray_sail of type minecraft:block
[23Nov2025 22:02:02.578] [modloading-worker-0/DEBUG] [com.tterrag.registrate.AbstractRegistrate/REGISTRATE.REGISTER]: Captured registration for entry light_gray_sail of type minecraft:block
[23Nov2025 22:02:02.579] [modloading-worker-0/DEBUG] [com.tterrag.registrate.AbstractRegistrate/REGISTRATE.REGISTER]: Captured registration for entry cyan_sail of type minecraft:block
[23Nov2025 22:02:02.579] [modloading-worker-0/DEBUG] [com.tterrag.registrate.AbstractRegistrate/REGISTRATE.REGISTER]: Captured registration for entry purple_sail of type minecraft:block
[23Nov2025 22:02:02.579] [modloading-worker-0/DEBUG] [com.tterrag.registrate.AbstractRegistrate/REGISTRATE.REGISTER]: Captured registration for entry blue_sail of type minecraft:block
[23Nov2025 22:02:02.579] [modloading-worker-0/DEBUG] [com.tterrag.registrate.AbstractRegistrate/REGISTRATE.REGISTER]: Captured registration for entry brown_sail of type minecraft:block
[23Nov2025 22:02:02.579] [modloading-worker-0/DEBUG] [com.tterrag.registrate.AbstractRegistrate/REGISTRATE.REGISTER]: Captured registration for entry green_sail of type minecraft:block
[23Nov2025 22:02:02.579] [modloading-worker-0/DEBUG] [com.tterrag.registrate.AbstractRegistrate/REGISTRATE.REGISTER]: Captured registration for entry red_sail of type minecraft:block
[23Nov2025 22:02:02.579] [modloading-worker-0/DEBUG] [com.tterrag.registrate.AbstractRegistrate/REGISTRATE.REGISTER]: Captured registration for entry black_sail of type minecraft:block
[23Nov2025 22:02:02.581] [modloading-worker-0/DEBUG] [com.tterrag.registrate.AbstractRegistrate/REGISTRATE.REGISTER]: Captured registration for entry andesite_casing of type minecraft:item
[23Nov2025 22:02:02.581] [modloading-worker-0/DEBUG] [com.tterrag.registrate.AbstractRegistrate/REGISTRATE.REGISTER]: Captured registration for entry andesite_casing of type minecraft:block
[23Nov2025 22:02:02.581] [modloading-worker-0/DEBUG] [com.tterrag.registrate.AbstractRegistrate/REGISTRATE.REGISTER]: Captured registration for entry brass_casing of type minecraft:item
[23Nov2025 22:02:02.581] [modloading-worker-0/DEBUG] [com.tterrag.registrate.AbstractRegistrate/REGISTRATE.REGISTER]: Captured registration for entry brass_casing of type minecraft:block
[23Nov2025 22:02:02.582] [modloading-worker-0/DEBUG] [com.tterrag.registrate.AbstractRegistrate/REGISTRATE.REGISTER]: Captured registration for entry copper_casing of type minecraft:item
[23Nov2025 22:02:02.582] [modloading-worker-0/DEBUG] [com.tterrag.registrate.AbstractRegistrate/REGISTRATE.REGISTER]: Captured registration for entry copper_casing of type minecraft:block
[23Nov2025 22:02:02.583] [modloading-worker-0/DEBUG] [com.tterrag.registrate.AbstractRegistrate/REGISTRATE.REGISTER]: Captured registration for entry shadow_steel_casing of type minecraft:item
[23Nov2025 22:02:02.583] [modloading-worker-0/DEBUG] [com.tterrag.registrate.AbstractRegistrate/REGISTRATE.REGISTER]: Captured registration for entry shadow_steel_casing of type minecraft:block
[23Nov2025 22:02:02.583] [modloading-worker-0/DEBUG] [com.tterrag.registrate.AbstractRegistrate/REGISTRATE.REGISTER]: Captured registration for entry refined_radiance_casing of type minecraft:item
[23Nov2025 22:02:02.584] [modloading-worker-0/DEBUG] [com.tterrag.registrate.AbstractRegistrate/REGISTRATE.REGISTER]: Captured registration for entry refined_radiance_casing of type minecraft:block
[23Nov2025 22:02:02.586] [modloading-worker-0/DEBUG] [com.tterrag.registrate.AbstractRegistrate/REGISTRATE.REGISTER]: Captured registration for entry mechanical_crafter of type minecraft:item
[23Nov2025 22:02:02.586] [modloading-worker-0/DEBUG] [com.tterrag.registrate.AbstractRegistrate/REGISTRATE.REGISTER]: Captured registration for entry mechanical_crafter of type minecraft:block
[23Nov2025 22:02:02.588] [modloading-worker-0/DEBUG] [com.tterrag.registrate.AbstractRegistrate/REGISTRATE.REGISTER]: Captured registration for entry sequenced_gearshift of type minecraft:item
[23Nov2025 22:02:02.588] [modloading-worker-0/DEBUG] [com.tterrag.registrate.AbstractRegistrate/REGISTRATE.REGISTER]: Captured registration for entry sequenced_gearshift of type minecraft:block
[23Nov2025 22:02:02.589] [modloading-worker-0/DEBUG] [com.tterrag.registrate.AbstractRegistrate/REGISTRATE.REGISTER]: Captured registration for entry flywheel of type minecraft:item
[23Nov2025 22:02:02.589] [modloading-worker-0/DEBUG] [com.tterrag.registrate.AbstractRegistrate/REGISTRATE.REGISTER]: Captured registration for entry flywheel of type minecraft:block
[23Nov2025 22:02:02.590] [modloading-worker-0/DEBUG] [com.tterrag.registrate.AbstractRegistrate/REGISTRATE.REGISTER]: Captured registration for entry rotation_speed_controller of type minecraft:item
[23Nov2025 22:02:02.590] [modloading-worker-0/DEBUG] [com.tterrag.registrate.AbstractRegistrate/REGISTRATE.REGISTER]: Captured registration for entry rotation_speed_controller of type minecraft:block
[23Nov2025 22:02:02.592] [modloading-worker-0/DEBUG] [com.tterrag.registrate.AbstractRegistrate/REGISTRATE.REGISTER]: Captured registration for entry mechanical_arm of type minecraft:item
[23Nov2025 22:02:02.592] [modloading-worker-0/DEBUG] [com.tterrag.registrate.AbstractRegistrate/REGISTRATE.REGISTER]: Captured registration for entry mechanical_arm of type minecraft:block
[23Nov2025 22:02:02.607] [modloading-worker-0/DEBUG] [com.tterrag.registrate.AbstractRegistrate/REGISTRATE.REGISTER]: Captured registration for entry track of type minecraft:item
[23Nov2025 22:02:02.608] [modloading-worker-0/DEBUG] [com.tterrag.registrate.AbstractRegistrate/REGISTRATE.REGISTER]: Captured registration for entry track of type minecraft:block
[23Nov2025 22:02:02.609] [modloading-worker-0/DEBUG] [com.tterrag.registrate.AbstractRegistrate/REGISTRATE.REGISTER]: Captured registration for entry fake_track of type minecraft:block
[23Nov2025 22:02:02.610] [modloading-worker-0/DEBUG] [com.tterrag.registrate.AbstractRegistrate/REGISTRATE.REGISTER]: Captured registration for entry railway_casing of type minecraft:item
[23Nov2025 22:02:02.610] [modloading-worker-0/DEBUG] [com.tterrag.registrate.AbstractRegistrate/REGISTRATE.REGISTER]: Captured registration for entry railway_casing of type minecraft:block
[23Nov2025 22:02:02.618] [modloading-worker-0/DEBUG] [com.tterrag.registrate.AbstractRegistrate/REGISTRATE.REGISTER]: Captured registration for entry track_station of type minecraft:item
[23Nov2025 22:02:02.618] [modloading-worker-0/DEBUG] [com.tterrag.registrate.AbstractRegistrate/REGISTRATE.REGISTER]: Captured registration for entry track_station of type minecraft:block
[23Nov2025 22:02:02.620] [modloading-worker-0/DEBUG] [com.tterrag.registrate.AbstractRegistrate/REGISTRATE.REGISTER]: Captured registration for entry track_signal of type minecraft:item
[23Nov2025 22:02:02.620] [modloading-worker-0/DEBUG] [com.tterrag.registrate.AbstractRegistrate/REGISTRATE.REGISTER]: Captured registration for entry track_signal of type minecraft:block
[23Nov2025 22:02:02.621] [modloading-worker-0/DEBUG] [com.tterrag.registrate.AbstractRegistrate/REGISTRATE.REGISTER]: Captured registration for entry track_observer of type minecraft:item
[23Nov2025 22:02:02.621] [modloading-worker-0/DEBUG] [com.tterrag.registrate.AbstractRegistrate/REGISTRATE.REGISTER]: Captured registration for entry track_observer of type minecraft:block
[23Nov2025 22:02:02.622] [modloading-worker-0/DEBUG] [com.tterrag.registrate.AbstractRegistrate/REGISTRATE.REGISTER]: Captured registration for entry small_bogey of type minecraft:block
[23Nov2025 22:02:02.622] [modloading-worker-0/DEBUG] [com.tterrag.registrate.AbstractRegistrate/REGISTRATE.REGISTER]: Captured registration for entry large_bogey of type minecraft:block
[23Nov2025 22:02:02.623] [modloading-worker-0/DEBUG] [com.tterrag.registrate.AbstractRegistrate/REGISTRATE.REGISTER]: Captured registration for entry controls of type minecraft:item
[23Nov2025 22:02:02.624] [modloading-worker-0/DEBUG] [com.tterrag.registrate.AbstractRegistrate/REGISTRATE.REGISTER]: Captured registration for entry controls of type minecraft:block
[23Nov2025 22:02:02.628] [modloading-worker-0/DEBUG] [com.tterrag.registrate.AbstractRegistrate/REGISTRATE.REGISTER]: Captured registration for entry andesite_funnel of type minecraft:item
[23Nov2025 22:02:02.628] [modloading-worker-0/DEBUG] [com.tterrag.registrate.AbstractRegistrate/REGISTRATE.REGISTER]: Captured registration for entry andesite_funnel of type minecraft:block
[23Nov2025 22:02:02.629] [modloading-worker-0/DEBUG] [com.tterrag.registrate.AbstractRegistrate/REGISTRATE.REGISTER]: Captured registration for entry andesite_belt_funnel of type minecraft:block
[23Nov2025 22:02:02.630] [modloading-worker-0/DEBUG] [com.tterrag.registrate.AbstractRegistrate/REGISTRATE.REGISTER]: Captured registration for entry brass_funnel of type minecraft:item
[23Nov2025 22:02:02.630] [modloading-worker-0/DEBUG] [com.tterrag.registrate.AbstractRegistrate/REGISTRATE.REGISTER]: Captured registration for entry brass_funnel of type minecraft:block
[23Nov2025 22:02:02.631] [modloading-worker-0/DEBUG] [com.tterrag.registrate.AbstractRegistrate/REGISTRATE.REGISTER]: Captured registration for entry brass_belt_funnel of type minecraft:block
[23Nov2025 22:02:02.633] [modloading-worker-0/DEBUG] [com.tterrag.registrate.AbstractRegistrate/REGISTRATE.REGISTER]: Captured registration for entry andesite_tunnel of type minecraft:item
[23Nov2025 22:02:02.634] [modloading-worker-0/DEBUG] [com.tterrag.registrate.AbstractRegistrate/REGISTRATE.REGISTER]: Captured registration for entry andesite_tunnel of type minecraft:block
[23Nov2025 22:02:02.634] [modloading-worker-0/DEBUG] [com.tterrag.registrate.AbstractRegistrate/REGISTRATE.REGISTER]: Captured registration for entry brass_tunnel of type minecraft:item
[23Nov2025 22:02:02.635] [modloading-worker-0/DEBUG] [com.tterrag.registrate.AbstractRegistrate/REGISTRATE.REGISTER]: Captured registration for entry brass_tunnel of type minecraft:block
[23Nov2025 22:02:02.638] [modloading-worker-0/DEBUG] [com.tterrag.registrate.AbstractRegistrate/REGISTRATE.REGISTER]: Captured registration for entry content_observer of type minecraft:item
[23Nov2025 22:02:02.638] [modloading-worker-0/DEBUG] [com.tterrag.registrate.AbstractRegistrate/REGISTRATE.REGISTER]: Captured registration for entry content_observer of type minecraft:block
[23Nov2025 22:02:02.640] [modloading-worker-0/DEBUG] [com.tterrag.registrate.AbstractRegistrate/REGISTRATE.REGISTER]: Captured registration for entry stockpile_switch of type minecraft:item
[23Nov2025 22:02:02.640] [modloading-worker-0/DEBUG] [com.tterrag.registrate.AbstractRegistrate/REGISTRATE.REGISTER]: Captured registration for entry stockpile_switch of type minecraft:block
[23Nov2025 22:02:02.641] [modloading-worker-0/DEBUG] [com.tterrag.registrate.AbstractRegistrate/REGISTRATE.REGISTER]: Captured registration for entry creative_crate of type minecraft:item
[23Nov2025 22:02:02.641] [modloading-worker-0/DEBUG] [com.tterrag.registrate.AbstractRegistrate/REGISTRATE.REGISTER]: Captured registration for entry creative_crate of type minecraft:block
[23Nov2025 22:02:02.644] [modloading-worker-0/DEBUG] [com.tterrag.registrate.AbstractRegistrate/REGISTRATE.REGISTER]: Captured registration for entry item_vault of type minecraft:item
[23Nov2025 22:02:02.644] [modloading-worker-0/DEBUG] [com.tterrag.registrate.AbstractRegistrate/REGISTRATE.REGISTER]: Captured registration for entry item_vault of type minecraft:block
[23Nov2025 22:02:02.646] [modloading-worker-0/DEBUG] [com.tterrag.registrate.AbstractRegistrate/REGISTRATE.REGISTER]: Captured registration for entry item_hatch of type minecraft:item
[23Nov2025 22:02:02.646] [modloading-worker-0/DEBUG] [com.tterrag.registrate.AbstractRegistrate/REGISTRATE.REGISTER]: Captured registration for entry item_hatch of type minecraft:block
[23Nov2025 22:02:02.648] [modloading-worker-0/DEBUG] [com.tterrag.registrate.AbstractRegistrate/REGISTRATE.REGISTER]: Captured registration for entry packager of type minecraft:item
[23Nov2025 22:02:02.648] [modloading-worker-0/DEBUG] [com.tterrag.registrate.AbstractRegistrate/REGISTRATE.REGISTER]: Captured registration for entry packager of type minecraft:block
[23Nov2025 22:02:02.649] [modloading-worker-0/DEBUG] [com.tterrag.registrate.AbstractRegistrate/REGISTRATE.REGISTER]: Captured registration for entry repackager of type minecraft:item
[23Nov2025 22:02:02.649] [modloading-worker-0/DEBUG] [com.tterrag.registrate.AbstractRegistrate/REGISTRATE.REGISTER]: Captured registration for entry repackager of type minecraft:block
[23Nov2025 22:02:02.651] [modloading-worker-0/DEBUG] [com.tterrag.registrate.AbstractRegistrate/REGISTRATE.REGISTER]: Captured registration for entry package_frogport of type minecraft:item
[23Nov2025 22:02:02.651] [modloading-worker-0/DEBUG] [com.tterrag.registrate.AbstractRegistrate/REGISTRATE.REGISTER]: Captured registration for entry package_frogport of type minecraft:block
[23Nov2025 22:02:02.653] [modloading-worker-0/DEBUG] [com.tterrag.registrate.AbstractRegistrate/REGISTRATE.REGISTER]: Captured registration for entry white_postbox of type minecraft:item
[23Nov2025 22:02:02.653] [modloading-worker-0/DEBUG] [com.tterrag.registrate.AbstractRegistrate/REGISTRATE.REGISTER]: Captured registration for entry white_postbox of type minecraft:block
[23Nov2025 22:02:02.653] [modloading-worker-0/DEBUG] [com.tterrag.registrate.AbstractRegistrate/REGISTRATE.REGISTER]: Captured registration for entry orange_postbox of type minecraft:item
[23Nov2025 22:02:02.653] [modloading-worker-0/DEBUG] [com.tterrag.registrate.AbstractRegistrate/REGISTRATE.REGISTER]: Captured registration for entry orange_postbox of type minecraft:block
[23Nov2025 22:02:02.653] [modloading-worker-0/DEBUG] [com.tterrag.registrate.AbstractRegistrate/REGISTRATE.REGISTER]: Captured registration for entry magenta_postbox of type minecraft:item
[23Nov2025 22:02:02.653] [modloading-worker-0/DEBUG] [com.tterrag.registrate.AbstractRegistrate/REGISTRATE.REGISTER]: Captured registration for entry magenta_postbox of type minecraft:block
[23Nov2025 22:02:02.653] [modloading-worker-0/DEBUG] [com.tterrag.registrate.AbstractRegistrate/REGISTRATE.REGISTER]: Captured registration for entry light_blue_postbox of type minecraft:item
[23Nov2025 22:02:02.653] [modloading-worker-0/DEBUG] [com.tterrag.registrate.AbstractRegistrate/REGISTRATE.REGISTER]: Captured registration for entry light_blue_postbox of type minecraft:block
[23Nov2025 22:02:02.653] [modloading-worker-0/DEBUG] [com.tterrag.registrate.AbstractRegistrate/REGISTRATE.REGISTER]: Captured registration for entry yellow_postbox of type minecraft:item
[23Nov2025 22:02:02.653] [modloading-worker-0/DEBUG] [com.tterrag.registrate.AbstractRegistrate/REGISTRATE.REGISTER]: Captured registration for entry yellow_postbox of type minecraft:block
[23Nov2025 22:02:02.654] [modloading-worker-0/DEBUG] [com.tterrag.registrate.AbstractRegistrate/REGISTRATE.REGISTER]: Captured registration for entry lime_postbox of type minecraft:item
[23Nov2025 22:02:02.654] [modloading-worker-0/DEBUG] [com.tterrag.registrate.AbstractRegistrate/REGISTRATE.REGISTER]: Captured registration for entry lime_postbox of type minecraft:block
[23Nov2025 22:02:02.654] [modloading-worker-0/DEBUG] [com.tterrag.registrate.AbstractRegistrate/REGISTRATE.REGISTER]: Captured registration for entry pink_postbox of type minecraft:item
[23Nov2025 22:02:02.654] [modloading-worker-0/DEBUG] [com.tterrag.registrate.AbstractRegistrate/REGISTRATE.REGISTER]: Captured registration for entry pink_postbox of type minecraft:block
[23Nov2025 22:02:02.654] [modloading-worker-0/DEBUG] [com.tterrag.registrate.AbstractRegistrate/REGISTRATE.REGISTER]: Captured registration for entry gray_postbox of type minecraft:item
[23Nov2025 22:02:02.654] [modloading-worker-0/DEBUG] [com.tterrag.registrate.AbstractRegistrate/REGISTRATE.REGISTER]: Captured registration for entry gray_postbox of type minecraft:block
[23Nov2025 22:02:02.654] [modloading-worker-0/DEBUG] [com.tterrag.registrate.AbstractRegistrate/REGISTRATE.REGISTER]: Captured registration for entry light_gray_postbox of type minecraft:item
[23Nov2025 22:02:02.654] [modloading-worker-0/DEBUG] [com.tterrag.registrate.AbstractRegistrate/REGISTRATE.REGISTER]: Captured registration for entry light_gray_postbox of type minecraft:block
[23Nov2025 22:02:02.654] [modloading-worker-0/DEBUG] [com.tterrag.registrate.AbstractRegistrate/REGISTRATE.REGISTER]: Captured registration for entry cyan_postbox of type minecraft:item
[23Nov2025 22:02:02.654] [modloading-worker-0/DEBUG] [com.tterrag.registrate.AbstractRegistrate/REGISTRATE.REGISTER]: Captured registration for entry cyan_postbox of type minecraft:block
[23Nov2025 22:02:02.655] [modloading-worker-0/DEBUG] [com.tterrag.registrate.AbstractRegistrate/REGISTRATE.REGISTER]: Captured registration for entry purple_postbox of type minecraft:item
[23Nov2025 22:02:02.655] [modloading-worker-0/DEBUG] [com.tterrag.registrate.AbstractRegistrate/REGISTRATE.REGISTER]: Captured registration for entry purple_postbox of type minecraft:block
[23Nov2025 22:02:02.655] [modloading-worker-0/DEBUG] [com.tterrag.registrate.AbstractRegistrate/REGISTRATE.REGISTER]: Captured registration for entry blue_postbox of type minecraft:item
[23Nov2025 22:02:02.655] [modloading-worker-0/DEBUG] [com.tterrag.registrate.AbstractRegistrate/REGISTRATE.REGISTER]: Captured registration for entry blue_postbox of type minecraft:block
[23Nov2025 22:02:02.655] [modloading-worker-0/DEBUG] [com.tterrag.registrate.AbstractRegistrate/REGISTRATE.REGISTER]: Captured registration for entry brown_postbox of type minecraft:item
[23Nov2025 22:02:02.655] [modloading-worker-0/DEBUG] [com.tterrag.registrate.AbstractRegistrate/REGISTRATE.REGISTER]: Captured registration for entry brown_postbox of type minecraft:block
[23Nov2025 22:02:02.655] [modloading-worker-0/DEBUG] [com.tterrag.registrate.AbstractRegistrate/REGISTRATE.REGISTER]: Captured registration for entry green_postbox of type minecraft:item
[23Nov2025 22:02:02.655] [modloading-worker-0/DEBUG] [com.tterrag.registrate.AbstractRegistrate/REGISTRATE.REGISTER]: Captured registration for entry green_postbox of type minecraft:block
[23Nov2025 22:02:02.655] [modloading-worker-0/DEBUG] [com.tterrag.registrate.AbstractRegistrate/REGISTRATE.REGISTER]: Captured registration for entry red_postbox of type minecraft:item
[23Nov2025 22:02:02.655] [modloading-worker-0/DEBUG] [com.tterrag.registrate.AbstractRegistrate/REGISTRATE.REGISTER]: Captured registration for entry red_postbox of type minecraft:block
[23Nov2025 22:02:02.655] [modloading-worker-0/DEBUG] [com.tterrag.registrate.AbstractRegistrate/REGISTRATE.REGISTER]: Captured registration for entry black_postbox of type minecraft:item
[23Nov2025 22:02:02.655] [modloading-worker-0/DEBUG] [com.tterrag.registrate.AbstractRegistrate/REGISTRATE.REGISTER]: Captured registration for entry black_postbox of type minecraft:block
[23Nov2025 22:02:02.658] [modloading-worker-0/DEBUG] [com.tterrag.registrate.AbstractRegistrate/REGISTRATE.REGISTER]: Captured registration for entry stock_link of type minecraft:item
[23Nov2025 22:02:02.658] [modloading-worker-0/DEBUG] [com.tterrag.registrate.AbstractRegistrate/REGISTRATE.REGISTER]: Captured registration for entry stock_link of type minecraft:block
[23Nov2025 22:02:02.660] [modloading-worker-0/DEBUG] [com.tterrag.registrate.AbstractRegistrate/REGISTRATE.REGISTER]: Captured registration for entry stock_ticker of type minecraft:item
[23Nov2025 22:02:02.660] [modloading-worker-0/DEBUG] [com.tterrag.registrate.AbstractRegistrate/REGISTRATE.REGISTER]: Captured registration for entry stock_ticker of type minecraft:block
[23Nov2025 22:02:02.662] [modloading-worker-0/DEBUG] [com.tterrag.registrate.AbstractRegistrate/REGISTRATE.REGISTER]: Captured registration for entry redstone_requester of type minecraft:item
[23Nov2025 22:02:02.662] [modloading-worker-0/DEBUG] [com.tterrag.registrate.AbstractRegistrate/REGISTRATE.REGISTER]: Captured registration for entry redstone_requester of type minecraft:block
[23Nov2025 22:02:02.665] [modloading-worker-0/DEBUG] [com.tterrag.registrate.AbstractRegistrate/REGISTRATE.REGISTER]: Captured registration for entry factory_gauge of type minecraft:item
[23Nov2025 22:02:02.665] [modloading-worker-0/DEBUG] [com.tterrag.registrate.AbstractRegistrate/REGISTRATE.REGISTER]: Captured registration for entry factory_gauge of type minecraft:block
[23Nov2025 22:02:02.668] [modloading-worker-0/DEBUG] [com.tterrag.registrate.AbstractRegistrate/REGISTRATE.REGISTER]: Captured registration for entry white_table_cloth of type minecraft:item
[23Nov2025 22:02:02.668] [modloading-worker-0/DEBUG] [com.tterrag.registrate.AbstractRegistrate/REGISTRATE.REGISTER]: Captured registration for entry white_table_cloth of type minecraft:block
[23Nov2025 22:02:02.669] [modloading-worker-0/DEBUG] [com.tterrag.registrate.AbstractRegistrate/REGISTRATE.REGISTER]: Captured registration for entry orange_table_cloth of type minecraft:item
[23Nov2025 22:02:02.669] [modloading-worker-0/DEBUG] [com.tterrag.registrate.AbstractRegistrate/REGISTRATE.REGISTER]: Captured registration for entry orange_table_cloth of type minecraft:block
[23Nov2025 22:02:02.669] [modloading-worker-0/DEBUG] [com.tterrag.registrate.AbstractRegistrate/REGISTRATE.REGISTER]: Captured registration for entry magenta_table_cloth of type minecraft:item
[23Nov2025 22:02:02.669] [modloading-worker-0/DEBUG] [com.tterrag.registrate.AbstractRegistrate/REGISTRATE.REGISTER]: Captured registration for entry magenta_table_cloth of type minecraft:block
[23Nov2025 22:02:02.669] [modloading-worker-0/DEBUG] [com.tterrag.registrate.AbstractRegistrate/REGISTRATE.REGISTER]: Captured registration for entry light_blue_table_cloth of type minecraft:item
[23Nov2025 22:02:02.669] [modloading-worker-0/DEBUG] [com.tterrag.registrate.AbstractRegistrate/REGISTRATE.REGISTER]: Captured registration for entry light_blue_table_cloth of type minecraft:block
[23Nov2025 22:02:02.669] [modloading-worker-0/DEBUG] [com.tterrag.registrate.AbstractRegistrate/REGISTRATE.REGISTER]: Captured registration for entry yellow_table_cloth of type minecraft:item
[23Nov2025 22:02:02.669] [modloading-worker-0/DEBUG] [com.tterrag.registrate.AbstractRegistrate/REGISTRATE.REGISTER]: Captured registration for entry yellow_table_cloth of type minecraft:block
[23Nov2025 22:02:02.669] [modloading-worker-0/DEBUG] [com.tterrag.registrate.AbstractRegistrate/REGISTRATE.REGISTER]: Captured registration for entry lime_table_cloth of type minecraft:item
[23Nov2025 22:02:02.670] [modloading-worker-0/DEBUG] [com.tterrag.registrate.AbstractRegistrate/REGISTRATE.REGISTER]: Captured registration for entry lime_table_cloth of type minecraft:block
[23Nov2025 22:02:02.670] [modloading-worker-0/DEBUG] [com.tterrag.registrate.AbstractRegistrate/REGISTRATE.REGISTER]: Captured registration for entry pink_table_cloth of type minecraft:item
[23Nov2025 22:02:02.670] [modloading-worker-0/DEBUG] [com.tterrag.registrate.AbstractRegistrate/REGISTRATE.REGISTER]: Captured registration for entry pink_table_cloth of type minecraft:block
[23Nov2025 22:02:02.670] [modloading-worker-0/DEBUG] [com.tterrag.registrate.AbstractRegistrate/REGISTRATE.REGISTER]: Captured registration for entry gray_table_cloth of type minecraft:item
[23Nov2025 22:02:02.670] [modloading-worker-0/DEBUG] [com.tterrag.registrate.AbstractRegistrate/REGISTRATE.REGISTER]: Captured registration for entry gray_table_cloth of type minecraft:block
[23Nov2025 22:02:02.670] [modloading-worker-0/DEBUG] [com.tterrag.registrate.AbstractRegistrate/REGISTRATE.REGISTER]: Captured registration for entry light_gray_table_cloth of type minecraft:item
[23Nov2025 22:02:02.670] [modloading-worker-0/DEBUG] [com.tterrag.registrate.AbstractRegistrate/REGISTRATE.REGISTER]: Captured registration for entry light_gray_table_cloth of type minecraft:block
[23Nov2025 22:02:02.670] [modloading-worker-0/DEBUG] [com.tterrag.registrate.AbstractRegistrate/REGISTRATE.REGISTER]: Captured registration for entry cyan_table_cloth of type minecraft:item
[23Nov2025 22:02:02.670] [modloading-worker-0/DEBUG] [com.tterrag.registrate.AbstractRegistrate/REGISTRATE.REGISTER]: Captured registration for entry cyan_table_cloth of type minecraft:block
[23Nov2025 22:02:02.671] [modloading-worker-0/DEBUG] [com.tterrag.registrate.AbstractRegistrate/REGISTRATE.REGISTER]: Captured registration for entry purple_table_cloth of type minecraft:item
[23Nov2025 22:02:02.671] [modloading-worker-0/DEBUG] [com.tterrag.registrate.AbstractRegistrate/REGISTRATE.REGISTER]: Captured registration for entry purple_table_cloth of type minecraft:block
[23Nov2025 22:02:02.671] [modloading-worker-0/DEBUG] [com.tterrag.registrate.AbstractRegistrate/REGISTRATE.REGISTER]: Captured registration for entry blue_table_cloth of type minecraft:item
[23Nov2025 22:02:02.671] [modloading-worker-0/DEBUG] [com.tterrag.registrate.AbstractRegistrate/REGISTRATE.REGISTER]: Captured registration for entry blue_table_cloth of type minecraft:block
[23Nov2025 22:02:02.671] [modloading-worker-0/DEBUG] [com.tterrag.registrate.AbstractRegistrate/REGISTRATE.REGISTER]: Captured registration for entry brown_table_cloth of type minecraft:item
[23Nov2025 22:02:02.671] [modloading-worker-0/DEBUG] [com.tterrag.registrate.AbstractRegistrate/REGISTRATE.REGISTER]: Captured registration for entry brown_table_cloth of type minecraft:block
[23Nov2025 22:02:02.671] [modloading-worker-0/DEBUG] [com.tterrag.registrate.AbstractRegistrate/REGISTRATE.REGISTER]: Captured registration for entry green_table_cloth of type minecraft:item
[23Nov2025 22:02:02.671] [modloading-worker-0/DEBUG] [com.tterrag.registrate.AbstractRegistrate/REGISTRATE.REGISTER]: Captured registration for entry green_table_cloth of type minecraft:block
[23Nov2025 22:02:02.671] [modloading-worker-0/DEBUG] [com.tterrag.registrate.AbstractRegistrate/REGISTRATE.REGISTER]: Captured registration for entry red_table_cloth of type minecraft:item
[23Nov2025 22:02:02.671] [modloading-worker-0/DEBUG] [com.tterrag.registrate.AbstractRegistrate/REGISTRATE.REGISTER]: Captured registration for entry red_table_cloth of type minecraft:block
[23Nov2025 22:02:02.672] [modloading-worker-0/DEBUG] [com.tterrag.registrate.AbstractRegistrate/REGISTRATE.REGISTER]: Captured registration for entry black_table_cloth of type minecraft:item
[23Nov2025 22:02:02.672] [modloading-worker-0/DEBUG] [com.tterrag.registrate.AbstractRegistrate/REGISTRATE.REGISTER]: Captured registration for entry black_table_cloth of type minecraft:block
[23Nov2025 22:02:02.672] [modloading-worker-0/DEBUG] [com.tterrag.registrate.AbstractRegistrate/REGISTRATE.REGISTER]: Captured registration for entry andesite_table_cloth of type minecraft:item
[23Nov2025 22:02:02.672] [modloading-worker-0/DEBUG] [com.tterrag.registrate.AbstractRegistrate/REGISTRATE.REGISTER]: Captured registration for entry andesite_table_cloth of type minecraft:block
[23Nov2025 22:02:02.673] [modloading-worker-0/DEBUG] [com.tterrag.registrate.AbstractRegistrate/REGISTRATE.REGISTER]: Captured registration for entry brass_table_cloth of type minecraft:item
[23Nov2025 22:02:02.673] [modloading-worker-0/DEBUG] [com.tterrag.registrate.AbstractRegistrate/REGISTRATE.REGISTER]: Captured registration for entry brass_table_cloth of type minecraft:block
[23Nov2025 22:02:02.673] [modloading-worker-0/DEBUG] [com.tterrag.registrate.AbstractRegistrate/REGISTRATE.REGISTER]: Captured registration for entry copper_table_cloth of type minecraft:item
[23Nov2025 22:02:02.674] [modloading-worker-0/DEBUG] [com.tterrag.registrate.AbstractRegistrate/REGISTRATE.REGISTER]: Captured registration for entry copper_table_cloth of type minecraft:block
[23Nov2025 22:02:02.678] [modloading-worker-0/DEBUG] [com.tterrag.registrate.AbstractRegistrate/REGISTRATE.REGISTER]: Captured registration for entry display_link of type minecraft:item
[23Nov2025 22:02:02.678] [modloading-worker-0/DEBUG] [com.tterrag.registrate.AbstractRegistrate/REGISTRATE.REGISTER]: Captured registration for entry display_link of type minecraft:block
[23Nov2025 22:02:02.680] [modloading-worker-0/DEBUG] [com.tterrag.registrate.AbstractRegistrate/REGISTRATE.REGISTER]: Captured registration for entry display_board of type minecraft:item
[23Nov2025 22:02:02.680] [modloading-worker-0/DEBUG] [com.tterrag.registrate.AbstractRegistrate/REGISTRATE.REGISTER]: Captured registration for entry display_board of type minecraft:block
[23Nov2025 22:02:02.681] [modloading-worker-0/DEBUG] [com.tterrag.registrate.AbstractRegistrate/REGISTRATE.REGISTER]: Captured registration for entry nixie_tube of type minecraft:item
[23Nov2025 22:02:02.681] [modloading-worker-0/DEBUG] [com.tterrag.registrate.AbstractRegistrate/REGISTRATE.REGISTER]: Captured registration for entry nixie_tube of type minecraft:block
[23Nov2025 22:02:02.682] [modloading-worker-0/DEBUG] [com.tterrag.registrate.AbstractRegistrate/REGISTRATE.REGISTER]: Captured registration for entry white_nixie_tube of type minecraft:block
[23Nov2025 22:02:02.682] [modloading-worker-0/DEBUG] [com.tterrag.registrate.AbstractRegistrate/REGISTRATE.REGISTER]: Captured registration for entry magenta_nixie_tube of type minecraft:block
[23Nov2025 22:02:02.682] [modloading-worker-0/DEBUG] [com.tterrag.registrate.AbstractRegistrate/REGISTRATE.REGISTER]: Captured registration for entry light_blue_nixie_tube of type minecraft:block
[23Nov2025 22:02:02.682] [modloading-worker-0/DEBUG] [com.tterrag.registrate.AbstractRegistrate/REGISTRATE.REGISTER]: Captured registration for entry yellow_nixie_tube of type minecraft:block
[23Nov2025 22:02:02.682] [modloading-worker-0/DEBUG] [com.tterrag.registrate.AbstractRegistrate/REGISTRATE.REGISTER]: Captured registration for entry lime_nixie_tube of type minecraft:block
[23Nov2025 22:02:02.682] [modloading-worker-0/DEBUG] [com.tterrag.registrate.AbstractRegistrate/REGISTRATE.REGISTER]: Captured registration for entry pink_nixie_tube of type minecraft:block
[23Nov2025 22:02:02.682] [modloading-worker-0/DEBUG] [com.tterrag.registrate.AbstractRegistrate/REGISTRATE.REGISTER]: Captured registration for entry gray_nixie_tube of type minecraft:block
[23Nov2025 22:02:02.683] [modloading-worker-0/DEBUG] [com.tterrag.registrate.AbstractRegistrate/REGISTRATE.REGISTER]: Captured registration for entry light_gray_nixie_tube of type minecraft:block
[23Nov2025 22:02:02.683] [modloading-worker-0/DEBUG] [com.tterrag.registrate.AbstractRegistrate/REGISTRATE.REGISTER]: Captured registration for entry cyan_nixie_tube of type minecraft:block
[23Nov2025 22:02:02.683] [modloading-worker-0/DEBUG] [com.tterrag.registrate.AbstractRegistrate/REGISTRATE.REGISTER]: Captured registration for entry purple_nixie_tube of type minecraft:block
[23Nov2025 22:02:02.683] [modloading-worker-0/DEBUG] [com.tterrag.registrate.AbstractRegistrate/REGISTRATE.REGISTER]: Captured registration for entry blue_nixie_tube of type minecraft:block
[23Nov2025 22:02:02.683] [modloading-worker-0/DEBUG] [com.tterrag.registrate.AbstractRegistrate/REGISTRATE.REGISTER]: Captured registration for entry brown_nixie_tube of type minecraft:block
[23Nov2025 22:02:02.683] [modloading-worker-0/DEBUG] [com.tterrag.registrate.AbstractRegistrate/REGISTRATE.REGISTER]: Captured registration for entry green_nixie_tube of type minecraft:block
[23Nov2025 22:02:02.683] [modloading-worker-0/DEBUG] [com.tterrag.registrate.AbstractRegistrate/REGISTRATE.REGISTER]: Captured registration for entry red_nixie_tube of type minecraft:block
[23Nov2025 22:02:02.683] [modloading-worker-0/DEBUG] [com.tterrag.registrate.AbstractRegistrate/REGISTRATE.REGISTER]: Captured registration for entry black_nixie_tube of type minecraft:block
[23Nov2025 22:02:02.685] [modloading-worker-0/DEBUG] [com.tterrag.registrate.AbstractRegistrate/REGISTRATE.REGISTER]: Captured registration for entry rose_quartz_lamp of type minecraft:item
[23Nov2025 22:02:02.685] [modloading-worker-0/DEBUG] [com.tterrag.registrate.AbstractRegistrate/REGISTRATE.REGISTER]: Captured registration for entry rose_quartz_lamp of type minecraft:block
[23Nov2025 22:02:02.687] [modloading-worker-0/DEBUG] [com.tterrag.registrate.AbstractRegistrate/REGISTRATE.REGISTER]: Captured registration for entry redstone_link of type minecraft:item
[23Nov2025 22:02:02.687] [modloading-worker-0/DEBUG] [com.tterrag.registrate.AbstractRegistrate/REGISTRATE.REGISTER]: Captured registration for entry redstone_link of type minecraft:block
[23Nov2025 22:02:02.689] [modloading-worker-0/DEBUG] [com.tterrag.registrate.AbstractRegistrate/REGISTRATE.REGISTER]: Captured registration for entry analog_lever of type minecraft:item
[23Nov2025 22:02:02.689] [modloading-worker-0/DEBUG] [com.tterrag.registrate.AbstractRegistrate/REGISTRATE.REGISTER]: Captured registration for entry analog_lever of type minecraft:block
[23Nov2025 22:02:02.691] [modloading-worker-0/DEBUG] [com.tterrag.registrate.AbstractRegistrate/REGISTRATE.REGISTER]: Captured registration for entry placard of type minecraft:item
[23Nov2025 22:02:02.691] [modloading-worker-0/DEBUG] [com.tterrag.registrate.AbstractRegistrate/REGISTRATE.REGISTER]: Captured registration for entry placard of type minecraft:block
[23Nov2025 22:02:02.694] [modloading-worker-0/DEBUG] [com.tterrag.registrate.AbstractRegistrate/REGISTRATE.REGISTER]: Captured registration for entry pulse_repeater of type minecraft:item
[23Nov2025 22:02:02.694] [modloading-worker-0/DEBUG] [com.tterrag.registrate.AbstractRegistrate/REGISTRATE.REGISTER]: Captured registration for entry pulse_repeater of type minecraft:block
[23Nov2025 22:02:02.695] [modloading-worker-0/DEBUG] [com.tterrag.registrate.AbstractRegistrate/REGISTRATE.REGISTER]: Captured registration for entry pulse_extender of type minecraft:item
[23Nov2025 22:02:02.695] [modloading-worker-0/DEBUG] [com.tterrag.registrate.AbstractRegistrate/REGISTRATE.REGISTER]: Captured registration for entry pulse_extender of type minecraft:block
[23Nov2025 22:02:02.696] [modloading-worker-0/DEBUG] [com.tterrag.registrate.AbstractRegistrate/REGISTRATE.REGISTER]: Captured registration for entry pulse_timer of type minecraft:item
[23Nov2025 22:02:02.696] [modloading-worker-0/DEBUG] [com.tterrag.registrate.AbstractRegistrate/REGISTRATE.REGISTER]: Captured registration for entry pulse_timer of type minecraft:block
[23Nov2025 22:02:02.699] [modloading-worker-0/DEBUG] [com.tterrag.registrate.AbstractRegistrate/REGISTRATE.REGISTER]: Captured registration for entry powered_latch of type minecraft:item
[23Nov2025 22:02:02.699] [modloading-worker-0/DEBUG] [com.tterrag.registrate.AbstractRegistrate/REGISTRATE.REGISTER]: Captured registration for entry powered_latch of type minecraft:block
[23Nov2025 22:02:02.700] [modloading-worker-0/DEBUG] [com.tterrag.registrate.AbstractRegistrate/REGISTRATE.REGISTER]: Captured registration for entry powered_toggle_latch of type minecraft:item
[23Nov2025 22:02:02.700] [modloading-worker-0/DEBUG] [com.tterrag.registrate.AbstractRegistrate/REGISTRATE.REGISTER]: Captured registration for entry powered_toggle_latch of type minecraft:block
[23Nov2025 22:02:02.701] [modloading-worker-0/DEBUG] [com.tterrag.registrate.AbstractRegistrate/REGISTRATE.REGISTER]: Captured registration for entry lectern_controller of type minecraft:block
[23Nov2025 22:02:02.706] [modloading-worker-0/DEBUG] [com.tterrag.registrate.AbstractRegistrate/REGISTRATE.REGISTER]: Captured registration for entry wheat_flour of type minecraft:item
[23Nov2025 22:02:02.707] [modloading-worker-0/DEBUG] [com.tterrag.registrate.AbstractRegistrate/REGISTRATE.REGISTER]: Captured registration for entry dough of type minecraft:item
[23Nov2025 22:02:02.707] [modloading-worker-0/DEBUG] [com.tterrag.registrate.AbstractRegistrate/REGISTRATE.REGISTER]: Captured registration for entry cinder_flour of type minecraft:item
[23Nov2025 22:02:02.707] [modloading-worker-0/DEBUG] [com.tterrag.registrate.AbstractRegistrate/REGISTRATE.REGISTER]: Captured registration for entry rose_quartz of type minecraft:item
[23Nov2025 22:02:02.707] [modloading-worker-0/DEBUG] [com.tterrag.registrate.AbstractRegistrate/REGISTRATE.REGISTER]: Captured registration for entry polished_rose_quartz of type minecraft:item
[23Nov2025 22:02:02.707] [modloading-worker-0/DEBUG] [com.tterrag.registrate.AbstractRegistrate/REGISTRATE.REGISTER]: Captured registration for entry powdered_obsidian of type minecraft:item
[23Nov2025 22:02:02.707] [modloading-worker-0/DEBUG] [com.tterrag.registrate.AbstractRegistrate/REGISTRATE.REGISTER]: Captured registration for entry sturdy_sheet of type minecraft:item
[23Nov2025 22:02:02.707] [modloading-worker-0/DEBUG] [com.tterrag.registrate.AbstractRegistrate/REGISTRATE.REGISTER]: Captured registration for entry propeller of type minecraft:item
[23Nov2025 22:02:02.707] [modloading-worker-0/DEBUG] [com.tterrag.registrate.AbstractRegistrate/REGISTRATE.REGISTER]: Captured registration for entry whisk of type minecraft:item
[23Nov2025 22:02:02.708] [modloading-worker-0/DEBUG] [com.tterrag.registrate.AbstractRegistrate/REGISTRATE.REGISTER]: Captured registration for entry brass_hand of type minecraft:item
[23Nov2025 22:02:02.708] [modloading-worker-0/DEBUG] [com.tterrag.registrate.AbstractRegistrate/REGISTRATE.REGISTER]: Captured registration for entry crafter_slot_cover of type minecraft:item
[23Nov2025 22:02:02.708] [modloading-worker-0/DEBUG] [com.tterrag.registrate.AbstractRegistrate/REGISTRATE.REGISTER]: Captured registration for entry electron_tube of type minecraft:item
[23Nov2025 22:02:02.708] [modloading-worker-0/DEBUG] [com.tterrag.registrate.AbstractRegistrate/REGISTRATE.REGISTER]: Captured registration for entry transmitter of type minecraft:item
[23Nov2025 22:02:02.708] [modloading-worker-0/DEBUG] [com.tterrag.registrate.AbstractRegistrate/REGISTRATE.REGISTER]: Captured registration for entry pulp of type minecraft:item
[23Nov2025 22:02:02.709] [modloading-worker-0/DEBUG] [com.tterrag.registrate.AbstractRegistrate/REGISTRATE.REGISTER]: Captured registration for entry cardboard of type minecraft:item
[23Nov2025 22:02:02.710] [modloading-worker-0/DEBUG] [com.tterrag.registrate.AbstractRegistrate/REGISTRATE.REGISTER]: Captured registration for entry incomplete_precision_mechanism of type minecraft:item
[23Nov2025 22:02:02.710] [modloading-worker-0/DEBUG] [com.tterrag.registrate.AbstractRegistrate/REGISTRATE.REGISTER]: Captured registration for entry unprocessed_obsidian_sheet of type minecraft:item
[23Nov2025 22:02:02.710] [modloading-worker-0/DEBUG] [com.tterrag.registrate.AbstractRegistrate/REGISTRATE.REGISTER]: Captured registration for entry incomplete_track of type minecraft:item
[23Nov2025 22:02:02.710] [modloading-worker-0/DEBUG] [com.tterrag.registrate.AbstractRegistrate/REGISTRATE.REGISTER]: Captured registration for entry precision_mechanism of type minecraft:item
[23Nov2025 22:02:02.710] [modloading-worker-0/DEBUG] [com.tterrag.registrate.AbstractRegistrate/REGISTRATE.REGISTER]: Captured registration for entry blaze_cake_base of type minecraft:item
[23Nov2025 22:02:02.711] [modloading-worker-0/DEBUG] [com.tterrag.registrate.AbstractRegistrate/REGISTRATE.REGISTER]: Captured registration for entry blaze_cake of type minecraft:item
[23Nov2025 22:02:02.711] [modloading-worker-0/DEBUG] [com.tterrag.registrate.AbstractRegistrate/REGISTRATE.REGISTER]: Captured registration for entry creative_blaze_cake of type minecraft:item
[23Nov2025 22:02:02.712] [modloading-worker-0/DEBUG] [com.tterrag.registrate.AbstractRegistrate/REGISTRATE.REGISTER]: Captured registration for entry bar_of_chocolate of type minecraft:item
[23Nov2025 22:02:02.713] [modloading-worker-0/DEBUG] [com.tterrag.registrate.AbstractRegistrate/REGISTRATE.REGISTER]: Captured registration for entry sweet_roll of type minecraft:item
[23Nov2025 22:02:02.713] [modloading-worker-0/DEBUG] [com.tterrag.registrate.AbstractRegistrate/REGISTRATE.REGISTER]: Captured registration for entry chocolate_glazed_berries of type minecraft:item
[23Nov2025 22:02:02.713] [modloading-worker-0/DEBUG] [com.tterrag.registrate.AbstractRegistrate/REGISTRATE.REGISTER]: Captured registration for entry honeyed_apple of type minecraft:item
[23Nov2025 22:02:02.714] [modloading-worker-0/DEBUG] [com.tterrag.registrate.AbstractRegistrate/REGISTRATE.REGISTER]: Captured registration for entry builders_tea of type minecraft:item
[23Nov2025 22:02:02.716] [modloading-worker-0/DEBUG] [com.tterrag.registrate.AbstractRegistrate/REGISTRATE.REGISTER]: Captured registration for entry cardboard_sword of type minecraft:item
[23Nov2025 22:02:02.717] [modloading-worker-0/DEBUG] [com.tterrag.registrate.AbstractRegistrate/REGISTRATE.REGISTER]: Captured registration for entry raw_zinc of type minecraft:item
[23Nov2025 22:02:02.717] [modloading-worker-0/DEBUG] [com.tterrag.registrate.AbstractRegistrate/REGISTRATE.REGISTER]: Captured registration for entry andesite_alloy of type minecraft:item
[23Nov2025 22:02:02.717] [modloading-worker-0/DEBUG] [com.tterrag.registrate.AbstractRegistrate/REGISTRATE.REGISTER]: Captured registration for entry zinc_ingot of type minecraft:item
[23Nov2025 22:02:02.718] [modloading-worker-0/DEBUG] [com.tterrag.registrate.AbstractRegistrate/REGISTRATE.REGISTER]: Captured registration for entry brass_ingot of type minecraft:item
[23Nov2025 22:02:02.721] [modloading-worker-0/DEBUG] [com.tterrag.registrate.AbstractRegistrate/REGISTRATE.REGISTER]: Captured registration for entry chromatic_compound of type minecraft:item
[23Nov2025 22:02:02.722] [modloading-worker-0/DEBUG] [com.tterrag.registrate.AbstractRegistrate/REGISTRATE.REGISTER]: Captured registration for entry shadow_steel of type minecraft:item
[23Nov2025 22:02:02.724] [modloading-worker-0/DEBUG] [com.tterrag.registrate.AbstractRegistrate/REGISTRATE.REGISTER]: Captured registration for entry refined_radiance of type minecraft:item
[23Nov2025 22:02:02.724] [modloading-worker-0/DEBUG] [com.tterrag.registrate.AbstractRegistrate/REGISTRATE.REGISTER]: Captured registration for entry copper_nugget of type minecraft:item
[23Nov2025 22:02:02.724] [modloading-worker-0/DEBUG] [com.tterrag.registrate.AbstractRegistrate/REGISTRATE.REGISTER]: Captured registration for entry zinc_nugget of type minecraft:item
[23Nov2025 22:02:02.724] [modloading-worker-0/DEBUG] [com.tterrag.registrate.AbstractRegistrate/REGISTRATE.REGISTER]: Captured registration for entry brass_nugget of type minecraft:item
[23Nov2025 22:02:02.726] [modloading-worker-0/DEBUG] [com.tterrag.registrate.AbstractRegistrate/REGISTRATE.REGISTER]: Captured registration for entry experience_nugget of type minecraft:item
[23Nov2025 22:02:02.726] [modloading-worker-0/DEBUG] [com.tterrag.registrate.AbstractRegistrate/REGISTRATE.REGISTER]: Captured registration for entry copper_sheet of type minecraft:item
[23Nov2025 22:02:02.726] [modloading-worker-0/DEBUG] [com.tterrag.registrate.AbstractRegistrate/REGISTRATE.REGISTER]: Captured registration for entry brass_sheet of type minecraft:item
[23Nov2025 22:02:02.726] [modloading-worker-0/DEBUG] [com.tterrag.registrate.AbstractRegistrate/REGISTRATE.REGISTER]: Captured registration for entry iron_sheet of type minecraft:item
[23Nov2025 22:02:02.726] [modloading-worker-0/DEBUG] [com.tterrag.registrate.AbstractRegistrate/REGISTRATE.REGISTER]: Captured registration for entry golden_sheet of type minecraft:item
[23Nov2025 22:02:02.726] [modloading-worker-0/DEBUG] [com.tterrag.registrate.AbstractRegistrate/REGISTRATE.REGISTER]: Captured registration for entry crushed_raw_iron of type minecraft:item
[23Nov2025 22:02:02.726] [modloading-worker-0/DEBUG] [com.tterrag.registrate.AbstractRegistrate/REGISTRATE.REGISTER]: Captured registration for entry crushed_raw_gold of type minecraft:item
[23Nov2025 22:02:02.726] [modloading-worker-0/DEBUG] [com.tterrag.registrate.AbstractRegistrate/REGISTRATE.REGISTER]: Captured registration for entry crushed_raw_copper of type minecraft:item
[23Nov2025 22:02:02.726] [modloading-worker-0/DEBUG] [com.tterrag.registrate.AbstractRegistrate/REGISTRATE.REGISTER]: Captured registration for entry crushed_raw_zinc of type minecraft:item
[23Nov2025 22:02:02.727] [modloading-worker-0/DEBUG] [com.tterrag.registrate.AbstractRegistrate/REGISTRATE.REGISTER]: Captured registration for entry crushed_raw_osmium of type minecraft:item
[23Nov2025 22:02:02.727] [modloading-worker-0/DEBUG] [com.tterrag.registrate.AbstractRegistrate/REGISTRATE.REGISTER]: Captured registration for entry crushed_raw_platinum of type minecraft:item
[23Nov2025 22:02:02.727] [modloading-worker-0/DEBUG] [com.tterrag.registrate.AbstractRegistrate/REGISTRATE.REGISTER]: Captured registration for entry crushed_raw_silver of type minecraft:item
[23Nov2025 22:02:02.727] [modloading-worker-0/DEBUG] [com.tterrag.registrate.AbstractRegistrate/REGISTRATE.REGISTER]: Captured registration for entry crushed_raw_tin of type minecraft:item
[23Nov2025 22:02:02.727] [modloading-worker-0/DEBUG] [com.tterrag.registrate.AbstractRegistrate/REGISTRATE.REGISTER]: Captured registration for entry crushed_raw_lead of type minecraft:item
[23Nov2025 22:02:02.727] [modloading-worker-0/DEBUG] [com.tterrag.registrate.AbstractRegistrate/REGISTRATE.REGISTER]: Captured registration for entry crushed_raw_quicksilver of type minecraft:item
[23Nov2025 22:02:02.727] [modloading-worker-0/DEBUG] [com.tterrag.registrate.AbstractRegistrate/REGISTRATE.REGISTER]: Captured registration for entry crushed_raw_aluminum of type minecraft:item
[23Nov2025 22:02:02.727] [modloading-worker-0/DEBUG] [com.tterrag.registrate.AbstractRegistrate/REGISTRATE.REGISTER]: Captured registration for entry crushed_raw_uranium of type minecraft:item
[23Nov2025 22:02:02.727] [modloading-worker-0/DEBUG] [com.tterrag.registrate.AbstractRegistrate/REGISTRATE.REGISTER]: Captured registration for entry crushed_raw_nickel of type minecraft:item
[23Nov2025 22:02:02.729] [modloading-worker-0/DEBUG] [com.tterrag.registrate.AbstractRegistrate/REGISTRATE.REGISTER]: Captured registration for entry belt_connector of type minecraft:item
[23Nov2025 22:02:02.730] [modloading-worker-0/DEBUG] [com.tterrag.registrate.AbstractRegistrate/REGISTRATE.REGISTER]: Captured registration for entry vertical_gearbox of type minecraft:item
[23Nov2025 22:02:02.730] [modloading-worker-0/DEBUG] [com.tterrag.registrate.AbstractRegistrate/REGISTRATE.REGISTER]: Captured registration for entry empty_blaze_burner of type minecraft:item
[23Nov2025 22:02:02.731] [modloading-worker-0/DEBUG] [com.tterrag.registrate.AbstractRegistrate/REGISTRATE.REGISTER]: Captured registration for entry goggles of type minecraft:item
[23Nov2025 22:02:02.732] [modloading-worker-0/DEBUG] [com.tterrag.registrate.AbstractRegistrate/REGISTRATE.REGISTER]: Captured registration for entry super_glue of type minecraft:item
[23Nov2025 22:02:02.733] [modloading-worker-0/DEBUG] [com.tterrag.registrate.AbstractRegistrate/REGISTRATE.REGISTER]: Captured registration for entry minecart_coupling of type minecraft:item
[23Nov2025 22:02:02.737] [modloading-worker-0/DEBUG] [com.tterrag.registrate.AbstractRegistrate/REGISTRATE.REGISTER]: Captured registration for entry crafting_blueprint of type minecraft:item
[23Nov2025 22:02:02.737] [modloading-worker-0/DEBUG] [com.tterrag.registrate.AbstractRegistrate/REGISTRATE.REGISTER]: Captured registration for entry copper_backtank_placeable of type minecraft:item
[23Nov2025 22:02:02.738] [modloading-worker-0/DEBUG] [com.tterrag.registrate.AbstractRegistrate/REGISTRATE.REGISTER]: Captured registration for entry netherite_backtank_placeable of type minecraft:item
[23Nov2025 22:02:02.739] [modloading-worker-0/DEBUG] [com.tterrag.registrate.AbstractRegistrate/REGISTRATE.REGISTER]: Captured registration for entry copper_backtank of type minecraft:item
[23Nov2025 22:02:02.740] [modloading-worker-0/DEBUG] [com.tterrag.registrate.AbstractRegistrate/REGISTRATE.REGISTER]: Captured registration for entry netherite_backtank of type minecraft:item
[23Nov2025 22:02:02.741] [modloading-worker-0/DEBUG] [com.tterrag.registrate.AbstractRegistrate/REGISTRATE.REGISTER]: Captured registration for entry copper_diving_helmet of type minecraft:item
[23Nov2025 22:02:02.741] [modloading-worker-0/DEBUG] [com.tterrag.registrate.AbstractRegistrate/REGISTRATE.REGISTER]: Captured registration for entry netherite_diving_helmet of type minecraft:item
[23Nov2025 22:02:02.742] [modloading-worker-0/DEBUG] [com.tterrag.registrate.AbstractRegistrate/REGISTRATE.REGISTER]: Captured registration for entry copper_diving_boots of type minecraft:item
[23Nov2025 22:02:02.742] [modloading-worker-0/DEBUG] [com.tterrag.registrate.AbstractRegistrate/REGISTRATE.REGISTER]: Captured registration for entry netherite_diving_boots of type minecraft:item
[23Nov2025 22:02:02.744] [modloading-worker-0/DEBUG] [com.tterrag.registrate.AbstractRegistrate/REGISTRATE.REGISTER]: Captured registration for entry cardboard_helmet of type minecraft:item
[23Nov2025 22:02:02.744] [modloading-worker-0/DEBUG] [com.tterrag.registrate.AbstractRegistrate/REGISTRATE.REGISTER]: Captured registration for entry cardboard_chestplate of type minecraft:item
[23Nov2025 22:02:02.745] [modloading-worker-0/DEBUG] [com.tterrag.registrate.AbstractRegistrate/REGISTRATE.REGISTER]: Captured registration for entry cardboard_leggings of type minecraft:item
[23Nov2025 22:02:02.746] [modloading-worker-0/DEBUG] [com.tterrag.registrate.AbstractRegistrate/REGISTRATE.REGISTER]: Captured registration for entry cardboard_boots of type minecraft:item
[23Nov2025 22:02:02.747] [modloading-worker-0/DEBUG] [com.tterrag.registrate.AbstractRegistrate/REGISTRATE.REGISTER]: Captured registration for entry sand_paper of type minecraft:item
[23Nov2025 22:02:02.748] [modloading-worker-0/DEBUG] [com.tterrag.registrate.AbstractRegistrate/REGISTRATE.REGISTER]: Captured registration for entry red_sand_paper of type minecraft:item
[23Nov2025 22:02:02.749] [modloading-worker-0/DEBUG] [com.tterrag.registrate.AbstractRegistrate/REGISTRATE.REGISTER]: Captured registration for entry wrench of type minecraft:item
[23Nov2025 22:02:02.750] [modloading-worker-0/DEBUG] [com.tterrag.registrate.AbstractRegistrate/REGISTRATE.REGISTER]: Captured registration for entry minecart_contraption of type minecraft:item
[23Nov2025 22:02:02.750] [modloading-worker-0/DEBUG] [com.tterrag.registrate.AbstractRegistrate/REGISTRATE.REGISTER]: Captured registration for entry furnace_minecart_contraption of type minecraft:item
[23Nov2025 22:02:02.751] [modloading-worker-0/DEBUG] [com.tterrag.registrate.AbstractRegistrate/REGISTRATE.REGISTER]: Captured registration for entry chest_minecart_contraption of type minecraft:item
[23Nov2025 22:02:02.753] [modloading-worker-0/DEBUG] [com.tterrag.registrate.AbstractRegistrate/REGISTRATE.REGISTER]: Captured registration for entry linked_controller of type minecraft:item
[23Nov2025 22:02:02.756] [modloading-worker-0/DEBUG] [com.tterrag.registrate.AbstractRegistrate/REGISTRATE.REGISTER]: Captured registration for entry potato_cannon of type minecraft:item
[23Nov2025 22:02:02.758] [modloading-worker-0/DEBUG] [com.tterrag.registrate.AbstractRegistrate/REGISTRATE.REGISTER]: Captured registration for entry extendo_grip of type minecraft:item
[23Nov2025 22:02:02.760] [modloading-worker-0/DEBUG] [com.tterrag.registrate.AbstractRegistrate/REGISTRATE.REGISTER]: Captured registration for entry wand_of_symmetry of type minecraft:item
[23Nov2025 22:02:02.764] [modloading-worker-0/DEBUG] [com.tterrag.registrate.AbstractRegistrate/REGISTRATE.REGISTER]: Captured registration for entry handheld_worldshaper of type minecraft:item
[23Nov2025 22:02:02.766] [modloading-worker-0/DEBUG] [com.tterrag.registrate.AbstractRegistrate/REGISTRATE.REGISTER]: Captured registration for entry tree_fertilizer of type minecraft:item
[23Nov2025 22:02:02.769] [modloading-worker-0/DEBUG] [com.tterrag.registrate.AbstractRegistrate/REGISTRATE.REGISTER]: Captured registration for entry cardboard_package_12x12 of type minecraft:item
[23Nov2025 22:02:02.769] [modloading-worker-0/DEBUG] [com.tterrag.registrate.AbstractRegistrate/REGISTRATE.REGISTER]: Captured registration for entry cardboard_package_10x12 of type minecraft:item
[23Nov2025 22:02:02.769] [modloading-worker-0/DEBUG] [com.tterrag.registrate.AbstractRegistrate/REGISTRATE.REGISTER]: Captured registration for entry cardboard_package_10x8 of type minecraft:item
[23Nov2025 22:02:02.769] [modloading-worker-0/DEBUG] [com.tterrag.registrate.AbstractRegistrate/REGISTRATE.REGISTER]: Captured registration for entry cardboard_package_12x10 of type minecraft:item
[23Nov2025 22:02:02.770] [modloading-worker-0/DEBUG] [com.tterrag.registrate.AbstractRegistrate/REGISTRATE.REGISTER]: Captured registration for entry rare_creeper_package of type minecraft:item
[23Nov2025 22:02:02.770] [modloading-worker-0/DEBUG] [com.tterrag.registrate.AbstractRegistrate/REGISTRATE.REGISTER]: Captured registration for entry rare_darcy_package of type minecraft:item
[23Nov2025 22:02:02.770] [modloading-worker-0/DEBUG] [com.tterrag.registrate.AbstractRegistrate/REGISTRATE.REGISTER]: Captured registration for entry rare_evan_package of type minecraft:item
[23Nov2025 22:02:02.770] [modloading-worker-0/DEBUG] [com.tterrag.registrate.AbstractRegistrate/REGISTRATE.REGISTER]: Captured registration for entry rare_jinx_package of type minecraft:item
[23Nov2025 22:02:02.770] [modloading-worker-0/DEBUG] [com.tterrag.registrate.AbstractRegistrate/REGISTRATE.REGISTER]: Captured registration for entry rare_kryppers_package of type minecraft:item
[23Nov2025 22:02:02.770] [modloading-worker-0/DEBUG] [com.tterrag.registrate.AbstractRegistrate/REGISTRATE.REGISTER]: Captured registration for entry rare_simi_package of type minecraft:item
[23Nov2025 22:02:02.770] [modloading-worker-0/DEBUG] [com.tterrag.registrate.AbstractRegistrate/REGISTRATE.REGISTER]: Captured registration for entry rare_starlotte_package of type minecraft:item
[23Nov2025 22:02:02.770] [modloading-worker-0/DEBUG] [com.tterrag.registrate.AbstractRegistrate/REGISTRATE.REGISTER]: Captured registration for entry rare_thunder_package of type minecraft:item
[23Nov2025 22:02:02.771] [modloading-worker-0/DEBUG] [com.tterrag.registrate.AbstractRegistrate/REGISTRATE.REGISTER]: Captured registration for entry rare_up_package of type minecraft:item
[23Nov2025 22:02:02.771] [modloading-worker-0/DEBUG] [com.tterrag.registrate.AbstractRegistrate/REGISTRATE.REGISTER]: Captured registration for entry rare_vector_package of type minecraft:item
[23Nov2025 22:02:02.772] [modloading-worker-0/DEBUG] [com.tterrag.registrate.AbstractRegistrate/REGISTRATE.REGISTER]: Captured registration for entry filter of type minecraft:item
[23Nov2025 22:02:02.773] [modloading-worker-0/DEBUG] [com.tterrag.registrate.AbstractRegistrate/REGISTRATE.REGISTER]: Captured registration for entry attribute_filter of type minecraft:item
[23Nov2025 22:02:02.774] [modloading-worker-0/DEBUG] [com.tterrag.registrate.AbstractRegistrate/REGISTRATE.REGISTER]: Captured registration for entry package_filter of type minecraft:item
[23Nov2025 22:02:02.775] [modloading-worker-0/DEBUG] [com.tterrag.registrate.AbstractRegistrate/REGISTRATE.REGISTER]: Captured registration for entry schedule of type minecraft:item
[23Nov2025 22:02:02.776] [modloading-worker-0/DEBUG] [com.tterrag.registrate.AbstractRegistrate/REGISTRATE.REGISTER]: Captured registration for entry shopping_list of type minecraft:item
[23Nov2025 22:02:02.776] [modloading-worker-0/DEBUG] [com.tterrag.registrate.AbstractRegistrate/REGISTRATE.REGISTER]: Captured registration for entry empty_schematic of type minecraft:item
[23Nov2025 22:02:02.777] [modloading-worker-0/DEBUG] [com.tterrag.registrate.AbstractRegistrate/REGISTRATE.REGISTER]: Captured registration for entry schematic_and_quill of type minecraft:item
[23Nov2025 22:02:02.779] [modloading-worker-0/DEBUG] [com.tterrag.registrate.AbstractRegistrate/REGISTRATE.REGISTER]: Captured registration for entry schematic of type minecraft:item
[23Nov2025 22:02:02.779] [modloading-worker-0/DEBUG] [com.tterrag.registrate.AbstractRegistrate/REGISTRATE.REGISTER]: Captured registration for entry copper_backtank of type minecraft:block
[23Nov2025 22:02:02.780] [modloading-worker-0/DEBUG] [com.tterrag.registrate.AbstractRegistrate/REGISTRATE.REGISTER]: Captured registration for entry netherite_backtank of type minecraft:block
[23Nov2025 22:02:02.782] [modloading-worker-0/DEBUG] [com.tterrag.registrate.AbstractRegistrate/REGISTRATE.REGISTER]: Captured registration for entry peculiar_bell of type minecraft:item
[23Nov2025 22:02:02.783] [modloading-worker-0/DEBUG] [com.tterrag.registrate.AbstractRegistrate/REGISTRATE.REGISTER]: Captured registration for entry peculiar_bell of type minecraft:block
[23Nov2025 22:02:02.783] [modloading-worker-0/DEBUG] [com.tterrag.registrate.AbstractRegistrate/REGISTRATE.REGISTER]: Captured registration for entry haunted_bell of type minecraft:item
[23Nov2025 22:02:02.784] [modloading-worker-0/DEBUG] [com.tterrag.registrate.AbstractRegistrate/REGISTRATE.REGISTER]: Captured registration for entry haunted_bell of type minecraft:block
[23Nov2025 22:02:02.785] [modloading-worker-0/DEBUG] [com.tterrag.registrate.AbstractRegistrate/REGISTRATE.REGISTER]: Captured registration for entry desk_bell of type minecraft:item
[23Nov2025 22:02:02.785] [modloading-worker-0/DEBUG] [com.tterrag.registrate.AbstractRegistrate/REGISTRATE.REGISTER]: Captured registration for entry desk_bell of type minecraft:block
[23Nov2025 22:02:02.787] [modloading-worker-0/DEBUG] [com.tterrag.registrate.AbstractRegistrate/REGISTRATE.REGISTER]: Captured registration for entry white_toolbox of type minecraft:item
[23Nov2025 22:02:02.787] [modloading-worker-0/DEBUG] [com.tterrag.registrate.AbstractRegistrate/REGISTRATE.REGISTER]: Captured registration for entry white_toolbox of type minecraft:block
[23Nov2025 22:02:02.787] [modloading-worker-0/DEBUG] [com.tterrag.registrate.AbstractRegistrate/REGISTRATE.REGISTER]: Captured registration for entry orange_toolbox of type minecraft:item
[23Nov2025 22:02:02.787] [modloading-worker-0/DEBUG] [com.tterrag.registrate.AbstractRegistrate/REGISTRATE.REGISTER]: Captured registration for entry orange_toolbox of type minecraft:block
[23Nov2025 22:02:02.787] [modloading-worker-0/DEBUG] [com.tterrag.registrate.AbstractRegistrate/REGISTRATE.REGISTER]: Captured registration for entry magenta_toolbox of type minecraft:item
[23Nov2025 22:02:02.787] [modloading-worker-0/DEBUG] [com.tterrag.registrate.AbstractRegistrate/REGISTRATE.REGISTER]: Captured registration for entry magenta_toolbox of type minecraft:block
[23Nov2025 22:02:02.787] [modloading-worker-0/DEBUG] [com.tterrag.registrate.AbstractRegistrate/REGISTRATE.REGISTER]: Captured registration for entry light_blue_toolbox of type minecraft:item
[23Nov2025 22:02:02.787] [modloading-worker-0/DEBUG] [com.tterrag.registrate.AbstractRegistrate/REGISTRATE.REGISTER]: Captured registration for entry light_blue_toolbox of type minecraft:block
[23Nov2025 22:02:02.787] [modloading-worker-0/DEBUG] [com.tterrag.registrate.AbstractRegistrate/REGISTRATE.REGISTER]: Captured registration for entry yellow_toolbox of type minecraft:item
[23Nov2025 22:02:02.787] [modloading-worker-0/DEBUG] [com.tterrag.registrate.AbstractRegistrate/REGISTRATE.REGISTER]: Captured registration for entry yellow_toolbox of type minecraft:block
[23Nov2025 22:02:02.788] [modloading-worker-0/DEBUG] [com.tterrag.registrate.AbstractRegistrate/REGISTRATE.REGISTER]: Captured registration for entry lime_toolbox of type minecraft:item
[23Nov2025 22:02:02.788] [modloading-worker-0/DEBUG] [com.tterrag.registrate.AbstractRegistrate/REGISTRATE.REGISTER]: Captured registration for entry lime_toolbox of type minecraft:block
[23Nov2025 22:02:02.788] [modloading-worker-0/DEBUG] [com.tterrag.registrate.AbstractRegistrate/REGISTRATE.REGISTER]: Captured registration for entry pink_toolbox of type minecraft:item
[23Nov2025 22:02:02.788] [modloading-worker-0/DEBUG] [com.tterrag.registrate.AbstractRegistrate/REGISTRATE.REGISTER]: Captured registration for entry pink_toolbox of type minecraft:block
[23Nov2025 22:02:02.788] [modloading-worker-0/DEBUG] [com.tterrag.registrate.AbstractRegistrate/REGISTRATE.REGISTER]: Captured registration for entry gray_toolbox of type minecraft:item
[23Nov2025 22:02:02.788] [modloading-worker-0/DEBUG] [com.tterrag.registrate.AbstractRegistrate/REGISTRATE.REGISTER]: Captured registration for entry gray_toolbox of type minecraft:block
[23Nov2025 22:02:02.788] [modloading-worker-0/DEBUG] [com.tterrag.registrate.AbstractRegistrate/REGISTRATE.REGISTER]: Captured registration for entry light_gray_toolbox of type minecraft:item
[23Nov2025 22:02:02.788] [modloading-worker-0/DEBUG] [com.tterrag.registrate.AbstractRegistrate/REGISTRATE.REGISTER]: Captured registration for entry light_gray_toolbox of type minecraft:block
[23Nov2025 22:02:02.788] [modloading-worker-0/DEBUG] [com.tterrag.registrate.AbstractRegistrate/REGISTRATE.REGISTER]: Captured registration for entry cyan_toolbox of type minecraft:item
[23Nov2025 22:02:02.789] [modloading-worker-0/DEBUG] [com.tterrag.registrate.AbstractRegistrate/REGISTRATE.REGISTER]: Captured registration for entry cyan_toolbox of type minecraft:block
[23Nov2025 22:02:02.789] [modloading-worker-0/DEBUG] [com.tterrag.registrate.AbstractRegistrate/REGISTRATE.REGISTER]: Captured registration for entry purple_toolbox of type minecraft:item
[23Nov2025 22:02:02.789] [modloading-worker-0/DEBUG] [com.tterrag.registrate.AbstractRegistrate/REGISTRATE.REGISTER]: Captured registration for entry purple_toolbox of type minecraft:block
[23Nov2025 22:02:02.789] [modloading-worker-0/DEBUG] [com.tterrag.registrate.AbstractRegistrate/REGISTRATE.REGISTER]: Captured registration for entry blue_toolbox of type minecraft:item
[23Nov2025 22:02:02.789] [modloading-worker-0/DEBUG] [com.tterrag.registrate.AbstractRegistrate/REGISTRATE.REGISTER]: Captured registration for entry blue_toolbox of type minecraft:block
[23Nov2025 22:02:02.789] [modloading-worker-0/DEBUG] [com.tterrag.registrate.AbstractRegistrate/REGISTRATE.REGISTER]: Captured registration for entry brown_toolbox of type minecraft:item
[23Nov2025 22:02:02.789] [modloading-worker-0/DEBUG] [com.tterrag.registrate.AbstractRegistrate/REGISTRATE.REGISTER]: Captured registration for entry brown_toolbox of type minecraft:block
[23Nov2025 22:02:02.789] [modloading-worker-0/DEBUG] [com.tterrag.registrate.AbstractRegistrate/REGISTRATE.REGISTER]: Captured registration for entry green_toolbox of type minecraft:item
[23Nov2025 22:02:02.789] [modloading-worker-0/DEBUG] [com.tterrag.registrate.AbstractRegistrate/REGISTRATE.REGISTER]: Captured registration for entry green_toolbox of type minecraft:block
[23Nov2025 22:02:02.789] [modloading-worker-0/DEBUG] [com.tterrag.registrate.AbstractRegistrate/REGISTRATE.REGISTER]: Captured registration for entry red_toolbox of type minecraft:item
[23Nov2025 22:02:02.789] [modloading-worker-0/DEBUG] [com.tterrag.registrate.AbstractRegistrate/REGISTRATE.REGISTER]: Captured registration for entry red_toolbox of type minecraft:block
[23Nov2025 22:02:02.789] [modloading-worker-0/DEBUG] [com.tterrag.registrate.AbstractRegistrate/REGISTRATE.REGISTER]: Captured registration for entry black_toolbox of type minecraft:item
[23Nov2025 22:02:02.790] [modloading-worker-0/DEBUG] [com.tterrag.registrate.AbstractRegistrate/REGISTRATE.REGISTER]: Captured registration for entry black_toolbox of type minecraft:block
[23Nov2025 22:02:02.792] [modloading-worker-0/DEBUG] [com.tterrag.registrate.AbstractRegistrate/REGISTRATE.REGISTER]: Captured registration for entry clipboard of type minecraft:item
[23Nov2025 22:02:02.792] [modloading-worker-0/DEBUG] [com.tterrag.registrate.AbstractRegistrate/REGISTRATE.REGISTER]: Captured registration for entry clipboard of type minecraft:block
[23Nov2025 22:02:02.795] [modloading-worker-0/DEBUG] [com.tterrag.registrate.AbstractRegistrate/REGISTRATE.REGISTER]: Captured registration for entry andesite_ladder of type minecraft:item
[23Nov2025 22:02:02.795] [modloading-worker-0/DEBUG] [com.tterrag.registrate.AbstractRegistrate/REGISTRATE.REGISTER]: Captured registration for entry andesite_ladder of type minecraft:block
[23Nov2025 22:02:02.796] [modloading-worker-0/DEBUG] [com.tterrag.registrate.AbstractRegistrate/REGISTRATE.REGISTER]: Captured registration for entry brass_ladder of type minecraft:item
[23Nov2025 22:02:02.796] [modloading-worker-0/DEBUG] [com.tterrag.registrate.AbstractRegistrate/REGISTRATE.REGISTER]: Captured registration for entry brass_ladder of type minecraft:block
[23Nov2025 22:02:02.796] [modloading-worker-0/DEBUG] [com.tterrag.registrate.AbstractRegistrate/REGISTRATE.REGISTER]: Captured registration for entry copper_ladder of type minecraft:item
[23Nov2025 22:02:02.796] [modloading-worker-0/DEBUG] [com.tterrag.registrate.AbstractRegistrate/REGISTRATE.REGISTER]: Captured registration for entry copper_ladder of type minecraft:block
[23Nov2025 22:02:02.798] [modloading-worker-0/DEBUG] [com.tterrag.registrate.AbstractRegistrate/REGISTRATE.REGISTER]: Captured registration for entry andesite_bars of type minecraft:item
[23Nov2025 22:02:02.798] [modloading-worker-0/DEBUG] [com.tterrag.registrate.AbstractRegistrate/REGISTRATE.REGISTER]: Captured registration for entry andesite_bars of type minecraft:block
[23Nov2025 22:02:02.799] [modloading-worker-0/DEBUG] [com.tterrag.registrate.AbstractRegistrate/REGISTRATE.REGISTER]: Captured registration for entry brass_bars of type minecraft:item
[23Nov2025 22:02:02.799] [modloading-worker-0/DEBUG] [com.tterrag.registrate.AbstractRegistrate/REGISTRATE.REGISTER]: Captured registration for entry brass_bars of type minecraft:block
[23Nov2025 22:02:02.799] [modloading-worker-0/DEBUG] [com.tterrag.registrate.AbstractRegistrate/REGISTRATE.REGISTER]: Captured registration for entry copper_bars of type minecraft:item
[23Nov2025 22:02:02.799] [modloading-worker-0/DEBUG] [com.tterrag.registrate.AbstractRegistrate/REGISTRATE.REGISTER]: Captured registration for entry copper_bars of type minecraft:block
[23Nov2025 22:02:02.804] [modloading-worker-0/DEBUG] [Ponder/]: Loaded net.createmod.catnip.platform.ForgePlatformHelper@798b36c1 for service interface net.createmod.catnip.platform.services.PlatformHelper
[23Nov2025 22:02:02.805] [modloading-worker-0/DEBUG] [Ponder/]: Loaded net.createmod.catnip.platform.ForgeFluidHelper@4c3647c5 for service interface net.createmod.catnip.platform.services.ModFluidHelper
[23Nov2025 22:02:02.807] [modloading-worker-0/DEBUG] [Ponder/]: Loaded net.createmod.catnip.platform.ForgeHooksHelper@3ea7c797 for service interface net.createmod.catnip.platform.services.ModHooksHelper
[23Nov2025 22:02:02.807] [modloading-worker-0/DEBUG] [Ponder/]: Loaded net.createmod.catnip.platform.ForgeRegisteredObjectsHelper@4ccd003 for service interface net.createmod.catnip.platform.services.RegisteredObjectsHelper
[23Nov2025 22:02:02.809] [modloading-worker-0/DEBUG] [Ponder/]: Loaded net.createmod.catnip.platform.ForgeNetworkHelper@cf99844 for service interface net.createmod.catnip.platform.services.NetworkHelper
[23Nov2025 22:02:02.819] [modloading-worker-0/DEBUG] [com.tterrag.registrate.AbstractRegistrate/REGISTRATE.REGISTER]: Captured registration for entry andesite_scaffolding of type minecraft:item
[23Nov2025 22:02:02.819] [modloading-worker-0/DEBUG] [com.tterrag.registrate.AbstractRegistrate/REGISTRATE.REGISTER]: Captured registration for entry andesite_scaffolding of type minecraft:block
[23Nov2025 22:02:02.819] [modloading-worker-0/DEBUG] [com.tterrag.registrate.AbstractRegistrate/REGISTRATE.REGISTER]: Captured registration for entry brass_scaffolding of type minecraft:item
[23Nov2025 22:02:02.819] [modloading-worker-0/DEBUG] [com.tterrag.registrate.AbstractRegistrate/REGISTRATE.REGISTER]: Captured registration for entry brass_scaffolding of type minecraft:block
[23Nov2025 22:02:02.820] [modloading-worker-0/DEBUG] [com.tterrag.registrate.AbstractRegistrate/REGISTRATE.REGISTER]: Captured registration for entry copper_scaffolding of type minecraft:item
[23Nov2025 22:02:02.820] [modloading-worker-0/DEBUG] [com.tterrag.registrate.AbstractRegistrate/REGISTRATE.REGISTER]: Captured registration for entry copper_scaffolding of type minecraft:block
[23Nov2025 22:02:02.822] [modloading-worker-0/DEBUG] [com.tterrag.registrate.AbstractRegistrate/REGISTRATE.REGISTER]: Captured registration for entry metal_girder of type minecraft:item
[23Nov2025 22:02:02.822] [modloading-worker-0/DEBUG] [com.tterrag.registrate.AbstractRegistrate/REGISTRATE.REGISTER]: Captured registration for entry metal_girder of type minecraft:block
[23Nov2025 22:02:02.823] [modloading-worker-0/DEBUG] [com.tterrag.registrate.AbstractRegistrate/REGISTRATE.REGISTER]: Captured registration for entry metal_girder_encased_shaft of type minecraft:block
[23Nov2025 22:02:02.824] [modloading-worker-0/DEBUG] [com.tterrag.registrate.AbstractRegistrate/REGISTRATE.REGISTER]: Captured registration for entry copycat_base of type minecraft:block
[23Nov2025 22:02:02.830] [modloading-worker-0/DEBUG] [com.tterrag.registrate.AbstractRegistrate/REGISTRATE.REGISTER]: Captured registration for entry copycat_step of type minecraft:item
[23Nov2025 22:02:02.830] [modloading-worker-0/DEBUG] [com.tterrag.registrate.AbstractRegistrate/REGISTRATE.REGISTER]: Captured registration for entry copycat_step of type minecraft:block
[23Nov2025 22:02:02.832] [modloading-worker-0/DEBUG] [com.tterrag.registrate.AbstractRegistrate/REGISTRATE.REGISTER]: Captured registration for entry copycat_panel of type minecraft:item
[23Nov2025 22:02:02.832] [modloading-worker-0/DEBUG] [com.tterrag.registrate.AbstractRegistrate/REGISTRATE.REGISTER]: Captured registration for entry copycat_panel of type minecraft:block
[23Nov2025 22:02:02.833] [modloading-worker-0/DEBUG] [com.tterrag.registrate.AbstractRegistrate/REGISTRATE.REGISTER]: Captured registration for entry copycat_bars of type minecraft:block
[23Nov2025 22:02:02.835] [modloading-worker-0/DEBUG] [com.tterrag.registrate.AbstractRegistrate/REGISTRATE.REGISTER]: Captured registration for entry white_seat of type minecraft:item
[23Nov2025 22:02:02.835] [modloading-worker-0/DEBUG] [com.tterrag.registrate.AbstractRegistrate/REGISTRATE.REGISTER]: Captured registration for entry white_seat of type minecraft:block
[23Nov2025 22:02:02.835] [modloading-worker-0/DEBUG] [com.tterrag.registrate.AbstractRegistrate/REGISTRATE.REGISTER]: Captured registration for entry orange_seat of type minecraft:item
[23Nov2025 22:02:02.835] [modloading-worker-0/DEBUG] [com.tterrag.registrate.AbstractRegistrate/REGISTRATE.REGISTER]: Captured registration for entry orange_seat of type minecraft:block
[23Nov2025 22:02:02.836] [modloading-worker-0/DEBUG] [com.tterrag.registrate.AbstractRegistrate/REGISTRATE.REGISTER]: Captured registration for entry magenta_seat of type minecraft:item
[23Nov2025 22:02:02.836] [modloading-worker-0/DEBUG] [com.tterrag.registrate.AbstractRegistrate/REGISTRATE.REGISTER]: Captured registration for entry magenta_seat of type minecraft:block
[23Nov2025 22:02:02.836] [modloading-worker-0/DEBUG] [com.tterrag.registrate.AbstractRegistrate/REGISTRATE.REGISTER]: Captured registration for entry light_blue_seat of type minecraft:item
[23Nov2025 22:02:02.836] [modloading-worker-0/DEBUG] [com.tterrag.registrate.AbstractRegistrate/REGISTRATE.REGISTER]: Captured registration for entry light_blue_seat of type minecraft:block
[23Nov2025 22:02:02.836] [modloading-worker-0/DEBUG] [com.tterrag.registrate.AbstractRegistrate/REGISTRATE.REGISTER]: Captured registration for entry yellow_seat of type minecraft:item
[23Nov2025 22:02:02.836] [modloading-worker-0/DEBUG] [com.tterrag.registrate.AbstractRegistrate/REGISTRATE.REGISTER]: Captured registration for entry yellow_seat of type minecraft:block
[23Nov2025 22:02:02.836] [modloading-worker-0/DEBUG] [com.tterrag.registrate.AbstractRegistrate/REGISTRATE.REGISTER]: Captured registration for entry lime_seat of type minecraft:item
[23Nov2025 22:02:02.836] [modloading-worker-0/DEBUG] [com.tterrag.registrate.AbstractRegistrate/REGISTRATE.REGISTER]: Captured registration for entry lime_seat of type minecraft:block
[23Nov2025 22:02:02.836] [modloading-worker-0/DEBUG] [com.tterrag.registrate.AbstractRegistrate/REGISTRATE.REGISTER]: Captured registration for entry pink_seat of type minecraft:item
[23Nov2025 22:02:02.836] [modloading-worker-0/DEBUG] [com.tterrag.registrate.AbstractRegistrate/REGISTRATE.REGISTER]: Captured registration for entry pink_seat of type minecraft:block
[23Nov2025 22:02:02.836] [modloading-worker-0/DEBUG] [com.tterrag.registrate.AbstractRegistrate/REGISTRATE.REGISTER]: Captured registration for entry gray_seat of type minecraft:item
[23Nov2025 22:02:02.837] [modloading-worker-0/DEBUG] [com.tterrag.registrate.AbstractRegistrate/REGISTRATE.REGISTER]: Captured registration for entry gray_seat of type minecraft:block
[23Nov2025 22:02:02.837] [modloading-worker-0/DEBUG] [com.tterrag.registrate.AbstractRegistrate/REGISTRATE.REGISTER]: Captured registration for entry light_gray_seat of type minecraft:item
[23Nov2025 22:02:02.837] [modloading-worker-0/DEBUG] [com.tterrag.registrate.AbstractRegistrate/REGISTRATE.REGISTER]: Captured registration for entry light_gray_seat of type minecraft:block
[23Nov2025 22:02:02.837] [modloading-worker-0/DEBUG] [com.tterrag.registrate.AbstractRegistrate/REGISTRATE.REGISTER]: Captured registration for entry cyan_seat of type minecraft:item
[23Nov2025 22:02:02.837] [modloading-worker-0/DEBUG] [com.tterrag.registrate.AbstractRegistrate/REGISTRATE.REGISTER]: Captured registration for entry cyan_seat of type minecraft:block
[23Nov2025 22:02:02.837] [modloading-worker-0/DEBUG] [com.tterrag.registrate.AbstractRegistrate/REGISTRATE.REGISTER]: Captured registration for entry purple_seat of type minecraft:item
[23Nov2025 22:02:02.837] [modloading-worker-0/DEBUG] [com.tterrag.registrate.AbstractRegistrate/REGISTRATE.REGISTER]: Captured registration for entry purple_seat of type minecraft:block
[23Nov2025 22:02:02.837] [modloading-worker-0/DEBUG] [com.tterrag.registrate.AbstractRegistrate/REGISTRATE.REGISTER]: Captured registration for entry blue_seat of type minecraft:item
[23Nov2025 22:02:02.837] [modloading-worker-0/DEBUG] [com.tterrag.registrate.AbstractRegistrate/REGISTRATE.REGISTER]: Captured registration for entry blue_seat of type minecraft:block
[23Nov2025 22:02:02.837] [modloading-worker-0/DEBUG] [com.tterrag.registrate.AbstractRegistrate/REGISTRATE.REGISTER]: Captured registration for entry brown_seat of type minecraft:item
[23Nov2025 22:02:02.837] [modloading-worker-0/DEBUG] [com.tterrag.registrate.AbstractRegistrate/REGISTRATE.REGISTER]: Captured registration for entry brown_seat of type minecraft:block
[23Nov2025 22:02:02.838] [modloading-worker-0/DEBUG] [com.tterrag.registrate.AbstractRegistrate/REGISTRATE.REGISTER]: Captured registration for entry green_seat of type minecraft:item
[23Nov2025 22:02:02.838] [modloading-worker-0/DEBUG] [com.tterrag.registrate.AbstractRegistrate/REGISTRATE.REGISTER]: Captured registration for entry green_seat of type minecraft:block
[23Nov2025 22:02:02.838] [modloading-worker-0/DEBUG] [com.tterrag.registrate.AbstractRegistrate/REGISTRATE.REGISTER]: Captured registration for entry red_seat of type minecraft:item
[23Nov2025 22:02:02.838] [modloading-worker-0/DEBUG] [com.tterrag.registrate.AbstractRegistrate/REGISTRATE.REGISTER]: Captured registration for entry red_seat of type minecraft:block
[23Nov2025 22:02:02.838] [modloading-worker-0/DEBUG] [com.tterrag.registrate.AbstractRegistrate/REGISTRATE.REGISTER]: Captured registration for entry black_seat of type minecraft:item
[23Nov2025 22:02:02.838] [modloading-worker-0/DEBUG] [com.tterrag.registrate.AbstractRegistrate/REGISTRATE.REGISTER]: Captured registration for entry black_seat of type minecraft:block
[23Nov2025 22:02:02.840] [modloading-worker-0/DEBUG] [com.tterrag.registrate.AbstractRegistrate/REGISTRATE.REGISTER]: Captured registration for entry andesite_door of type minecraft:item
[23Nov2025 22:02:02.841] [modloading-worker-0/DEBUG] [com.tterrag.registrate.AbstractRegistrate/REGISTRATE.REGISTER]: Captured registration for entry andesite_door of type minecraft:block
[23Nov2025 22:02:02.841] [modloading-worker-0/DEBUG] [com.tterrag.registrate.AbstractRegistrate/REGISTRATE.REGISTER]: Captured registration for entry brass_door of type minecraft:item
[23Nov2025 22:02:02.841] [modloading-worker-0/DEBUG] [com.tterrag.registrate.AbstractRegistrate/REGISTRATE.REGISTER]: Captured registration for entry brass_door of type minecraft:block
[23Nov2025 22:02:02.842] [modloading-worker-0/DEBUG] [com.tterrag.registrate.AbstractRegistrate/REGISTRATE.REGISTER]: Captured registration for entry copper_door of type minecraft:item
[23Nov2025 22:02:02.842] [modloading-worker-0/DEBUG] [com.tterrag.registrate.AbstractRegistrate/REGISTRATE.REGISTER]: Captured registration for entry copper_door of type minecraft:block
[23Nov2025 22:02:02.842] [modloading-worker-0/DEBUG] [com.tterrag.registrate.AbstractRegistrate/REGISTRATE.REGISTER]: Captured registration for entry train_door of type minecraft:item
[23Nov2025 22:02:02.842] [modloading-worker-0/DEBUG] [com.tterrag.registrate.AbstractRegistrate/REGISTRATE.REGISTER]: Captured registration for entry train_door of type minecraft:block
[23Nov2025 22:02:02.844] [modloading-worker-0/DEBUG] [com.tterrag.registrate.AbstractRegistrate/REGISTRATE.REGISTER]: Captured registration for entry train_trapdoor of type minecraft:item
[23Nov2025 22:02:02.844] [modloading-worker-0/DEBUG] [com.tterrag.registrate.AbstractRegistrate/REGISTRATE.REGISTER]: Captured registration for entry train_trapdoor of type minecraft:block
[23Nov2025 22:02:02.844] [modloading-worker-0/DEBUG] [com.tterrag.registrate.AbstractRegistrate/REGISTRATE.REGISTER]: Captured registration for entry framed_glass_door of type minecraft:item
[23Nov2025 22:02:02.845] [modloading-worker-0/DEBUG] [com.tterrag.registrate.AbstractRegistrate/REGISTRATE.REGISTER]: Captured registration for entry framed_glass_door of type minecraft:block
[23Nov2025 22:02:02.845] [modloading-worker-0/DEBUG] [com.tterrag.registrate.AbstractRegistrate/REGISTRATE.REGISTER]: Captured registration for entry framed_glass_trapdoor of type minecraft:item
[23Nov2025 22:02:02.846] [modloading-worker-0/DEBUG] [com.tterrag.registrate.AbstractRegistrate/REGISTRATE.REGISTER]: Captured registration for entry framed_glass_trapdoor of type minecraft:block
[23Nov2025 22:02:02.847] [modloading-worker-0/DEBUG] [com.tterrag.registrate.AbstractRegistrate/REGISTRATE.REGISTER]: Captured registration for entry zinc_ore of type minecraft:item
[23Nov2025 22:02:02.847] [modloading-worker-0/DEBUG] [com.tterrag.registrate.AbstractRegistrate/REGISTRATE.REGISTER]: Captured registration for entry zinc_ore of type minecraft:block
[23Nov2025 22:02:02.847] [modloading-worker-0/DEBUG] [com.tterrag.registrate.AbstractRegistrate/REGISTRATE.REGISTER]: Captured registration for entry deepslate_zinc_ore of type minecraft:item
[23Nov2025 22:02:02.848] [modloading-worker-0/DEBUG] [com.tterrag.registrate.AbstractRegistrate/REGISTRATE.REGISTER]: Captured registration for entry deepslate_zinc_ore of type minecraft:block
[23Nov2025 22:02:02.848] [modloading-worker-0/DEBUG] [com.tterrag.registrate.AbstractRegistrate/REGISTRATE.REGISTER]: Captured registration for entry raw_zinc_block of type minecraft:item
[23Nov2025 22:02:02.848] [modloading-worker-0/DEBUG] [com.tterrag.registrate.AbstractRegistrate/REGISTRATE.REGISTER]: Captured registration for entry raw_zinc_block of type minecraft:block
[23Nov2025 22:02:02.849] [modloading-worker-0/DEBUG] [com.tterrag.registrate.AbstractRegistrate/REGISTRATE.REGISTER]: Captured registration for entry zinc_block of type minecraft:item
[23Nov2025 22:02:02.849] [modloading-worker-0/DEBUG] [com.tterrag.registrate.AbstractRegistrate/REGISTRATE.REGISTER]: Captured registration for entry zinc_block of type minecraft:block
[23Nov2025 22:02:02.849] [modloading-worker-0/DEBUG] [com.tterrag.registrate.AbstractRegistrate/REGISTRATE.REGISTER]: Captured registration for entry andesite_alloy_block of type minecraft:item
[23Nov2025 22:02:02.850] [modloading-worker-0/DEBUG] [com.tterrag.registrate.AbstractRegistrate/REGISTRATE.REGISTER]: Captured registration for entry andesite_alloy_block of type minecraft:block
[23Nov2025 22:02:02.850] [modloading-worker-0/DEBUG] [com.tterrag.registrate.AbstractRegistrate/REGISTRATE.REGISTER]: Captured registration for entry industrial_iron_block of type minecraft:item
[23Nov2025 22:02:02.850] [modloading-worker-0/DEBUG] [com.tterrag.registrate.AbstractRegistrate/REGISTRATE.REGISTER]: Captured registration for entry industrial_iron_block of type minecraft:block
[23Nov2025 22:02:02.851] [modloading-worker-0/DEBUG] [com.tterrag.registrate.AbstractRegistrate/REGISTRATE.REGISTER]: Captured registration for entry weathered_iron_block of type minecraft:item
[23Nov2025 22:02:02.851] [modloading-worker-0/DEBUG] [com.tterrag.registrate.AbstractRegistrate/REGISTRATE.REGISTER]: Captured registration for entry weathered_iron_block of type minecraft:block
[23Nov2025 22:02:02.851] [modloading-worker-0/DEBUG] [com.tterrag.registrate.AbstractRegistrate/REGISTRATE.REGISTER]: Captured registration for entry brass_block of type minecraft:item
[23Nov2025 22:02:02.851] [modloading-worker-0/DEBUG] [com.tterrag.registrate.AbstractRegistrate/REGISTRATE.REGISTER]: Captured registration for entry brass_block of type minecraft:block
[23Nov2025 22:02:02.853] [modloading-worker-0/DEBUG] [com.tterrag.registrate.AbstractRegistrate/REGISTRATE.REGISTER]: Captured registration for entry cardboard_block of type minecraft:item
[23Nov2025 22:02:02.853] [modloading-worker-0/DEBUG] [com.tterrag.registrate.AbstractRegistrate/REGISTRATE.REGISTER]: Captured registration for entry cardboard_block of type minecraft:block
[23Nov2025 22:02:02.853] [modloading-worker-0/DEBUG] [com.tterrag.registrate.AbstractRegistrate/REGISTRATE.REGISTER]: Captured registration for entry bound_cardboard_block of type minecraft:item
[23Nov2025 22:02:02.853] [modloading-worker-0/DEBUG] [com.tterrag.registrate.AbstractRegistrate/REGISTRATE.REGISTER]: Captured registration for entry bound_cardboard_block of type minecraft:block
[23Nov2025 22:02:02.855] [modloading-worker-0/DEBUG] [com.tterrag.registrate.AbstractRegistrate/REGISTRATE.REGISTER]: Captured registration for entry experience_block of type minecraft:item
[23Nov2025 22:02:02.855] [modloading-worker-0/DEBUG] [com.tterrag.registrate.AbstractRegistrate/REGISTRATE.REGISTER]: Captured registration for entry experience_block of type minecraft:block
[23Nov2025 22:02:02.856] [modloading-worker-0/DEBUG] [com.tterrag.registrate.AbstractRegistrate/REGISTRATE.REGISTER]: Captured registration for entry rose_quartz_block of type minecraft:item
[23Nov2025 22:02:02.856] [modloading-worker-0/DEBUG] [com.tterrag.registrate.AbstractRegistrate/REGISTRATE.REGISTER]: Captured registration for entry rose_quartz_block of type minecraft:block
[23Nov2025 22:02:02.856] [modloading-worker-0/DEBUG] [com.tterrag.registrate.AbstractRegistrate/REGISTRATE.REGISTER]: Captured registration for entry rose_quartz_tiles of type minecraft:item
[23Nov2025 22:02:02.856] [modloading-worker-0/DEBUG] [com.tterrag.registrate.AbstractRegistrate/REGISTRATE.REGISTER]: Captured registration for entry rose_quartz_tiles of type minecraft:block
[23Nov2025 22:02:02.857] [modloading-worker-0/DEBUG] [com.tterrag.registrate.AbstractRegistrate/REGISTRATE.REGISTER]: Captured registration for entry small_rose_quartz_tiles of type minecraft:item
[23Nov2025 22:02:02.857] [modloading-worker-0/DEBUG] [com.tterrag.registrate.AbstractRegistrate/REGISTRATE.REGISTER]: Captured registration for entry small_rose_quartz_tiles of type minecraft:block
[23Nov2025 22:02:02.864] [modloading-worker-0/DEBUG] [com.tterrag.registrate.AbstractRegistrate/REGISTRATE.REGISTER]: Captured registration for entry copper_shingles of type minecraft:item
[23Nov2025 22:02:02.864] [modloading-worker-0/DEBUG] [com.tterrag.registrate.AbstractRegistrate/REGISTRATE.REGISTER]: Captured registration for entry copper_shingles of type minecraft:block
[23Nov2025 22:02:02.864] [modloading-worker-0/DEBUG] [com.tterrag.registrate.AbstractRegistrate/REGISTRATE.REGISTER]: Captured registration for entry exposed_copper_shingles of type minecraft:item
[23Nov2025 22:02:02.864] [modloading-worker-0/DEBUG] [com.tterrag.registrate.AbstractRegistrate/REGISTRATE.REGISTER]: Captured registration for entry exposed_copper_shingles of type minecraft:block
[23Nov2025 22:02:02.865] [modloading-worker-0/DEBUG] [com.tterrag.registrate.AbstractRegistrate/REGISTRATE.REGISTER]: Captured registration for entry weathered_copper_shingles of type minecraft:item
[23Nov2025 22:02:02.865] [modloading-worker-0/DEBUG] [com.tterrag.registrate.AbstractRegistrate/REGISTRATE.REGISTER]: Captured registration for entry weathered_copper_shingles of type minecraft:block
[23Nov2025 22:02:02.865] [modloading-worker-0/DEBUG] [com.tterrag.registrate.AbstractRegistrate/REGISTRATE.REGISTER]: Captured registration for entry oxidized_copper_shingles of type minecraft:item
[23Nov2025 22:02:02.865] [modloading-worker-0/DEBUG] [com.tterrag.registrate.AbstractRegistrate/REGISTRATE.REGISTER]: Captured registration for entry oxidized_copper_shingles of type minecraft:block
[23Nov2025 22:02:02.866] [modloading-worker-0/DEBUG] [com.tterrag.registrate.AbstractRegistrate/REGISTRATE.REGISTER]: Captured registration for entry copper_shingle_slab of type minecraft:item
[23Nov2025 22:02:02.866] [modloading-worker-0/DEBUG] [com.tterrag.registrate.AbstractRegistrate/REGISTRATE.REGISTER]: Captured registration for entry copper_shingle_slab of type minecraft:block
[23Nov2025 22:02:02.866] [modloading-worker-0/DEBUG] [com.tterrag.registrate.AbstractRegistrate/REGISTRATE.REGISTER]: Captured registration for entry exposed_copper_shingle_slab of type minecraft:item
[23Nov2025 22:02:02.866] [modloading-worker-0/DEBUG] [com.tterrag.registrate.AbstractRegistrate/REGISTRATE.REGISTER]: Captured registration for entry exposed_copper_shingle_slab of type minecraft:block
[23Nov2025 22:02:02.866] [modloading-worker-0/DEBUG] [com.tterrag.registrate.AbstractRegistrate/REGISTRATE.REGISTER]: Captured registration for entry weathered_copper_shingle_slab of type minecraft:item
[23Nov2025 22:02:02.866] [modloading-worker-0/DEBUG] [com.tterrag.registrate.AbstractRegistrate/REGISTRATE.REGISTER]: Captured registration for entry weathered_copper_shingle_slab of type minecraft:block
[23Nov2025 22:02:02.866] [modloading-worker-0/DEBUG] [com.tterrag.registrate.AbstractRegistrate/REGISTRATE.REGISTER]: Captured registration for entry oxidized_copper_shingle_slab of type minecraft:item
[23Nov2025 22:02:02.866] [modloading-worker-0/DEBUG] [com.tterrag.registrate.AbstractRegistrate/REGISTRATE.REGISTER]: Captured registration for entry oxidized_copper_shingle_slab of type minecraft:block
[23Nov2025 22:02:02.867] [modloading-worker-0/DEBUG] [com.tterrag.registrate.AbstractRegistrate/REGISTRATE.REGISTER]: Captured registration for entry copper_shingle_stairs of type minecraft:item
[23Nov2025 22:02:02.867] [modloading-worker-0/DEBUG] [com.tterrag.registrate.AbstractRegistrate/REGISTRATE.REGISTER]: Captured registration for entry copper_shingle_stairs of type minecraft:block
[23Nov2025 22:02:02.867] [modloading-worker-0/DEBUG] [com.tterrag.registrate.AbstractRegistrate/REGISTRATE.REGISTER]: Captured registration for entry exposed_copper_shingle_stairs of type minecraft:item
[23Nov2025 22:02:02.867] [modloading-worker-0/DEBUG] [com.tterrag.registrate.AbstractRegistrate/REGISTRATE.REGISTER]: Captured registration for entry exposed_copper_shingle_stairs of type minecraft:block
[23Nov2025 22:02:02.867] [modloading-worker-0/DEBUG] [com.tterrag.registrate.AbstractRegistrate/REGISTRATE.REGISTER]: Captured registration for entry weathered_copper_shingle_stairs of type minecraft:item
[23Nov2025 22:02:02.867] [modloading-worker-0/DEBUG] [com.tterrag.registrate.AbstractRegistrate/REGISTRATE.REGISTER]: Captured registration for entry weathered_copper_shingle_stairs of type minecraft:block
[23Nov2025 22:02:02.867] [modloading-worker-0/DEBUG] [com.tterrag.registrate.AbstractRegistrate/REGISTRATE.REGISTER]: Captured registration for entry oxidized_copper_shingle_stairs of type minecraft:item
[23Nov2025 22:02:02.867] [modloading-worker-0/DEBUG] [com.tterrag.registrate.AbstractRegistrate/REGISTRATE.REGISTER]: Captured registration for entry oxidized_copper_shingle_stairs of type minecraft:block
[23Nov2025 22:02:02.868] [modloading-worker-0/DEBUG] [com.tterrag.registrate.AbstractRegistrate/REGISTRATE.REGISTER]: Captured registration for entry waxed_copper_shingles of type minecraft:item
[23Nov2025 22:02:02.868] [modloading-worker-0/DEBUG] [com.tterrag.registrate.AbstractRegistrate/REGISTRATE.REGISTER]: Captured registration for entry waxed_copper_shingles of type minecraft:block
[23Nov2025 22:02:02.868] [modloading-worker-0/DEBUG] [com.tterrag.registrate.AbstractRegistrate/REGISTRATE.REGISTER]: Captured registration for entry waxed_exposed_copper_shingles of type minecraft:item
[23Nov2025 22:02:02.869] [modloading-worker-0/DEBUG] [com.tterrag.registrate.AbstractRegistrate/REGISTRATE.REGISTER]: Captured registration for entry waxed_exposed_copper_shingles of type minecraft:block
[23Nov2025 22:02:02.869] [modloading-worker-0/DEBUG] [com.tterrag.registrate.AbstractRegistrate/REGISTRATE.REGISTER]: Captured registration for entry waxed_weathered_copper_shingles of type minecraft:item
[23Nov2025 22:02:02.869] [modloading-worker-0/DEBUG] [com.tterrag.registrate.AbstractRegistrate/REGISTRATE.REGISTER]: Captured registration for entry waxed_weathered_copper_shingles of type minecraft:block
[23Nov2025 22:02:02.869] [modloading-worker-0/DEBUG] [com.tterrag.registrate.AbstractRegistrate/REGISTRATE.REGISTER]: Captured registration for entry waxed_oxidized_copper_shingles of type minecraft:item
[23Nov2025 22:02:02.869] [modloading-worker-0/DEBUG] [com.tterrag.registrate.AbstractRegistrate/REGISTRATE.REGISTER]: Captured registration for entry waxed_oxidized_copper_shingles of type minecraft:block
[23Nov2025 22:02:02.869] [modloading-worker-0/DEBUG] [com.tterrag.registrate.AbstractRegistrate/REGISTRATE.REGISTER]: Captured registration for entry waxed_copper_shingle_slab of type minecraft:item
[23Nov2025 22:02:02.869] [modloading-worker-0/DEBUG] [com.tterrag.registrate.AbstractRegistrate/REGISTRATE.REGISTER]: Captured registration for entry waxed_copper_shingle_slab of type minecraft:block
[23Nov2025 22:02:02.869] [modloading-worker-0/DEBUG] [com.tterrag.registrate.AbstractRegistrate/REGISTRATE.REGISTER]: Captured registration for entry waxed_exposed_copper_shingle_slab of type minecraft:item
[23Nov2025 22:02:02.869] [modloading-worker-0/DEBUG] [com.tterrag.registrate.AbstractRegistrate/REGISTRATE.REGISTER]: Captured registration for entry waxed_exposed_copper_shingle_slab of type minecraft:block
[23Nov2025 22:02:02.869] [modloading-worker-0/DEBUG] [com.tterrag.registrate.AbstractRegistrate/REGISTRATE.REGISTER]: Captured registration for entry waxed_weathered_copper_shingle_slab of type minecraft:item
[23Nov2025 22:02:02.869] [modloading-worker-0/DEBUG] [com.tterrag.registrate.AbstractRegistrate/REGISTRATE.REGISTER]: Captured registration for entry waxed_weathered_copper_shingle_slab of type minecraft:block
[23Nov2025 22:02:02.869] [modloading-worker-0/DEBUG] [com.tterrag.registrate.AbstractRegistrate/REGISTRATE.REGISTER]: Captured registration for entry waxed_oxidized_copper_shingle_slab of type minecraft:item
[23Nov2025 22:02:02.870] [modloading-worker-0/DEBUG] [com.tterrag.registrate.AbstractRegistrate/REGISTRATE.REGISTER]: Captured registration for entry waxed_oxidized_copper_shingle_slab of type minecraft:block
[23Nov2025 22:02:02.870] [modloading-worker-0/DEBUG] [com.tterrag.registrate.AbstractRegistrate/REGISTRATE.REGISTER]: Captured registration for entry waxed_copper_shingle_stairs of type minecraft:item
[23Nov2025 22:02:02.870] [modloading-worker-0/DEBUG] [com.tterrag.registrate.AbstractRegistrate/REGISTRATE.REGISTER]: Captured registration for entry waxed_copper_shingle_stairs of type minecraft:block
[23Nov2025 22:02:02.870] [modloading-worker-0/DEBUG] [com.tterrag.registrate.AbstractRegistrate/REGISTRATE.REGISTER]: Captured registration for entry waxed_exposed_copper_shingle_stairs of type minecraft:item
[23Nov2025 22:02:02.870] [modloading-worker-0/DEBUG] [com.tterrag.registrate.AbstractRegistrate/REGISTRATE.REGISTER]: Captured registration for entry waxed_exposed_copper_shingle_stairs of type minecraft:block
[23Nov2025 22:02:02.870] [modloading-worker-0/DEBUG] [com.tterrag.registrate.AbstractRegistrate/REGISTRATE.REGISTER]: Captured registration for entry waxed_weathered_copper_shingle_stairs of type minecraft:item
[23Nov2025 22:02:02.870] [modloading-worker-0/DEBUG] [com.tterrag.registrate.AbstractRegistrate/REGISTRATE.REGISTER]: Captured registration for entry waxed_weathered_copper_shingle_stairs of type minecraft:block
[23Nov2025 22:02:02.870] [modloading-worker-0/DEBUG] [com.tterrag.registrate.AbstractRegistrate/REGISTRATE.REGISTER]: Captured registration for entry waxed_oxidized_copper_shingle_stairs of type minecraft:item
[23Nov2025 22:02:02.870] [modloading-worker-0/DEBUG] [com.tterrag.registrate.AbstractRegistrate/REGISTRATE.REGISTER]: Captured registration for entry waxed_oxidized_copper_shingle_stairs of type minecraft:block
[23Nov2025 22:02:02.871] [modloading-worker-0/DEBUG] [com.tterrag.registrate.AbstractRegistrate/REGISTRATE.REGISTER]: Captured registration for entry copper_tiles of type minecraft:item
[23Nov2025 22:02:02.871] [modloading-worker-0/DEBUG] [com.tterrag.registrate.AbstractRegistrate/REGISTRATE.REGISTER]: Captured registration for entry copper_tiles of type minecraft:block
[23Nov2025 22:02:02.871] [modloading-worker-0/DEBUG] [com.tterrag.registrate.AbstractRegistrate/REGISTRATE.REGISTER]: Captured registration for entry exposed_copper_tiles of type minecraft:item
[23Nov2025 22:02:02.871] [modloading-worker-0/DEBUG] [com.tterrag.registrate.AbstractRegistrate/REGISTRATE.REGISTER]: Captured registration for entry exposed_copper_tiles of type minecraft:block
[23Nov2025 22:02:02.871] [modloading-worker-0/DEBUG] [com.tterrag.registrate.AbstractRegistrate/REGISTRATE.REGISTER]: Captured registration for entry weathered_copper_tiles of type minecraft:item
[23Nov2025 22:02:02.871] [modloading-worker-0/DEBUG] [com.tterrag.registrate.AbstractRegistrate/REGISTRATE.REGISTER]: Captured registration for entry weathered_copper_tiles of type minecraft:block
[23Nov2025 22:02:02.871] [modloading-worker-0/DEBUG] [com.tterrag.registrate.AbstractRegistrate/REGISTRATE.REGISTER]: Captured registration for entry oxidized_copper_tiles of type minecraft:item
[23Nov2025 22:02:02.871] [modloading-worker-0/DEBUG] [com.tterrag.registrate.AbstractRegistrate/REGISTRATE.REGISTER]: Captured registration for entry oxidized_copper_tiles of type minecraft:block
[23Nov2025 22:02:02.871] [modloading-worker-0/DEBUG] [com.tterrag.registrate.AbstractRegistrate/REGISTRATE.REGISTER]: Captured registration for entry copper_tile_slab of type minecraft:item
[23Nov2025 22:02:02.872] [modloading-worker-0/DEBUG] [com.tterrag.registrate.AbstractRegistrate/REGISTRATE.REGISTER]: Captured registration for entry copper_tile_slab of type minecraft:block
[23Nov2025 22:02:02.872] [modloading-worker-0/DEBUG] [com.tterrag.registrate.AbstractRegistrate/REGISTRATE.REGISTER]: Captured registration for entry exposed_copper_tile_slab of type minecraft:item
[23Nov2025 22:02:02.872] [modloading-worker-0/DEBUG] [com.tterrag.registrate.AbstractRegistrate/REGISTRATE.REGISTER]: Captured registration for entry exposed_copper_tile_slab of type minecraft:block
[23Nov2025 22:02:02.872] [modloading-worker-0/DEBUG] [com.tterrag.registrate.AbstractRegistrate/REGISTRATE.REGISTER]: Captured registration for entry weathered_copper_tile_slab of type minecraft:item
[23Nov2025 22:02:02.872] [modloading-worker-0/DEBUG] [com.tterrag.registrate.AbstractRegistrate/REGISTRATE.REGISTER]: Captured registration for entry weathered_copper_tile_slab of type minecraft:block
[23Nov2025 22:02:02.872] [modloading-worker-0/DEBUG] [com.tterrag.registrate.AbstractRegistrate/REGISTRATE.REGISTER]: Captured registration for entry oxidized_copper_tile_slab of type minecraft:item
[23Nov2025 22:02:02.872] [modloading-worker-0/DEBUG] [com.tterrag.registrate.AbstractRegistrate/REGISTRATE.REGISTER]: Captured registration for entry oxidized_copper_tile_slab of type minecraft:block
[23Nov2025 22:02:02.872] [modloading-worker-0/DEBUG] [com.tterrag.registrate.AbstractRegistrate/REGISTRATE.REGISTER]: Captured registration for entry copper_tile_stairs of type minecraft:item
[23Nov2025 22:02:02.872] [modloading-worker-0/DEBUG] [com.tterrag.registrate.AbstractRegistrate/REGISTRATE.REGISTER]: Captured registration for entry copper_tile_stairs of type minecraft:block
[23Nov2025 22:02:02.872] [modloading-worker-0/DEBUG] [com.tterrag.registrate.AbstractRegistrate/REGISTRATE.REGISTER]: Captured registration for entry exposed_copper_tile_stairs of type minecraft:item
[23Nov2025 22:02:02.872] [modloading-worker-0/DEBUG] [com.tterrag.registrate.AbstractRegistrate/REGISTRATE.REGISTER]: Captured registration for entry exposed_copper_tile_stairs of type minecraft:block
[23Nov2025 22:02:02.872] [modloading-worker-0/DEBUG] [com.tterrag.registrate.AbstractRegistrate/REGISTRATE.REGISTER]: Captured registration for entry weathered_copper_tile_stairs of type minecraft:item
[23Nov2025 22:02:02.872] [modloading-worker-0/DEBUG] [com.tterrag.registrate.AbstractRegistrate/REGISTRATE.REGISTER]: Captured registration for entry weathered_copper_tile_stairs of type minecraft:block
[23Nov2025 22:02:02.873] [modloading-worker-0/DEBUG] [com.tterrag.registrate.AbstractRegistrate/REGISTRATE.REGISTER]: Captured registration for entry oxidized_copper_tile_stairs of type minecraft:item
[23Nov2025 22:02:02.873] [modloading-worker-0/DEBUG] [com.tterrag.registrate.AbstractRegistrate/REGISTRATE.REGISTER]: Captured registration for entry oxidized_copper_tile_stairs of type minecraft:block
[23Nov2025 22:02:02.873] [modloading-worker-0/DEBUG] [com.tterrag.registrate.AbstractRegistrate/REGISTRATE.REGISTER]: Captured registration for entry waxed_copper_tiles of type minecraft:item
[23Nov2025 22:02:02.873] [modloading-worker-0/DEBUG] [com.tterrag.registrate.AbstractRegistrate/REGISTRATE.REGISTER]: Captured registration for entry waxed_copper_tiles of type minecraft:block
[23Nov2025 22:02:02.873] [modloading-worker-0/DEBUG] [com.tterrag.registrate.AbstractRegistrate/REGISTRATE.REGISTER]: Captured registration for entry waxed_exposed_copper_tiles of type minecraft:item
[23Nov2025 22:02:02.873] [modloading-worker-0/DEBUG] [com.tterrag.registrate.AbstractRegistrate/REGISTRATE.REGISTER]: Captured registration for entry waxed_exposed_copper_tiles of type minecraft:block
[23Nov2025 22:02:02.873] [modloading-worker-0/DEBUG] [com.tterrag.registrate.AbstractRegistrate/REGISTRATE.REGISTER]: Captured registration for entry waxed_weathered_copper_tiles of type minecraft:item
[23Nov2025 22:02:02.873] [modloading-worker-0/DEBUG] [com.tterrag.registrate.AbstractRegistrate/REGISTRATE.REGISTER]: Captured registration for entry waxed_weathered_copper_tiles of type minecraft:block
[23Nov2025 22:02:02.873] [modloading-worker-0/DEBUG] [com.tterrag.registrate.AbstractRegistrate/REGISTRATE.REGISTER]: Captured registration for entry waxed_oxidized_copper_tiles of type minecraft:item
[23Nov2025 22:02:02.873] [modloading-worker-0/DEBUG] [com.tterrag.registrate.AbstractRegistrate/REGISTRATE.REGISTER]: Captured registration for entry waxed_oxidized_copper_tiles of type minecraft:block
[23Nov2025 22:02:02.873] [modloading-worker-0/DEBUG] [com.tterrag.registrate.AbstractRegistrate/REGISTRATE.REGISTER]: Captured registration for entry waxed_copper_tile_slab of type minecraft:item
[23Nov2025 22:02:02.873] [modloading-worker-0/DEBUG] [com.tterrag.registrate.AbstractRegistrate/REGISTRATE.REGISTER]: Captured registration for entry waxed_copper_tile_slab of type minecraft:block
[23Nov2025 22:02:02.873] [modloading-worker-0/DEBUG] [com.tterrag.registrate.AbstractRegistrate/REGISTRATE.REGISTER]: Captured registration for entry waxed_exposed_copper_tile_slab of type minecraft:item
[23Nov2025 22:02:02.873] [modloading-worker-0/DEBUG] [com.tterrag.registrate.AbstractRegistrate/REGISTRATE.REGISTER]: Captured registration for entry waxed_exposed_copper_tile_slab of type minecraft:block
[23Nov2025 22:02:02.874] [modloading-worker-0/DEBUG] [com.tterrag.registrate.AbstractRegistrate/REGISTRATE.REGISTER]: Captured registration for entry waxed_weathered_copper_tile_slab of type minecraft:item
[23Nov2025 22:02:02.874] [modloading-worker-0/DEBUG] [com.tterrag.registrate.AbstractRegistrate/REGISTRATE.REGISTER]: Captured registration for entry waxed_weathered_copper_tile_slab of type minecraft:block
[23Nov2025 22:02:02.874] [modloading-worker-0/DEBUG] [com.tterrag.registrate.AbstractRegistrate/REGISTRATE.REGISTER]: Captured registration for entry waxed_oxidized_copper_tile_slab of type minecraft:item
[23Nov2025 22:02:02.874] [modloading-worker-0/DEBUG] [com.tterrag.registrate.AbstractRegistrate/REGISTRATE.REGISTER]: Captured registration for entry waxed_oxidized_copper_tile_slab of type minecraft:block
[23Nov2025 22:02:02.874] [modloading-worker-0/DEBUG] [com.tterrag.registrate.AbstractRegistrate/REGISTRATE.REGISTER]: Captured registration for entry waxed_copper_tile_stairs of type minecraft:item
[23Nov2025 22:02:02.874] [modloading-worker-0/DEBUG] [com.tterrag.registrate.AbstractRegistrate/REGISTRATE.REGISTER]: Captured registration for entry waxed_copper_tile_stairs of type minecraft:block
[23Nov2025 22:02:02.874] [modloading-worker-0/DEBUG] [com.tterrag.registrate.AbstractRegistrate/REGISTRATE.REGISTER]: Captured registration for entry waxed_exposed_copper_tile_stairs of type minecraft:item
[23Nov2025 22:02:02.874] [modloading-worker-0/DEBUG] [com.tterrag.registrate.AbstractRegistrate/REGISTRATE.REGISTER]: Captured registration for entry waxed_exposed_copper_tile_stairs of type minecraft:block
[23Nov2025 22:02:02.874] [modloading-worker-0/DEBUG] [com.tterrag.registrate.AbstractRegistrate/REGISTRATE.REGISTER]: Captured registration for entry waxed_weathered_copper_tile_stairs of type minecraft:item
[23Nov2025 22:02:02.874] [modloading-worker-0/DEBUG] [com.tterrag.registrate.AbstractRegistrate/REGISTRATE.REGISTER]: Captured registration for entry waxed_weathered_copper_tile_stairs of type minecraft:block
[23Nov2025 22:02:02.874] [modloading-worker-0/DEBUG] [com.tterrag.registrate.AbstractRegistrate/REGISTRATE.REGISTER]: Captured registration for entry waxed_oxidized_copper_tile_stairs of type minecraft:item
[23Nov2025 22:02:02.874] [modloading-worker-0/DEBUG] [com.tterrag.registrate.AbstractRegistrate/REGISTRATE.REGISTER]: Captured registration for entry waxed_oxidized_copper_tile_stairs of type minecraft:block
[23Nov2025 22:02:02.882] [modloading-worker-0/DEBUG] [com.tterrag.registrate.AbstractRegistrate/REGISTRATE.REGISTER]: Captured registration for entry potion of type forge:fluid_type
[23Nov2025 22:02:02.883] [modloading-worker-0/DEBUG] [com.tterrag.registrate.AbstractRegistrate/REGISTRATE.REGISTER]: Captured registration for entry potion of type minecraft:fluid
[23Nov2025 22:02:02.883] [modloading-worker-0/DEBUG] [com.tterrag.registrate.AbstractRegistrate/REGISTRATE.REGISTER]: Captured registration for entry flowing_potion of type minecraft:fluid
[23Nov2025 22:02:02.885] [modloading-worker-0/DEBUG] [com.tterrag.registrate.AbstractRegistrate/REGISTRATE.REGISTER]: Captured registration for entry tea of type forge:fluid_type
[23Nov2025 22:02:02.885] [modloading-worker-0/DEBUG] [com.tterrag.registrate.AbstractRegistrate/REGISTRATE.REGISTER]: Captured registration for entry tea of type minecraft:fluid
[23Nov2025 22:02:02.885] [modloading-worker-0/DEBUG] [com.tterrag.registrate.AbstractRegistrate/REGISTRATE.REGISTER]: Captured registration for entry flowing_tea of type minecraft:fluid
[23Nov2025 22:02:02.889] [modloading-worker-0/DEBUG] [com.tterrag.registrate.AbstractRegistrate/REGISTRATE.REGISTER]: Captured registration for entry honey of type minecraft:block
[23Nov2025 22:02:02.890] [modloading-worker-0/DEBUG] [com.tterrag.registrate.AbstractRegistrate/REGISTRATE.REGISTER]: Captured registration for entry honey_bucket of type minecraft:item
[23Nov2025 22:02:02.890] [modloading-worker-0/DEBUG] [com.tterrag.registrate.AbstractRegistrate/REGISTRATE.REGISTER]: Captured registration for entry honey of type forge:fluid_type
[23Nov2025 22:02:02.890] [modloading-worker-0/DEBUG] [com.tterrag.registrate.AbstractRegistrate/REGISTRATE.REGISTER]: Captured registration for entry honey of type minecraft:fluid
[23Nov2025 22:02:02.890] [modloading-worker-0/DEBUG] [com.tterrag.registrate.AbstractRegistrate/REGISTRATE.REGISTER]: Captured registration for entry flowing_honey of type minecraft:fluid
[23Nov2025 22:02:02.891] [modloading-worker-0/DEBUG] [com.tterrag.registrate.AbstractRegistrate/REGISTRATE.REGISTER]: Captured registration for entry chocolate of type minecraft:block
[23Nov2025 22:02:02.891] [modloading-worker-0/DEBUG] [com.tterrag.registrate.AbstractRegistrate/REGISTRATE.REGISTER]: Captured registration for entry chocolate_bucket of type minecraft:item
[23Nov2025 22:02:02.891] [modloading-worker-0/DEBUG] [com.tterrag.registrate.AbstractRegistrate/REGISTRATE.REGISTER]: Captured registration for entry chocolate of type forge:fluid_type
[23Nov2025 22:02:02.891] [modloading-worker-0/DEBUG] [com.tterrag.registrate.AbstractRegistrate/REGISTRATE.REGISTER]: Captured registration for entry chocolate of type minecraft:fluid
[23Nov2025 22:02:02.891] [modloading-worker-0/DEBUG] [com.tterrag.registrate.AbstractRegistrate/REGISTRATE.REGISTER]: Captured registration for entry flowing_chocolate of type minecraft:fluid
[23Nov2025 22:02:02.895] [modloading-worker-0/DEBUG] [com.tterrag.registrate.AbstractRegistrate/REGISTRATE.REGISTER]: Captured registration for entry tiled_glass of type minecraft:item
[23Nov2025 22:02:02.895] [modloading-worker-0/DEBUG] [com.tterrag.registrate.AbstractRegistrate/REGISTRATE.REGISTER]: Captured registration for entry tiled_glass of type minecraft:block
[23Nov2025 22:02:02.899] [modloading-worker-0/DEBUG] [com.tterrag.registrate.AbstractRegistrate/REGISTRATE.REGISTER]: Captured registration for entry framed_glass of type minecraft:item
[23Nov2025 22:02:02.899] [modloading-worker-0/DEBUG] [com.tterrag.registrate.AbstractRegistrate/REGISTRATE.REGISTER]: Captured registration for entry framed_glass of type minecraft:block
[23Nov2025 22:02:02.900] [modloading-worker-0/DEBUG] [com.tterrag.registrate.AbstractRegistrate/REGISTRATE.REGISTER]: Captured registration for entry horizontal_framed_glass of type minecraft:item
[23Nov2025 22:02:02.900] [modloading-worker-0/DEBUG] [com.tterrag.registrate.AbstractRegistrate/REGISTRATE.REGISTER]: Captured registration for entry horizontal_framed_glass of type minecraft:block
[23Nov2025 22:02:02.900] [modloading-worker-0/DEBUG] [com.tterrag.registrate.AbstractRegistrate/REGISTRATE.REGISTER]: Captured registration for entry vertical_framed_glass of type minecraft:item
[23Nov2025 22:02:02.900] [modloading-worker-0/DEBUG] [com.tterrag.registrate.AbstractRegistrate/REGISTRATE.REGISTER]: Captured registration for entry vertical_framed_glass of type minecraft:block
[23Nov2025 22:02:02.902] [modloading-worker-0/DEBUG] [com.tterrag.registrate.AbstractRegistrate/REGISTRATE.REGISTER]: Captured registration for entry tiled_glass_pane of type minecraft:item
[23Nov2025 22:02:02.902] [modloading-worker-0/DEBUG] [com.tterrag.registrate.AbstractRegistrate/REGISTRATE.REGISTER]: Captured registration for entry tiled_glass_pane of type minecraft:block
[23Nov2025 22:02:02.904] [modloading-worker-0/DEBUG] [com.tterrag.registrate.AbstractRegistrate/REGISTRATE.REGISTER]: Captured registration for entry framed_glass_pane of type minecraft:item
[23Nov2025 22:02:02.904] [modloading-worker-0/DEBUG] [com.tterrag.registrate.AbstractRegistrate/REGISTRATE.REGISTER]: Captured registration for entry framed_glass_pane of type minecraft:block
[23Nov2025 22:02:02.904] [modloading-worker-0/DEBUG] [com.tterrag.registrate.AbstractRegistrate/REGISTRATE.REGISTER]: Captured registration for entry horizontal_framed_glass_pane of type minecraft:item
[23Nov2025 22:02:02.904] [modloading-worker-0/DEBUG] [com.tterrag.registrate.AbstractRegistrate/REGISTRATE.REGISTER]: Captured registration for entry horizontal_framed_glass_pane of type minecraft:block
[23Nov2025 22:02:02.904] [modloading-worker-0/DEBUG] [com.tterrag.registrate.AbstractRegistrate/REGISTRATE.REGISTER]: Captured registration for entry vertical_framed_glass_pane of type minecraft:item
[23Nov2025 22:02:02.904] [modloading-worker-0/DEBUG] [com.tterrag.registrate.AbstractRegistrate/REGISTRATE.REGISTER]: Captured registration for entry vertical_framed_glass_pane of type minecraft:block
[23Nov2025 22:02:02.906] [modloading-worker-0/DEBUG] [com.tterrag.registrate.AbstractRegistrate/REGISTRATE.REGISTER]: Captured registration for entry oak_window of type minecraft:item
[23Nov2025 22:02:02.906] [modloading-worker-0/DEBUG] [com.tterrag.registrate.AbstractRegistrate/REGISTRATE.REGISTER]: Captured registration for entry oak_window of type minecraft:block
[23Nov2025 22:02:02.906] [modloading-worker-0/DEBUG] [com.tterrag.registrate.AbstractRegistrate/REGISTRATE.REGISTER]: Captured registration for entry spruce_window of type minecraft:item
[23Nov2025 22:02:02.906] [modloading-worker-0/DEBUG] [com.tterrag.registrate.AbstractRegistrate/REGISTRATE.REGISTER]: Captured registration for entry spruce_window of type minecraft:block
[23Nov2025 22:02:02.907] [modloading-worker-0/DEBUG] [com.tterrag.registrate.AbstractRegistrate/REGISTRATE.REGISTER]: Captured registration for entry birch_window of type minecraft:item
[23Nov2025 22:02:02.907] [modloading-worker-0/DEBUG] [com.tterrag.registrate.AbstractRegistrate/REGISTRATE.REGISTER]: Captured registration for entry birch_window of type minecraft:block
[23Nov2025 22:02:02.907] [modloading-worker-0/DEBUG] [com.tterrag.registrate.AbstractRegistrate/REGISTRATE.REGISTER]: Captured registration for entry jungle_window of type minecraft:item
[23Nov2025 22:02:02.907] [modloading-worker-0/DEBUG] [com.tterrag.registrate.AbstractRegistrate/REGISTRATE.REGISTER]: Captured registration for entry jungle_window of type minecraft:block
[23Nov2025 22:02:02.907] [modloading-worker-0/DEBUG] [com.tterrag.registrate.AbstractRegistrate/REGISTRATE.REGISTER]: Captured registration for entry acacia_window of type minecraft:item
[23Nov2025 22:02:02.907] [modloading-worker-0/DEBUG] [com.tterrag.registrate.AbstractRegistrate/REGISTRATE.REGISTER]: Captured registration for entry acacia_window of type minecraft:block
[23Nov2025 22:02:02.907] [modloading-worker-0/DEBUG] [com.tterrag.registrate.AbstractRegistrate/REGISTRATE.REGISTER]: Captured registration for entry dark_oak_window of type minecraft:item
[23Nov2025 22:02:02.907] [modloading-worker-0/DEBUG] [com.tterrag.registrate.AbstractRegistrate/REGISTRATE.REGISTER]: Captured registration for entry dark_oak_window of type minecraft:block
[23Nov2025 22:02:02.907] [modloading-worker-0/DEBUG] [com.tterrag.registrate.AbstractRegistrate/REGISTRATE.REGISTER]: Captured registration for entry mangrove_window of type minecraft:item
[23Nov2025 22:02:02.907] [modloading-worker-0/DEBUG] [com.tterrag.registrate.AbstractRegistrate/REGISTRATE.REGISTER]: Captured registration for entry mangrove_window of type minecraft:block
[23Nov2025 22:02:02.907] [modloading-worker-0/DEBUG] [com.tterrag.registrate.AbstractRegistrate/REGISTRATE.REGISTER]: Captured registration for entry crimson_window of type minecraft:item
[23Nov2025 22:02:02.908] [modloading-worker-0/DEBUG] [com.tterrag.registrate.AbstractRegistrate/REGISTRATE.REGISTER]: Captured registration for entry crimson_window of type minecraft:block
[23Nov2025 22:02:02.908] [modloading-worker-0/DEBUG] [com.tterrag.registrate.AbstractRegistrate/REGISTRATE.REGISTER]: Captured registration for entry warped_window of type minecraft:item
[23Nov2025 22:02:02.908] [modloading-worker-0/DEBUG] [com.tterrag.registrate.AbstractRegistrate/REGISTRATE.REGISTER]: Captured registration for entry warped_window of type minecraft:block
[23Nov2025 22:02:02.908] [modloading-worker-0/DEBUG] [com.tterrag.registrate.AbstractRegistrate/REGISTRATE.REGISTER]: Captured registration for entry cherry_window of type minecraft:item
[23Nov2025 22:02:02.908] [modloading-worker-0/DEBUG] [com.tterrag.registrate.AbstractRegistrate/REGISTRATE.REGISTER]: Captured registration for entry cherry_window of type minecraft:block
[23Nov2025 22:02:02.908] [modloading-worker-0/DEBUG] [com.tterrag.registrate.AbstractRegistrate/REGISTRATE.REGISTER]: Captured registration for entry bamboo_window of type minecraft:item
[23Nov2025 22:02:02.908] [modloading-worker-0/DEBUG] [com.tterrag.registrate.AbstractRegistrate/REGISTRATE.REGISTER]: Captured registration for entry bamboo_window of type minecraft:block
[23Nov2025 22:02:02.909] [modloading-worker-0/DEBUG] [com.tterrag.registrate.AbstractRegistrate/REGISTRATE.REGISTER]: Captured registration for entry ornate_iron_window of type minecraft:item
[23Nov2025 22:02:02.909] [modloading-worker-0/DEBUG] [com.tterrag.registrate.AbstractRegistrate/REGISTRATE.REGISTER]: Captured registration for entry ornate_iron_window of type minecraft:block
[23Nov2025 22:02:02.909] [modloading-worker-0/DEBUG] [com.tterrag.registrate.AbstractRegistrate/REGISTRATE.REGISTER]: Captured registration for entry industrial_iron_window of type minecraft:item
[23Nov2025 22:02:02.909] [modloading-worker-0/DEBUG] [com.tterrag.registrate.AbstractRegistrate/REGISTRATE.REGISTER]: Captured registration for entry industrial_iron_window of type minecraft:block
[23Nov2025 22:02:02.910] [modloading-worker-0/DEBUG] [com.tterrag.registrate.AbstractRegistrate/REGISTRATE.REGISTER]: Captured registration for entry weathered_iron_window of type minecraft:item
[23Nov2025 22:02:02.911] [modloading-worker-0/DEBUG] [com.tterrag.registrate.AbstractRegistrate/REGISTRATE.REGISTER]: Captured registration for entry weathered_iron_window of type minecraft:item
[23Nov2025 22:02:02.911] [modloading-worker-0/DEBUG] [com.tterrag.registrate.AbstractRegistrate/REGISTRATE.REGISTER]: Captured registration for entry weathered_iron_window of type minecraft:block
[23Nov2025 22:02:02.912] [modloading-worker-0/DEBUG] [com.tterrag.registrate.AbstractRegistrate/REGISTRATE.REGISTER]: Captured registration for entry oak_window_pane of type minecraft:item
[23Nov2025 22:02:02.912] [modloading-worker-0/DEBUG] [com.tterrag.registrate.AbstractRegistrate/REGISTRATE.REGISTER]: Captured registration for entry oak_window_pane of type minecraft:block
[23Nov2025 22:02:02.912] [modloading-worker-0/DEBUG] [com.tterrag.registrate.AbstractRegistrate/REGISTRATE.REGISTER]: Captured registration for entry spruce_window_pane of type minecraft:item
[23Nov2025 22:02:02.912] [modloading-worker-0/DEBUG] [com.tterrag.registrate.AbstractRegistrate/REGISTRATE.REGISTER]: Captured registration for entry spruce_window_pane of type minecraft:block
[23Nov2025 22:02:02.912] [modloading-worker-0/DEBUG] [com.tterrag.registrate.AbstractRegistrate/REGISTRATE.REGISTER]: Captured registration for entry birch_window_pane of type minecraft:item
[23Nov2025 22:02:02.912] [modloading-worker-0/DEBUG] [com.tterrag.registrate.AbstractRegistrate/REGISTRATE.REGISTER]: Captured registration for entry birch_window_pane of type minecraft:block
[23Nov2025 22:02:02.912] [modloading-worker-0/DEBUG] [com.tterrag.registrate.AbstractRegistrate/REGISTRATE.REGISTER]: Captured registration for entry jungle_window_pane of type minecraft:item
[23Nov2025 22:02:02.912] [modloading-worker-0/DEBUG] [com.tterrag.registrate.AbstractRegistrate/REGISTRATE.REGISTER]: Captured registration for entry jungle_window_pane of type minecraft:block
[23Nov2025 22:02:02.912] [modloading-worker-0/DEBUG] [com.tterrag.registrate.AbstractRegistrate/REGISTRATE.REGISTER]: Captured registration for entry acacia_window_pane of type minecraft:item
[23Nov2025 22:02:02.912] [modloading-worker-0/DEBUG] [com.tterrag.registrate.AbstractRegistrate/REGISTRATE.REGISTER]: Captured registration for entry acacia_window_pane of type minecraft:block
[23Nov2025 22:02:02.912] [modloading-worker-0/DEBUG] [com.tterrag.registrate.AbstractRegistrate/REGISTRATE.REGISTER]: Captured registration for entry dark_oak_window_pane of type minecraft:item
[23Nov2025 22:02:02.913] [modloading-worker-0/DEBUG] [com.tterrag.registrate.AbstractRegistrate/REGISTRATE.REGISTER]: Captured registration for entry dark_oak_window_pane of type minecraft:block
[23Nov2025 22:02:02.913] [modloading-worker-0/DEBUG] [com.tterrag.registrate.AbstractRegistrate/REGISTRATE.REGISTER]: Captured registration for entry mangrove_window_pane of type minecraft:item
[23Nov2025 22:02:02.913] [modloading-worker-0/DEBUG] [com.tterrag.registrate.AbstractRegistrate/REGISTRATE.REGISTER]: Captured registration for entry mangrove_window_pane of type minecraft:block
[23Nov2025 22:02:02.913] [modloading-worker-0/DEBUG] [com.tterrag.registrate.AbstractRegistrate/REGISTRATE.REGISTER]: Captured registration for entry crimson_window_pane of type minecraft:item
[23Nov2025 22:02:02.913] [modloading-worker-0/DEBUG] [com.tterrag.registrate.AbstractRegistrate/REGISTRATE.REGISTER]: Captured registration for entry crimson_window_pane of type minecraft:block
[23Nov2025 22:02:02.913] [modloading-worker-0/DEBUG] [com.tterrag.registrate.AbstractRegistrate/REGISTRATE.REGISTER]: Captured registration for entry warped_window_pane of type minecraft:item
[23Nov2025 22:02:02.913] [modloading-worker-0/DEBUG] [com.tterrag.registrate.AbstractRegistrate/REGISTRATE.REGISTER]: Captured registration for entry warped_window_pane of type minecraft:block
[23Nov2025 22:02:02.913] [modloading-worker-0/DEBUG] [com.tterrag.registrate.AbstractRegistrate/REGISTRATE.REGISTER]: Captured registration for entry cherry_window_pane of type minecraft:item
[23Nov2025 22:02:02.913] [modloading-worker-0/DEBUG] [com.tterrag.registrate.AbstractRegistrate/REGISTRATE.REGISTER]: Captured registration for entry cherry_window_pane of type minecraft:block
[23Nov2025 22:02:02.913] [modloading-worker-0/DEBUG] [com.tterrag.registrate.AbstractRegistrate/REGISTRATE.REGISTER]: Captured registration for entry bamboo_window_pane of type minecraft:item
[23Nov2025 22:02:02.913] [modloading-worker-0/DEBUG] [com.tterrag.registrate.AbstractRegistrate/REGISTRATE.REGISTER]: Captured registration for entry bamboo_window_pane of type minecraft:block
[23Nov2025 22:02:02.914] [modloading-worker-0/DEBUG] [com.tterrag.registrate.AbstractRegistrate/REGISTRATE.REGISTER]: Captured registration for entry ornate_iron_window_pane of type minecraft:item
[23Nov2025 22:02:02.914] [modloading-worker-0/DEBUG] [com.tterrag.registrate.AbstractRegistrate/REGISTRATE.REGISTER]: Captured registration for entry ornate_iron_window_pane of type minecraft:block
[23Nov2025 22:02:02.914] [modloading-worker-0/DEBUG] [com.tterrag.registrate.AbstractRegistrate/REGISTRATE.REGISTER]: Captured registration for entry industrial_iron_window_pane of type minecraft:item
[23Nov2025 22:02:02.914] [modloading-worker-0/DEBUG] [com.tterrag.registrate.AbstractRegistrate/REGISTRATE.REGISTER]: Captured registration for entry industrial_iron_window_pane of type minecraft:block
[23Nov2025 22:02:02.915] [modloading-worker-0/DEBUG] [com.tterrag.registrate.AbstractRegistrate/REGISTRATE.REGISTER]: Captured registration for entry weathered_iron_window_pane of type minecraft:item
[23Nov2025 22:02:02.915] [modloading-worker-0/DEBUG] [com.tterrag.registrate.AbstractRegistrate/REGISTRATE.REGISTER]: Captured registration for entry weathered_iron_window_pane of type minecraft:block
[23Nov2025 22:02:02.931] [modloading-worker-0/DEBUG] [com.tterrag.registrate.AbstractRegistrate/REGISTRATE.REGISTER]: Captured registration for entry cut_granite of type minecraft:item
[23Nov2025 22:02:02.931] [modloading-worker-0/DEBUG] [com.tterrag.registrate.AbstractRegistrate/REGISTRATE.REGISTER]: Captured registration for entry cut_granite of type minecraft:block
[23Nov2025 22:02:02.933] [modloading-worker-0/DEBUG] [com.tterrag.registrate.AbstractRegistrate/REGISTRATE.REGISTER]: Captured registration for entry cut_granite_stairs of type minecraft:item
[23Nov2025 22:02:02.933] [modloading-worker-0/DEBUG] [com.tterrag.registrate.AbstractRegistrate/REGISTRATE.REGISTER]: Captured registration for entry cut_granite_stairs of type minecraft:block
[23Nov2025 22:02:02.934] [modloading-worker-0/DEBUG] [com.tterrag.registrate.AbstractRegistrate/REGISTRATE.REGISTER]: Captured registration for entry cut_granite_slab of type minecraft:item
[23Nov2025 22:02:02.934] [modloading-worker-0/DEBUG] [com.tterrag.registrate.AbstractRegistrate/REGISTRATE.REGISTER]: Captured registration for entry cut_granite_slab of type minecraft:block
[23Nov2025 22:02:02.934] [modloading-worker-0/DEBUG] [com.tterrag.registrate.AbstractRegistrate/REGISTRATE.REGISTER]: Captured registration for entry cut_granite_wall of type minecraft:item
[23Nov2025 22:02:02.934] [modloading-worker-0/DEBUG] [com.tterrag.registrate.AbstractRegistrate/REGISTRATE.REGISTER]: Captured registration for entry cut_granite_wall of type minecraft:block
[23Nov2025 22:02:02.935] [modloading-worker-0/DEBUG] [com.tterrag.registrate.AbstractRegistrate/REGISTRATE.REGISTER]: Captured registration for entry polished_cut_granite of type minecraft:item
[23Nov2025 22:02:02.935] [modloading-worker-0/DEBUG] [com.tterrag.registrate.AbstractRegistrate/REGISTRATE.REGISTER]: Captured registration for entry polished_cut_granite of type minecraft:block
[23Nov2025 22:02:02.935] [modloading-worker-0/DEBUG] [com.tterrag.registrate.AbstractRegistrate/REGISTRATE.REGISTER]: Captured registration for entry polished_cut_granite_stairs of type minecraft:item
[23Nov2025 22:02:02.935] [modloading-worker-0/DEBUG] [com.tterrag.registrate.AbstractRegistrate/REGISTRATE.REGISTER]: Captured registration for entry polished_cut_granite_stairs of type minecraft:block
[23Nov2025 22:02:02.935] [modloading-worker-0/DEBUG] [com.tterrag.registrate.AbstractRegistrate/REGISTRATE.REGISTER]: Captured registration for entry polished_cut_granite_slab of type minecraft:item
[23Nov2025 22:02:02.935] [modloading-worker-0/DEBUG] [com.tterrag.registrate.AbstractRegistrate/REGISTRATE.REGISTER]: Captured registration for entry polished_cut_granite_slab of type minecraft:block
[23Nov2025 22:02:02.935] [modloading-worker-0/DEBUG] [com.tterrag.registrate.AbstractRegistrate/REGISTRATE.REGISTER]: Captured registration for entry polished_cut_granite_wall of type minecraft:item
[23Nov2025 22:02:02.935] [modloading-worker-0/DEBUG] [com.tterrag.registrate.AbstractRegistrate/REGISTRATE.REGISTER]: Captured registration for entry polished_cut_granite_wall of type minecraft:block
[23Nov2025 22:02:02.936] [modloading-worker-0/DEBUG] [com.tterrag.registrate.AbstractRegistrate/REGISTRATE.REGISTER]: Captured registration for entry cut_granite_bricks of type minecraft:item
[23Nov2025 22:02:02.936] [modloading-worker-0/DEBUG] [com.tterrag.registrate.AbstractRegistrate/REGISTRATE.REGISTER]: Captured registration for entry cut_granite_bricks of type minecraft:block
[23Nov2025 22:02:02.936] [modloading-worker-0/DEBUG] [com.tterrag.registrate.AbstractRegistrate/REGISTRATE.REGISTER]: Captured registration for entry cut_granite_brick_stairs of type minecraft:item
[23Nov2025 22:02:02.936] [modloading-worker-0/DEBUG] [com.tterrag.registrate.AbstractRegistrate/REGISTRATE.REGISTER]: Captured registration for entry cut_granite_brick_stairs of type minecraft:block
[23Nov2025 22:02:02.936] [modloading-worker-0/DEBUG] [com.tterrag.registrate.AbstractRegistrate/REGISTRATE.REGISTER]: Captured registration for entry cut_granite_brick_slab of type minecraft:item
[23Nov2025 22:02:02.936] [modloading-worker-0/DEBUG] [com.tterrag.registrate.AbstractRegistrate/REGISTRATE.REGISTER]: Captured registration for entry cut_granite_brick_slab of type minecraft:block
[23Nov2025 22:02:02.936] [modloading-worker-0/DEBUG] [com.tterrag.registrate.AbstractRegistrate/REGISTRATE.REGISTER]: Captured registration for entry cut_granite_brick_wall of type minecraft:item
[23Nov2025 22:02:02.936] [modloading-worker-0/DEBUG] [com.tterrag.registrate.AbstractRegistrate/REGISTRATE.REGISTER]: Captured registration for entry cut_granite_brick_wall of type minecraft:block
[23Nov2025 22:02:02.936] [modloading-worker-0/DEBUG] [com.tterrag.registrate.AbstractRegistrate/REGISTRATE.REGISTER]: Captured registration for entry small_granite_bricks of type minecraft:item
[23Nov2025 22:02:02.936] [modloading-worker-0/DEBUG] [com.tterrag.registrate.AbstractRegistrate/REGISTRATE.REGISTER]: Captured registration for entry small_granite_bricks of type minecraft:block
[23Nov2025 22:02:02.937] [modloading-worker-0/DEBUG] [com.tterrag.registrate.AbstractRegistrate/REGISTRATE.REGISTER]: Captured registration for entry small_granite_brick_stairs of type minecraft:item
[23Nov2025 22:02:02.937] [modloading-worker-0/DEBUG] [com.tterrag.registrate.AbstractRegistrate/REGISTRATE.REGISTER]: Captured registration for entry small_granite_brick_stairs of type minecraft:block
[23Nov2025 22:02:02.937] [modloading-worker-0/DEBUG] [com.tterrag.registrate.AbstractRegistrate/REGISTRATE.REGISTER]: Captured registration for entry small_granite_brick_slab of type minecraft:item
[23Nov2025 22:02:02.937] [modloading-worker-0/DEBUG] [com.tterrag.registrate.AbstractRegistrate/REGISTRATE.REGISTER]: Captured registration for entry small_granite_brick_slab of type minecraft:block
[23Nov2025 22:02:02.937] [modloading-worker-0/DEBUG] [com.tterrag.registrate.AbstractRegistrate/REGISTRATE.REGISTER]: Captured registration for entry small_granite_brick_wall of type minecraft:item
[23Nov2025 22:02:02.937] [modloading-worker-0/DEBUG] [com.tterrag.registrate.AbstractRegistrate/REGISTRATE.REGISTER]: Captured registration for entry small_granite_brick_wall of type minecraft:block
[23Nov2025 22:02:02.938] [modloading-worker-0/DEBUG] [com.tterrag.registrate.AbstractRegistrate/REGISTRATE.REGISTER]: Captured registration for entry layered_granite of type minecraft:item
[23Nov2025 22:02:02.938] [modloading-worker-0/DEBUG] [com.tterrag.registrate.AbstractRegistrate/REGISTRATE.REGISTER]: Captured registration for entry layered_granite of type minecraft:block
[23Nov2025 22:02:02.939] [modloading-worker-0/DEBUG] [com.tterrag.registrate.AbstractRegistrate/REGISTRATE.REGISTER]: Captured registration for entry granite_pillar of type minecraft:item
[23Nov2025 22:02:02.939] [modloading-worker-0/DEBUG] [com.tterrag.registrate.AbstractRegistrate/REGISTRATE.REGISTER]: Captured registration for entry granite_pillar of type minecraft:block
[23Nov2025 22:02:02.942] [modloading-worker-0/DEBUG] [com.tterrag.registrate.AbstractRegistrate/REGISTRATE.REGISTER]: Captured registration for entry cut_diorite of type minecraft:item
[23Nov2025 22:02:02.942] [modloading-worker-0/DEBUG] [com.tterrag.registrate.AbstractRegistrate/REGISTRATE.REGISTER]: Captured registration for entry cut_diorite of type minecraft:block
[23Nov2025 22:02:02.942] [modloading-worker-0/DEBUG] [com.tterrag.registrate.AbstractRegistrate/REGISTRATE.REGISTER]: Captured registration for entry cut_diorite_stairs of type minecraft:item
[23Nov2025 22:02:02.942] [modloading-worker-0/DEBUG] [com.tterrag.registrate.AbstractRegistrate/REGISTRATE.REGISTER]: Captured registration for entry cut_diorite_stairs of type minecraft:block
[23Nov2025 22:02:02.943] [modloading-worker-0/DEBUG] [com.tterrag.registrate.AbstractRegistrate/REGISTRATE.REGISTER]: Captured registration for entry cut_diorite_slab of type minecraft:item
[23Nov2025 22:02:02.943] [modloading-worker-0/DEBUG] [com.tterrag.registrate.AbstractRegistrate/REGISTRATE.REGISTER]: Captured registration for entry cut_diorite_slab of type minecraft:block
[23Nov2025 22:02:02.943] [modloading-worker-0/DEBUG] [com.tterrag.registrate.AbstractRegistrate/REGISTRATE.REGISTER]: Captured registration for entry cut_diorite_wall of type minecraft:item
[23Nov2025 22:02:02.943] [modloading-worker-0/DEBUG] [com.tterrag.registrate.AbstractRegistrate/REGISTRATE.REGISTER]: Captured registration for entry cut_diorite_wall of type minecraft:block
[23Nov2025 22:02:02.943] [modloading-worker-0/DEBUG] [com.tterrag.registrate.AbstractRegistrate/REGISTRATE.REGISTER]: Captured registration for entry polished_cut_diorite of type minecraft:item
[23Nov2025 22:02:02.943] [modloading-worker-0/DEBUG] [com.tterrag.registrate.AbstractRegistrate/REGISTRATE.REGISTER]: Captured registration for entry polished_cut_diorite of type minecraft:block
[23Nov2025 22:02:02.943] [modloading-worker-0/DEBUG] [com.tterrag.registrate.AbstractRegistrate/REGISTRATE.REGISTER]: Captured registration for entry polished_cut_diorite_stairs of type minecraft:item
[23Nov2025 22:02:02.943] [modloading-worker-0/DEBUG] [com.tterrag.registrate.AbstractRegistrate/REGISTRATE.REGISTER]: Captured registration for entry polished_cut_diorite_stairs of type minecraft:block
[23Nov2025 22:02:02.943] [modloading-worker-0/DEBUG] [com.tterrag.registrate.AbstractRegistrate/REGISTRATE.REGISTER]: Captured registration for entry polished_cut_diorite_slab of type minecraft:item
[23Nov2025 22:02:02.943] [modloading-worker-0/DEBUG] [com.tterrag.registrate.AbstractRegistrate/REGISTRATE.REGISTER]: Captured registration for entry polished_cut_diorite_slab of type minecraft:block
[23Nov2025 22:02:02.944] [modloading-worker-0/DEBUG] [com.tterrag.registrate.AbstractRegistrate/REGISTRATE.REGISTER]: Captured registration for entry polished_cut_diorite_wall of type minecraft:item
[23Nov2025 22:02:02.944] [modloading-worker-0/DEBUG] [com.tterrag.registrate.AbstractRegistrate/REGISTRATE.REGISTER]: Captured registration for entry polished_cut_diorite_wall of type minecraft:block
[23Nov2025 22:02:02.944] [modloading-worker-0/DEBUG] [com.tterrag.registrate.AbstractRegistrate/REGISTRATE.REGISTER]: Captured registration for entry cut_diorite_bricks of type minecraft:item
[23Nov2025 22:02:02.944] [modloading-worker-0/DEBUG] [com.tterrag.registrate.AbstractRegistrate/REGISTRATE.REGISTER]: Captured registration for entry cut_diorite_bricks of type minecraft:block
[23Nov2025 22:02:02.944] [modloading-worker-0/DEBUG] [com.tterrag.registrate.AbstractRegistrate/REGISTRATE.REGISTER]: Captured registration for entry cut_diorite_brick_stairs of type minecraft:item
[23Nov2025 22:02:02.944] [modloading-worker-0/DEBUG] [com.tterrag.registrate.AbstractRegistrate/REGISTRATE.REGISTER]: Captured registration for entry cut_diorite_brick_stairs of type minecraft:block
[23Nov2025 22:02:02.944] [modloading-worker-0/DEBUG] [com.tterrag.registrate.AbstractRegistrate/REGISTRATE.REGISTER]: Captured registration for entry cut_diorite_brick_slab of type minecraft:item
[23Nov2025 22:02:02.944] [modloading-worker-0/DEBUG] [com.tterrag.registrate.AbstractRegistrate/REGISTRATE.REGISTER]: Captured registration for entry cut_diorite_brick_slab of type minecraft:block
[23Nov2025 22:02:02.945] [modloading-worker-0/DEBUG] [com.tterrag.registrate.AbstractRegistrate/REGISTRATE.REGISTER]: Captured registration for entry cut_diorite_brick_wall of type minecraft:item
[23Nov2025 22:02:02.945] [modloading-worker-0/DEBUG] [com.tterrag.registrate.AbstractRegistrate/REGISTRATE.REGISTER]: Captured registration for entry cut_diorite_brick_wall of type minecraft:block
[23Nov2025 22:02:02.945] [modloading-worker-0/DEBUG] [com.tterrag.registrate.AbstractRegistrate/REGISTRATE.REGISTER]: Captured registration for entry small_diorite_bricks of type minecraft:item
[23Nov2025 22:02:02.945] [modloading-worker-0/DEBUG] [com.tterrag.registrate.AbstractRegistrate/REGISTRATE.REGISTER]: Captured registration for entry small_diorite_bricks of type minecraft:block
[23Nov2025 22:02:02.945] [modloading-worker-0/DEBUG] [com.tterrag.registrate.AbstractRegistrate/REGISTRATE.REGISTER]: Captured registration for entry small_diorite_brick_stairs of type minecraft:item
[23Nov2025 22:02:02.945] [modloading-worker-0/DEBUG] [com.tterrag.registrate.AbstractRegistrate/REGISTRATE.REGISTER]: Captured registration for entry small_diorite_brick_stairs of type minecraft:block
[23Nov2025 22:02:02.945] [modloading-worker-0/DEBUG] [com.tterrag.registrate.AbstractRegistrate/REGISTRATE.REGISTER]: Captured registration for entry small_diorite_brick_slab of type minecraft:item
[23Nov2025 22:02:02.945] [modloading-worker-0/DEBUG] [com.tterrag.registrate.AbstractRegistrate/REGISTRATE.REGISTER]: Captured registration for entry small_diorite_brick_slab of type minecraft:block
[23Nov2025 22:02:02.945] [modloading-worker-0/DEBUG] [com.tterrag.registrate.AbstractRegistrate/REGISTRATE.REGISTER]: Captured registration for entry small_diorite_brick_wall of type minecraft:item
[23Nov2025 22:02:02.946] [modloading-worker-0/DEBUG] [com.tterrag.registrate.AbstractRegistrate/REGISTRATE.REGISTER]: Captured registration for entry small_diorite_brick_wall of type minecraft:block
[23Nov2025 22:02:02.946] [modloading-worker-0/DEBUG] [com.tterrag.registrate.AbstractRegistrate/REGISTRATE.REGISTER]: Captured registration for entry layered_diorite of type minecraft:item
[23Nov2025 22:02:02.946] [modloading-worker-0/DEBUG] [com.tterrag.registrate.AbstractRegistrate/REGISTRATE.REGISTER]: Captured registration for entry layered_diorite of type minecraft:block
[23Nov2025 22:02:02.946] [modloading-worker-0/DEBUG] [com.tterrag.registrate.AbstractRegistrate/REGISTRATE.REGISTER]: Captured registration for entry diorite_pillar of type minecraft:item
[23Nov2025 22:02:02.946] [modloading-worker-0/DEBUG] [com.tterrag.registrate.AbstractRegistrate/REGISTRATE.REGISTER]: Captured registration for entry diorite_pillar of type minecraft:block
[23Nov2025 22:02:02.946] [modloading-worker-0/DEBUG] [com.tterrag.registrate.AbstractRegistrate/REGISTRATE.REGISTER]: Captured registration for entry cut_andesite of type minecraft:item
[23Nov2025 22:02:02.946] [modloading-worker-0/DEBUG] [com.tterrag.registrate.AbstractRegistrate/REGISTRATE.REGISTER]: Captured registration for entry cut_andesite of type minecraft:block
[23Nov2025 22:02:02.946] [modloading-worker-0/DEBUG] [com.tterrag.registrate.AbstractRegistrate/REGISTRATE.REGISTER]: Captured registration for entry cut_andesite_stairs of type minecraft:item
[23Nov2025 22:02:02.947] [modloading-worker-0/DEBUG] [com.tterrag.registrate.AbstractRegistrate/REGISTRATE.REGISTER]: Captured registration for entry cut_andesite_stairs of type minecraft:block
[23Nov2025 22:02:02.947] [modloading-worker-0/DEBUG] [com.tterrag.registrate.AbstractRegistrate/REGISTRATE.REGISTER]: Captured registration for entry cut_andesite_slab of type minecraft:item
[23Nov2025 22:02:02.947] [modloading-worker-0/DEBUG] [com.tterrag.registrate.AbstractRegistrate/REGISTRATE.REGISTER]: Captured registration for entry cut_andesite_slab of type minecraft:block
[23Nov2025 22:02:02.947] [modloading-worker-0/DEBUG] [com.tterrag.registrate.AbstractRegistrate/REGISTRATE.REGISTER]: Captured registration for entry cut_andesite_wall of type minecraft:item
[23Nov2025 22:02:02.947] [modloading-worker-0/DEBUG] [com.tterrag.registrate.AbstractRegistrate/REGISTRATE.REGISTER]: Captured registration for entry cut_andesite_wall of type minecraft:block
[23Nov2025 22:02:02.947] [modloading-worker-0/DEBUG] [com.tterrag.registrate.AbstractRegistrate/REGISTRATE.REGISTER]: Captured registration for entry polished_cut_andesite of type minecraft:item
[23Nov2025 22:02:02.947] [modloading-worker-0/DEBUG] [com.tterrag.registrate.AbstractRegistrate/REGISTRATE.REGISTER]: Captured registration for entry polished_cut_andesite of type minecraft:block
[23Nov2025 22:02:02.947] [modloading-worker-0/DEBUG] [com.tterrag.registrate.AbstractRegistrate/REGISTRATE.REGISTER]: Captured registration for entry polished_cut_andesite_stairs of type minecraft:item
[23Nov2025 22:02:02.947] [modloading-worker-0/DEBUG] [com.tterrag.registrate.AbstractRegistrate/REGISTRATE.REGISTER]: Captured registration for entry polished_cut_andesite_stairs of type minecraft:block
[23Nov2025 22:02:02.948] [modloading-worker-0/DEBUG] [com.tterrag.registrate.AbstractRegistrate/REGISTRATE.REGISTER]: Captured registration for entry polished_cut_andesite_slab of type minecraft:item
[23Nov2025 22:02:02.948] [modloading-worker-0/DEBUG] [com.tterrag.registrate.AbstractRegistrate/REGISTRATE.REGISTER]: Captured registration for entry polished_cut_andesite_slab of type minecraft:block
[23Nov2025 22:02:02.948] [modloading-worker-0/DEBUG] [com.tterrag.registrate.AbstractRegistrate/REGISTRATE.REGISTER]: Captured registration for entry polished_cut_andesite_wall of type minecraft:item
[23Nov2025 22:02:02.948] [modloading-worker-0/DEBUG] [com.tterrag.registrate.AbstractRegistrate/REGISTRATE.REGISTER]: Captured registration for entry polished_cut_andesite_wall of type minecraft:block
[23Nov2025 22:02:02.948] [modloading-worker-0/DEBUG] [com.tterrag.registrate.AbstractRegistrate/REGISTRATE.REGISTER]: Captured registration for entry cut_andesite_bricks of type minecraft:item
[23Nov2025 22:02:02.948] [modloading-worker-0/DEBUG] [com.tterrag.registrate.AbstractRegistrate/REGISTRATE.REGISTER]: Captured registration for entry cut_andesite_bricks of type minecraft:block
[23Nov2025 22:02:02.948] [modloading-worker-0/DEBUG] [com.tterrag.registrate.AbstractRegistrate/REGISTRATE.REGISTER]: Captured registration for entry cut_andesite_brick_stairs of type minecraft:item
[23Nov2025 22:02:02.948] [modloading-worker-0/DEBUG] [com.tterrag.registrate.AbstractRegistrate/REGISTRATE.REGISTER]: Captured registration for entry cut_andesite_brick_stairs of type minecraft:block
[23Nov2025 22:02:02.948] [modloading-worker-0/DEBUG] [com.tterrag.registrate.AbstractRegistrate/REGISTRATE.REGISTER]: Captured registration for entry cut_andesite_brick_slab of type minecraft:item
[23Nov2025 22:02:02.948] [modloading-worker-0/DEBUG] [com.tterrag.registrate.AbstractRegistrate/REGISTRATE.REGISTER]: Captured registration for entry cut_andesite_brick_slab of type minecraft:block
[23Nov2025 22:02:02.949] [modloading-worker-0/DEBUG] [com.tterrag.registrate.AbstractRegistrate/REGISTRATE.REGISTER]: Captured registration for entry cut_andesite_brick_wall of type minecraft:item
[23Nov2025 22:02:02.949] [modloading-worker-0/DEBUG] [com.tterrag.registrate.AbstractRegistrate/REGISTRATE.REGISTER]: Captured registration for entry cut_andesite_brick_wall of type minecraft:block
[23Nov2025 22:02:02.949] [modloading-worker-0/DEBUG] [com.tterrag.registrate.AbstractRegistrate/REGISTRATE.REGISTER]: Captured registration for entry small_andesite_bricks of type minecraft:item
[23Nov2025 22:02:02.949] [modloading-worker-0/DEBUG] [com.tterrag.registrate.AbstractRegistrate/REGISTRATE.REGISTER]: Captured registration for entry small_andesite_bricks of type minecraft:block
[23Nov2025 22:02:02.949] [modloading-worker-0/DEBUG] [com.tterrag.registrate.AbstractRegistrate/REGISTRATE.REGISTER]: Captured registration for entry small_andesite_brick_stairs of type minecraft:item
[23Nov2025 22:02:02.949] [modloading-worker-0/DEBUG] [com.tterrag.registrate.AbstractRegistrate/REGISTRATE.REGISTER]: Captured registration for entry small_andesite_brick_stairs of type minecraft:block
[23Nov2025 22:02:02.949] [modloading-worker-0/DEBUG] [com.tterrag.registrate.AbstractRegistrate/REGISTRATE.REGISTER]: Captured registration for entry small_andesite_brick_slab of type minecraft:item
[23Nov2025 22:02:02.949] [modloading-worker-0/DEBUG] [com.tterrag.registrate.AbstractRegistrate/REGISTRATE.REGISTER]: Captured registration for entry small_andesite_brick_slab of type minecraft:block
[23Nov2025 22:02:02.949] [modloading-worker-0/DEBUG] [com.tterrag.registrate.AbstractRegistrate/REGISTRATE.REGISTER]: Captured registration for entry small_andesite_brick_wall of type minecraft:item
[23Nov2025 22:02:02.950] [modloading-worker-0/DEBUG] [com.tterrag.registrate.AbstractRegistrate/REGISTRATE.REGISTER]: Captured registration for entry small_andesite_brick_wall of type minecraft:block
[23Nov2025 22:02:02.950] [modloading-worker-0/DEBUG] [com.tterrag.registrate.AbstractRegistrate/REGISTRATE.REGISTER]: Captured registration for entry layered_andesite of type minecraft:item
[23Nov2025 22:02:02.950] [modloading-worker-0/DEBUG] [com.tterrag.registrate.AbstractRegistrate/REGISTRATE.REGISTER]: Captured registration for entry layered_andesite of type minecraft:block
[23Nov2025 22:02:02.950] [modloading-worker-0/DEBUG] [com.tterrag.registrate.AbstractRegistrate/REGISTRATE.REGISTER]: Captured registration for entry andesite_pillar of type minecraft:item
[23Nov2025 22:02:02.950] [modloading-worker-0/DEBUG] [com.tterrag.registrate.AbstractRegistrate/REGISTRATE.REGISTER]: Captured registration for entry andesite_pillar of type minecraft:block
[23Nov2025 22:02:02.951] [modloading-worker-0/DEBUG] [com.tterrag.registrate.AbstractRegistrate/REGISTRATE.REGISTER]: Captured registration for entry cut_calcite of type minecraft:item
[23Nov2025 22:02:02.951] [modloading-worker-0/DEBUG] [com.tterrag.registrate.AbstractRegistrate/REGISTRATE.REGISTER]: Captured registration for entry cut_calcite of type minecraft:block
[23Nov2025 22:02:02.951] [modloading-worker-0/DEBUG] [com.tterrag.registrate.AbstractRegistrate/REGISTRATE.REGISTER]: Captured registration for entry cut_calcite_stairs of type minecraft:item
[23Nov2025 22:02:02.951] [modloading-worker-0/DEBUG] [com.tterrag.registrate.AbstractRegistrate/REGISTRATE.REGISTER]: Captured registration for entry cut_calcite_stairs of type minecraft:block
[23Nov2025 22:02:02.951] [modloading-worker-0/DEBUG] [com.tterrag.registrate.AbstractRegistrate/REGISTRATE.REGISTER]: Captured registration for entry cut_calcite_slab of type minecraft:item
[23Nov2025 22:02:02.951] [modloading-worker-0/DEBUG] [com.tterrag.registrate.AbstractRegistrate/REGISTRATE.REGISTER]: Captured registration for entry cut_calcite_slab of type minecraft:block
[23Nov2025 22:02:02.951] [modloading-worker-0/DEBUG] [com.tterrag.registrate.AbstractRegistrate/REGISTRATE.REGISTER]: Captured registration for entry cut_calcite_wall of type minecraft:item
[23Nov2025 22:02:02.951] [modloading-worker-0/DEBUG] [com.tterrag.registrate.AbstractRegistrate/REGISTRATE.REGISTER]: Captured registration for entry cut_calcite_wall of type minecraft:block
[23Nov2025 22:02:02.951] [modloading-worker-0/DEBUG] [com.tterrag.registrate.AbstractRegistrate/REGISTRATE.REGISTER]: Captured registration for entry polished_cut_calcite of type minecraft:item
[23Nov2025 22:02:02.951] [modloading-worker-0/DEBUG] [com.tterrag.registrate.AbstractRegistrate/REGISTRATE.REGISTER]: Captured registration for entry polished_cut_calcite of type minecraft:block
[23Nov2025 22:02:02.951] [modloading-worker-0/DEBUG] [com.tterrag.registrate.AbstractRegistrate/REGISTRATE.REGISTER]: Captured registration for entry polished_cut_calcite_stairs of type minecraft:item
[23Nov2025 22:02:02.951] [modloading-worker-0/DEBUG] [com.tterrag.registrate.AbstractRegistrate/REGISTRATE.REGISTER]: Captured registration for entry polished_cut_calcite_stairs of type minecraft:block
[23Nov2025 22:02:02.952] [modloading-worker-0/DEBUG] [com.tterrag.registrate.AbstractRegistrate/REGISTRATE.REGISTER]: Captured registration for entry polished_cut_calcite_slab of type minecraft:item
[23Nov2025 22:02:02.952] [modloading-worker-0/DEBUG] [com.tterrag.registrate.AbstractRegistrate/REGISTRATE.REGISTER]: Captured registration for entry polished_cut_calcite_slab of type minecraft:block
[23Nov2025 22:02:02.952] [modloading-worker-0/DEBUG] [com.tterrag.registrate.AbstractRegistrate/REGISTRATE.REGISTER]: Captured registration for entry polished_cut_calcite_wall of type minecraft:item
[23Nov2025 22:02:02.952] [modloading-worker-0/DEBUG] [com.tterrag.registrate.AbstractRegistrate/REGISTRATE.REGISTER]: Captured registration for entry polished_cut_calcite_wall of type minecraft:block
[23Nov2025 22:02:02.952] [modloading-worker-0/DEBUG] [com.tterrag.registrate.AbstractRegistrate/REGISTRATE.REGISTER]: Captured registration for entry cut_calcite_bricks of type minecraft:item
[23Nov2025 22:02:02.952] [modloading-worker-0/DEBUG] [com.tterrag.registrate.AbstractRegistrate/REGISTRATE.REGISTER]: Captured registration for entry cut_calcite_bricks of type minecraft:block
[23Nov2025 22:02:02.952] [modloading-worker-0/DEBUG] [com.tterrag.registrate.AbstractRegistrate/REGISTRATE.REGISTER]: Captured registration for entry cut_calcite_brick_stairs of type minecraft:item
[23Nov2025 22:02:02.952] [modloading-worker-0/DEBUG] [com.tterrag.registrate.AbstractRegistrate/REGISTRATE.REGISTER]: Captured registration for entry cut_calcite_brick_stairs of type minecraft:block
[23Nov2025 22:02:02.952] [modloading-worker-0/DEBUG] [com.tterrag.registrate.AbstractRegistrate/REGISTRATE.REGISTER]: Captured registration for entry cut_calcite_brick_slab of type minecraft:item
[23Nov2025 22:02:02.952] [modloading-worker-0/DEBUG] [com.tterrag.registrate.AbstractRegistrate/REGISTRATE.REGISTER]: Captured registration for entry cut_calcite_brick_slab of type minecraft:block
[23Nov2025 22:02:02.952] [modloading-worker-0/DEBUG] [com.tterrag.registrate.AbstractRegistrate/REGISTRATE.REGISTER]: Captured registration for entry cut_calcite_brick_wall of type minecraft:item
[23Nov2025 22:02:02.952] [modloading-worker-0/DEBUG] [com.tterrag.registrate.AbstractRegistrate/REGISTRATE.REGISTER]: Captured registration for entry cut_calcite_brick_wall of type minecraft:block
[23Nov2025 22:02:02.952] [modloading-worker-0/DEBUG] [com.tterrag.registrate.AbstractRegistrate/REGISTRATE.REGISTER]: Captured registration for entry small_calcite_bricks of type minecraft:item
[23Nov2025 22:02:02.952] [modloading-worker-0/DEBUG] [com.tterrag.registrate.AbstractRegistrate/REGISTRATE.REGISTER]: Captured registration for entry small_calcite_bricks of type minecraft:block
[23Nov2025 22:02:02.953] [modloading-worker-0/DEBUG] [com.tterrag.registrate.AbstractRegistrate/REGISTRATE.REGISTER]: Captured registration for entry small_calcite_brick_stairs of type minecraft:item
[23Nov2025 22:02:02.953] [modloading-worker-0/DEBUG] [com.tterrag.registrate.AbstractRegistrate/REGISTRATE.REGISTER]: Captured registration for entry small_calcite_brick_stairs of type minecraft:block
[23Nov2025 22:02:02.953] [modloading-worker-0/DEBUG] [com.tterrag.registrate.AbstractRegistrate/REGISTRATE.REGISTER]: Captured registration for entry small_calcite_brick_slab of type minecraft:item
[23Nov2025 22:02:02.953] [modloading-worker-0/DEBUG] [com.tterrag.registrate.AbstractRegistrate/REGISTRATE.REGISTER]: Captured registration for entry small_calcite_brick_slab of type minecraft:block
[23Nov2025 22:02:02.953] [modloading-worker-0/DEBUG] [com.tterrag.registrate.AbstractRegistrate/REGISTRATE.REGISTER]: Captured registration for entry small_calcite_brick_wall of type minecraft:item
[23Nov2025 22:02:02.953] [modloading-worker-0/DEBUG] [com.tterrag.registrate.AbstractRegistrate/REGISTRATE.REGISTER]: Captured registration for entry small_calcite_brick_wall of type minecraft:block
[23Nov2025 22:02:02.953] [modloading-worker-0/DEBUG] [com.tterrag.registrate.AbstractRegistrate/REGISTRATE.REGISTER]: Captured registration for entry layered_calcite of type minecraft:item
[23Nov2025 22:02:02.953] [modloading-worker-0/DEBUG] [com.tterrag.registrate.AbstractRegistrate/REGISTRATE.REGISTER]: Captured registration for entry layered_calcite of type minecraft:block
[23Nov2025 22:02:02.953] [modloading-worker-0/DEBUG] [com.tterrag.registrate.AbstractRegistrate/REGISTRATE.REGISTER]: Captured registration for entry calcite_pillar of type minecraft:item
[23Nov2025 22:02:02.953] [modloading-worker-0/DEBUG] [com.tterrag.registrate.AbstractRegistrate/REGISTRATE.REGISTER]: Captured registration for entry calcite_pillar of type minecraft:block
[23Nov2025 22:02:02.954] [modloading-worker-0/DEBUG] [com.tterrag.registrate.AbstractRegistrate/REGISTRATE.REGISTER]: Captured registration for entry cut_dripstone of type minecraft:item
[23Nov2025 22:02:02.954] [modloading-worker-0/DEBUG] [com.tterrag.registrate.AbstractRegistrate/REGISTRATE.REGISTER]: Captured registration for entry cut_dripstone of type minecraft:block
[23Nov2025 22:02:02.955] [modloading-worker-0/DEBUG] [com.tterrag.registrate.AbstractRegistrate/REGISTRATE.REGISTER]: Captured registration for entry cut_dripstone_stairs of type minecraft:item
[23Nov2025 22:02:02.955] [modloading-worker-0/DEBUG] [com.tterrag.registrate.AbstractRegistrate/REGISTRATE.REGISTER]: Captured registration for entry cut_dripstone_stairs of type minecraft:block
[23Nov2025 22:02:02.955] [modloading-worker-0/DEBUG] [com.tterrag.registrate.AbstractRegistrate/REGISTRATE.REGISTER]: Captured registration for entry cut_dripstone_slab of type minecraft:item
[23Nov2025 22:02:02.955] [modloading-worker-0/DEBUG] [com.tterrag.registrate.AbstractRegistrate/REGISTRATE.REGISTER]: Captured registration for entry cut_dripstone_slab of type minecraft:block
[23Nov2025 22:02:02.955] [modloading-worker-0/DEBUG] [com.tterrag.registrate.AbstractRegistrate/REGISTRATE.REGISTER]: Captured registration for entry cut_dripstone_wall of type minecraft:item
[23Nov2025 22:02:02.955] [modloading-worker-0/DEBUG] [com.tterrag.registrate.AbstractRegistrate/REGISTRATE.REGISTER]: Captured registration for entry cut_dripstone_wall of type minecraft:block
[23Nov2025 22:02:02.955] [modloading-worker-0/DEBUG] [com.tterrag.registrate.AbstractRegistrate/REGISTRATE.REGISTER]: Captured registration for entry polished_cut_dripstone of type minecraft:item
[23Nov2025 22:02:02.955] [modloading-worker-0/DEBUG] [com.tterrag.registrate.AbstractRegistrate/REGISTRATE.REGISTER]: Captured registration for entry polished_cut_dripstone of type minecraft:block
[23Nov2025 22:02:02.955] [modloading-worker-0/DEBUG] [com.tterrag.registrate.AbstractRegistrate/REGISTRATE.REGISTER]: Captured registration for entry polished_cut_dripstone_stairs of type minecraft:item
[23Nov2025 22:02:02.955] [modloading-worker-0/DEBUG] [com.tterrag.registrate.AbstractRegistrate/REGISTRATE.REGISTER]: Captured registration for entry polished_cut_dripstone_stairs of type minecraft:block
[23Nov2025 22:02:02.956] [modloading-worker-0/DEBUG] [com.tterrag.registrate.AbstractRegistrate/REGISTRATE.REGISTER]: Captured registration for entry polished_cut_dripstone_slab of type minecraft:item
[23Nov2025 22:02:02.956] [modloading-worker-0/DEBUG] [com.tterrag.registrate.AbstractRegistrate/REGISTRATE.REGISTER]: Captured registration for entry polished_cut_dripstone_slab of type minecraft:block
[23Nov2025 22:02:02.956] [modloading-worker-0/DEBUG] [com.tterrag.registrate.AbstractRegistrate/REGISTRATE.REGISTER]: Captured registration for entry polished_cut_dripstone_wall of type minecraft:item
[23Nov2025 22:02:02.956] [modloading-worker-0/DEBUG] [com.tterrag.registrate.AbstractRegistrate/REGISTRATE.REGISTER]: Captured registration for entry polished_cut_dripstone_wall of type minecraft:block
[23Nov2025 22:02:02.956] [modloading-worker-0/DEBUG] [com.tterrag.registrate.AbstractRegistrate/REGISTRATE.REGISTER]: Captured registration for entry cut_dripstone_bricks of type minecraft:item
[23Nov2025 22:02:02.956] [modloading-worker-0/DEBUG] [com.tterrag.registrate.AbstractRegistrate/REGISTRATE.REGISTER]: Captured registration for entry cut_dripstone_bricks of type minecraft:block
[23Nov2025 22:02:02.956] [modloading-worker-0/DEBUG] [com.tterrag.registrate.AbstractRegistrate/REGISTRATE.REGISTER]: Captured registration for entry cut_dripstone_brick_stairs of type minecraft:item
[23Nov2025 22:02:02.956] [modloading-worker-0/DEBUG] [com.tterrag.registrate.AbstractRegistrate/REGISTRATE.REGISTER]: Captured registration for entry cut_dripstone_brick_stairs of type minecraft:block
[23Nov2025 22:02:02.956] [modloading-worker-0/DEBUG] [com.tterrag.registrate.AbstractRegistrate/REGISTRATE.REGISTER]: Captured registration for entry cut_dripstone_brick_slab of type minecraft:item
[23Nov2025 22:02:02.956] [modloading-worker-0/DEBUG] [com.tterrag.registrate.AbstractRegistrate/REGISTRATE.REGISTER]: Captured registration for entry cut_dripstone_brick_slab of type minecraft:block
[23Nov2025 22:02:02.956] [modloading-worker-0/DEBUG] [com.tterrag.registrate.AbstractRegistrate/REGISTRATE.REGISTER]: Captured registration for entry cut_dripstone_brick_wall of type minecraft:item
[23Nov2025 22:02:02.956] [modloading-worker-0/DEBUG] [com.tterrag.registrate.AbstractRegistrate/REGISTRATE.REGISTER]: Captured registration for entry cut_dripstone_brick_wall of type minecraft:block
[23Nov2025 22:02:02.956] [modloading-worker-0/DEBUG] [com.tterrag.registrate.AbstractRegistrate/REGISTRATE.REGISTER]: Captured registration for entry small_dripstone_bricks of type minecraft:item
[23Nov2025 22:02:02.956] [modloading-worker-0/DEBUG] [com.tterrag.registrate.AbstractRegistrate/REGISTRATE.REGISTER]: Captured registration for entry small_dripstone_bricks of type minecraft:block
[23Nov2025 22:02:02.957] [modloading-worker-0/DEBUG] [com.tterrag.registrate.AbstractRegistrate/REGISTRATE.REGISTER]: Captured registration for entry small_dripstone_brick_stairs of type minecraft:item
[23Nov2025 22:02:02.957] [modloading-worker-0/DEBUG] [com.tterrag.registrate.AbstractRegistrate/REGISTRATE.REGISTER]: Captured registration for entry small_dripstone_brick_stairs of type minecraft:block
[23Nov2025 22:02:02.957] [modloading-worker-0/DEBUG] [com.tterrag.registrate.AbstractRegistrate/REGISTRATE.REGISTER]: Captured registration for entry small_dripstone_brick_slab of type minecraft:item
[23Nov2025 22:02:02.957] [modloading-worker-0/DEBUG] [com.tterrag.registrate.AbstractRegistrate/REGISTRATE.REGISTER]: Captured registration for entry small_dripstone_brick_slab of type minecraft:block
[23Nov2025 22:02:02.957] [modloading-worker-0/DEBUG] [com.tterrag.registrate.AbstractRegistrate/REGISTRATE.REGISTER]: Captured registration for entry small_dripstone_brick_wall of type minecraft:item
[23Nov2025 22:02:02.957] [modloading-worker-0/DEBUG] [com.tterrag.registrate.AbstractRegistrate/REGISTRATE.REGISTER]: Captured registration for entry small_dripstone_brick_wall of type minecraft:block
[23Nov2025 22:02:02.957] [modloading-worker-0/DEBUG] [com.tterrag.registrate.AbstractRegistrate/REGISTRATE.REGISTER]: Captured registration for entry layered_dripstone of type minecraft:item
[23Nov2025 22:02:02.957] [modloading-worker-0/DEBUG] [com.tterrag.registrate.AbstractRegistrate/REGISTRATE.REGISTER]: Captured registration for entry layered_dripstone of type minecraft:block
[23Nov2025 22:02:02.957] [modloading-worker-0/DEBUG] [com.tterrag.registrate.AbstractRegistrate/REGISTRATE.REGISTER]: Captured registration for entry dripstone_pillar of type minecraft:item
[23Nov2025 22:02:02.957] [modloading-worker-0/DEBUG] [com.tterrag.registrate.AbstractRegistrate/REGISTRATE.REGISTER]: Captured registration for entry dripstone_pillar of type minecraft:block
[23Nov2025 22:02:02.957] [modloading-worker-0/DEBUG] [com.tterrag.registrate.AbstractRegistrate/REGISTRATE.REGISTER]: Captured registration for entry cut_deepslate of type minecraft:item
[23Nov2025 22:02:02.957] [modloading-worker-0/DEBUG] [com.tterrag.registrate.AbstractRegistrate/REGISTRATE.REGISTER]: Captured registration for entry cut_deepslate of type minecraft:block
[23Nov2025 22:02:02.958] [modloading-worker-0/DEBUG] [com.tterrag.registrate.AbstractRegistrate/REGISTRATE.REGISTER]: Captured registration for entry cut_deepslate_stairs of type minecraft:item
[23Nov2025 22:02:02.958] [modloading-worker-0/DEBUG] [com.tterrag.registrate.AbstractRegistrate/REGISTRATE.REGISTER]: Captured registration for entry cut_deepslate_stairs of type minecraft:block
[23Nov2025 22:02:02.958] [modloading-worker-0/DEBUG] [com.tterrag.registrate.AbstractRegistrate/REGISTRATE.REGISTER]: Captured registration for entry cut_deepslate_slab of type minecraft:item
[23Nov2025 22:02:02.961] [modloading-worker-0/DEBUG] [com.tterrag.registrate.AbstractRegistrate/REGISTRATE.REGISTER]: Captured registration for entry cut_deepslate_slab of type minecraft:block
[23Nov2025 22:02:02.961] [modloading-worker-0/DEBUG] [com.tterrag.registrate.AbstractRegistrate/REGISTRATE.REGISTER]: Captured registration for entry cut_deepslate_wall of type minecraft:item
[23Nov2025 22:02:02.961] [modloading-worker-0/DEBUG] [com.tterrag.registrate.AbstractRegistrate/REGISTRATE.REGISTER]: Captured registration for entry cut_deepslate_wall of type minecraft:block
[23Nov2025 22:02:02.961] [modloading-worker-0/DEBUG] [com.tterrag.registrate.AbstractRegistrate/REGISTRATE.REGISTER]: Captured registration for entry polished_cut_deepslate of type minecraft:item
[23Nov2025 22:02:02.961] [modloading-worker-0/DEBUG] [com.tterrag.registrate.AbstractRegistrate/REGISTRATE.REGISTER]: Captured registration for entry polished_cut_deepslate of type minecraft:block
[23Nov2025 22:02:02.961] [modloading-worker-0/DEBUG] [com.tterrag.registrate.AbstractRegistrate/REGISTRATE.REGISTER]: Captured registration for entry polished_cut_deepslate_stairs of type minecraft:item
[23Nov2025 22:02:02.961] [modloading-worker-0/DEBUG] [com.tterrag.registrate.AbstractRegistrate/REGISTRATE.REGISTER]: Captured registration for entry polished_cut_deepslate_stairs of type minecraft:block
[23Nov2025 22:02:02.961] [modloading-worker-0/DEBUG] [com.tterrag.registrate.AbstractRegistrate/REGISTRATE.REGISTER]: Captured registration for entry polished_cut_deepslate_slab of type minecraft:item
[23Nov2025 22:02:02.962] [modloading-worker-0/DEBUG] [com.tterrag.registrate.AbstractRegistrate/REGISTRATE.REGISTER]: Captured registration for entry polished_cut_deepslate_slab of type minecraft:block
[23Nov2025 22:02:02.962] [modloading-worker-0/DEBUG] [com.tterrag.registrate.AbstractRegistrate/REGISTRATE.REGISTER]: Captured registration for entry polished_cut_deepslate_wall of type minecraft:item
[23Nov2025 22:02:02.962] [modloading-worker-0/DEBUG] [com.tterrag.registrate.AbstractRegistrate/REGISTRATE.REGISTER]: Captured registration for entry polished_cut_deepslate_wall of type minecraft:block
[23Nov2025 22:02:02.962] [modloading-worker-0/DEBUG] [com.tterrag.registrate.AbstractRegistrate/REGISTRATE.REGISTER]: Captured registration for entry cut_deepslate_bricks of type minecraft:item
[23Nov2025 22:02:02.962] [modloading-worker-0/DEBUG] [com.tterrag.registrate.AbstractRegistrate/REGISTRATE.REGISTER]: Captured registration for entry cut_deepslate_bricks of type minecraft:block
[23Nov2025 22:02:02.962] [modloading-worker-0/DEBUG] [com.tterrag.registrate.AbstractRegistrate/REGISTRATE.REGISTER]: Captured registration for entry cut_deepslate_brick_stairs of type minecraft:item
[23Nov2025 22:02:02.962] [modloading-worker-0/DEBUG] [com.tterrag.registrate.AbstractRegistrate/REGISTRATE.REGISTER]: Captured registration for entry cut_deepslate_brick_stairs of type minecraft:block
[23Nov2025 22:02:02.962] [modloading-worker-0/DEBUG] [com.tterrag.registrate.AbstractRegistrate/REGISTRATE.REGISTER]: Captured registration for entry cut_deepslate_brick_slab of type minecraft:item
[23Nov2025 22:02:02.962] [modloading-worker-0/DEBUG] [com.tterrag.registrate.AbstractRegistrate/REGISTRATE.REGISTER]: Captured registration for entry cut_deepslate_brick_slab of type minecraft:block
[23Nov2025 22:02:02.962] [modloading-worker-0/DEBUG] [com.tterrag.registrate.AbstractRegistrate/REGISTRATE.REGISTER]: Captured registration for entry cut_deepslate_brick_wall of type minecraft:item
[23Nov2025 22:02:02.962] [modloading-worker-0/DEBUG] [com.tterrag.registrate.AbstractRegistrate/REGISTRATE.REGISTER]: Captured registration for entry cut_deepslate_brick_wall of type minecraft:block
[23Nov2025 22:02:02.962] [modloading-worker-0/DEBUG] [com.tterrag.registrate.AbstractRegistrate/REGISTRATE.REGISTER]: Captured registration for entry small_deepslate_bricks of type minecraft:item
[23Nov2025 22:02:02.962] [modloading-worker-0/DEBUG] [com.tterrag.registrate.AbstractRegistrate/REGISTRATE.REGISTER]: Captured registration for entry small_deepslate_bricks of type minecraft:block
[23Nov2025 22:02:02.963] [modloading-worker-0/DEBUG] [com.tterrag.registrate.AbstractRegistrate/REGISTRATE.REGISTER]: Captured registration for entry small_deepslate_brick_stairs of type minecraft:item
[23Nov2025 22:02:02.963] [modloading-worker-0/DEBUG] [com.tterrag.registrate.AbstractRegistrate/REGISTRATE.REGISTER]: Captured registration for entry small_deepslate_brick_stairs of type minecraft:block
[23Nov2025 22:02:02.963] [modloading-worker-0/DEBUG] [com.tterrag.registrate.AbstractRegistrate/REGISTRATE.REGISTER]: Captured registration for entry small_deepslate_brick_slab of type minecraft:item
[23Nov2025 22:02:02.963] [modloading-worker-0/DEBUG] [com.tterrag.registrate.AbstractRegistrate/REGISTRATE.REGISTER]: Captured registration for entry small_deepslate_brick_slab of type minecraft:block
[23Nov2025 22:02:02.963] [modloading-worker-0/DEBUG] [com.tterrag.registrate.AbstractRegistrate/REGISTRATE.REGISTER]: Captured registration for entry small_deepslate_brick_wall of type minecraft:item
[23Nov2025 22:02:02.963] [modloading-worker-0/DEBUG] [com.tterrag.registrate.AbstractRegistrate/REGISTRATE.REGISTER]: Captured registration for entry small_deepslate_brick_wall of type minecraft:block
[23Nov2025 22:02:02.966] [modloading-worker-0/DEBUG] [com.tterrag.registrate.AbstractRegistrate/REGISTRATE.REGISTER]: Captured registration for entry layered_deepslate of type minecraft:item
[23Nov2025 22:02:02.966] [modloading-worker-0/DEBUG] [com.tterrag.registrate.AbstractRegistrate/REGISTRATE.REGISTER]: Captured registration for entry layered_deepslate of type minecraft:block
[23Nov2025 22:02:02.966] [modloading-worker-0/DEBUG] [com.tterrag.registrate.AbstractRegistrate/REGISTRATE.REGISTER]: Captured registration for entry deepslate_pillar of type minecraft:item
[23Nov2025 22:02:02.966] [modloading-worker-0/DEBUG] [com.tterrag.registrate.AbstractRegistrate/REGISTRATE.REGISTER]: Captured registration for entry deepslate_pillar of type minecraft:block
[23Nov2025 22:02:02.966] [modloading-worker-0/DEBUG] [com.tterrag.registrate.AbstractRegistrate/REGISTRATE.REGISTER]: Captured registration for entry cut_tuff of type minecraft:item
[23Nov2025 22:02:02.967] [modloading-worker-0/DEBUG] [com.tterrag.registrate.AbstractRegistrate/REGISTRATE.REGISTER]: Captured registration for entry cut_tuff of type minecraft:block
[23Nov2025 22:02:02.967] [modloading-worker-0/DEBUG] [com.tterrag.registrate.AbstractRegistrate/REGISTRATE.REGISTER]: Captured registration for entry cut_tuff_stairs of type minecraft:item
[23Nov2025 22:02:02.967] [modloading-worker-0/DEBUG] [com.tterrag.registrate.AbstractRegistrate/REGISTRATE.REGISTER]: Captured registration for entry cut_tuff_stairs of type minecraft:block
[23Nov2025 22:02:02.967] [modloading-worker-0/DEBUG] [com.tterrag.registrate.AbstractRegistrate/REGISTRATE.REGISTER]: Captured registration for entry cut_tuff_slab of type minecraft:item
[23Nov2025 22:02:02.967] [modloading-worker-0/DEBUG] [com.tterrag.registrate.AbstractRegistrate/REGISTRATE.REGISTER]: Captured registration for entry cut_tuff_slab of type minecraft:block
[23Nov2025 22:02:02.967] [modloading-worker-0/DEBUG] [com.tterrag.registrate.AbstractRegistrate/REGISTRATE.REGISTER]: Captured registration for entry cut_tuff_wall of type minecraft:item
[23Nov2025 22:02:02.967] [modloading-worker-0/DEBUG] [com.tterrag.registrate.AbstractRegistrate/REGISTRATE.REGISTER]: Captured registration for entry cut_tuff_wall of type minecraft:block
[23Nov2025 22:02:02.967] [modloading-worker-0/DEBUG] [com.tterrag.registrate.AbstractRegistrate/REGISTRATE.REGISTER]: Captured registration for entry polished_cut_tuff of type minecraft:item
[23Nov2025 22:02:02.967] [modloading-worker-0/DEBUG] [com.tterrag.registrate.AbstractRegistrate/REGISTRATE.REGISTER]: Captured registration for entry polished_cut_tuff of type minecraft:block
[23Nov2025 22:02:02.967] [modloading-worker-0/DEBUG] [com.tterrag.registrate.AbstractRegistrate/REGISTRATE.REGISTER]: Captured registration for entry polished_cut_tuff_stairs of type minecraft:item
[23Nov2025 22:02:02.967] [modloading-worker-0/DEBUG] [com.tterrag.registrate.AbstractRegistrate/REGISTRATE.REGISTER]: Captured registration for entry polished_cut_tuff_stairs of type minecraft:block
[23Nov2025 22:02:02.967] [modloading-worker-0/DEBUG] [com.tterrag.registrate.AbstractRegistrate/REGISTRATE.REGISTER]: Captured registration for entry polished_cut_tuff_slab of type minecraft:item
[23Nov2025 22:02:02.967] [modloading-worker-0/DEBUG] [com.tterrag.registrate.AbstractRegistrate/REGISTRATE.REGISTER]: Captured registration for entry polished_cut_tuff_slab of type minecraft:block
[23Nov2025 22:02:02.967] [modloading-worker-0/DEBUG] [com.tterrag.registrate.AbstractRegistrate/REGISTRATE.REGISTER]: Captured registration for entry polished_cut_tuff_wall of type minecraft:item
[23Nov2025 22:02:02.968] [modloading-worker-0/DEBUG] [com.tterrag.registrate.AbstractRegistrate/REGISTRATE.REGISTER]: Captured registration for entry polished_cut_tuff_wall of type minecraft:block
[23Nov2025 22:02:02.968] [modloading-worker-0/DEBUG] [com.tterrag.registrate.AbstractRegistrate/REGISTRATE.REGISTER]: Captured registration for entry cut_tuff_bricks of type minecraft:item
[23Nov2025 22:02:02.968] [modloading-worker-0/DEBUG] [com.tterrag.registrate.AbstractRegistrate/REGISTRATE.REGISTER]: Captured registration for entry cut_tuff_bricks of type minecraft:block
[23Nov2025 22:02:02.968] [modloading-worker-0/DEBUG] [com.tterrag.registrate.AbstractRegistrate/REGISTRATE.REGISTER]: Captured registration for entry cut_tuff_brick_stairs of type minecraft:item
[23Nov2025 22:02:02.968] [modloading-worker-0/DEBUG] [com.tterrag.registrate.AbstractRegistrate/REGISTRATE.REGISTER]: Captured registration for entry cut_tuff_brick_stairs of type minecraft:block
[23Nov2025 22:02:02.968] [modloading-worker-0/DEBUG] [com.tterrag.registrate.AbstractRegistrate/REGISTRATE.REGISTER]: Captured registration for entry cut_tuff_brick_slab of type minecraft:item
[23Nov2025 22:02:02.968] [modloading-worker-0/DEBUG] [com.tterrag.registrate.AbstractRegistrate/REGISTRATE.REGISTER]: Captured registration for entry cut_tuff_brick_slab of type minecraft:block
[23Nov2025 22:02:02.968] [modloading-worker-0/DEBUG] [com.tterrag.registrate.AbstractRegistrate/REGISTRATE.REGISTER]: Captured registration for entry cut_tuff_brick_wall of type minecraft:item
[23Nov2025 22:02:02.968] [modloading-worker-0/DEBUG] [com.tterrag.registrate.AbstractRegistrate/REGISTRATE.REGISTER]: Captured registration for entry cut_tuff_brick_wall of type minecraft:block
[23Nov2025 22:02:02.968] [modloading-worker-0/DEBUG] [com.tterrag.registrate.AbstractRegistrate/REGISTRATE.REGISTER]: Captured registration for entry small_tuff_bricks of type minecraft:item
[23Nov2025 22:02:02.968] [modloading-worker-0/DEBUG] [com.tterrag.registrate.AbstractRegistrate/REGISTRATE.REGISTER]: Captured registration for entry small_tuff_bricks of type minecraft:block
[23Nov2025 22:02:02.968] [modloading-worker-0/DEBUG] [com.tterrag.registrate.AbstractRegistrate/REGISTRATE.REGISTER]: Captured registration for entry small_tuff_brick_stairs of type minecraft:item
[23Nov2025 22:02:02.968] [modloading-worker-0/DEBUG] [com.tterrag.registrate.AbstractRegistrate/REGISTRATE.REGISTER]: Captured registration for entry small_tuff_brick_stairs of type minecraft:block
[23Nov2025 22:02:02.969] [modloading-worker-0/DEBUG] [com.tterrag.registrate.AbstractRegistrate/REGISTRATE.REGISTER]: Captured registration for entry small_tuff_brick_slab of type minecraft:item
[23Nov2025 22:02:02.969] [modloading-worker-0/DEBUG] [com.tterrag.registrate.AbstractRegistrate/REGISTRATE.REGISTER]: Captured registration for entry small_tuff_brick_slab of type minecraft:block
[23Nov2025 22:02:02.972] [modloading-worker-0/DEBUG] [com.tterrag.registrate.AbstractRegistrate/REGISTRATE.REGISTER]: Captured registration for entry small_tuff_brick_wall of type minecraft:item
[23Nov2025 22:02:02.972] [modloading-worker-0/DEBUG] [com.tterrag.registrate.AbstractRegistrate/REGISTRATE.REGISTER]: Captured registration for entry small_tuff_brick_wall of type minecraft:block
[23Nov2025 22:02:02.972] [modloading-worker-0/DEBUG] [com.tterrag.registrate.AbstractRegistrate/REGISTRATE.REGISTER]: Captured registration for entry layered_tuff of type minecraft:item
[23Nov2025 22:02:02.972] [modloading-worker-0/DEBUG] [com.tterrag.registrate.AbstractRegistrate/REGISTRATE.REGISTER]: Captured registration for entry layered_tuff of type minecraft:block
[23Nov2025 22:02:02.973] [modloading-worker-0/DEBUG] [com.tterrag.registrate.AbstractRegistrate/REGISTRATE.REGISTER]: Captured registration for entry tuff_pillar of type minecraft:item
[23Nov2025 22:02:02.973] [modloading-worker-0/DEBUG] [com.tterrag.registrate.AbstractRegistrate/REGISTRATE.REGISTER]: Captured registration for entry tuff_pillar of type minecraft:block
[23Nov2025 22:02:02.978] [modloading-worker-0/DEBUG] [com.tterrag.registrate.AbstractRegistrate/REGISTRATE.REGISTER]: Captured registration for entry asurine of type minecraft:item
[23Nov2025 22:02:02.979] [modloading-worker-0/DEBUG] [com.tterrag.registrate.AbstractRegistrate/REGISTRATE.REGISTER]: Captured registration for entry asurine of type minecraft:block
[23Nov2025 22:02:02.980] [modloading-worker-0/DEBUG] [com.tterrag.registrate.AbstractRegistrate/REGISTRATE.REGISTER]: Captured registration for entry cut_asurine of type minecraft:item
[23Nov2025 22:02:02.980] [modloading-worker-0/DEBUG] [com.tterrag.registrate.AbstractRegistrate/REGISTRATE.REGISTER]: Captured registration for entry cut_asurine of type minecraft:block
[23Nov2025 22:02:02.981] [modloading-worker-0/DEBUG] [com.tterrag.registrate.AbstractRegistrate/REGISTRATE.REGISTER]: Captured registration for entry cut_asurine_stairs of type minecraft:item
[23Nov2025 22:02:02.982] [modloading-worker-0/DEBUG] [com.tterrag.registrate.AbstractRegistrate/REGISTRATE.REGISTER]: Captured registration for entry cut_asurine_stairs of type minecraft:block
[23Nov2025 22:02:02.982] [modloading-worker-0/DEBUG] [com.tterrag.registrate.AbstractRegistrate/REGISTRATE.REGISTER]: Captured registration for entry cut_asurine_slab of type minecraft:item
[23Nov2025 22:02:02.982] [modloading-worker-0/DEBUG] [com.tterrag.registrate.AbstractRegistrate/REGISTRATE.REGISTER]: Captured registration for entry cut_asurine_slab of type minecraft:block
[23Nov2025 22:02:02.982] [modloading-worker-0/DEBUG] [com.tterrag.registrate.AbstractRegistrate/REGISTRATE.REGISTER]: Captured registration for entry cut_asurine_wall of type minecraft:item
[23Nov2025 22:02:02.982] [modloading-worker-0/DEBUG] [com.tterrag.registrate.AbstractRegistrate/REGISTRATE.REGISTER]: Captured registration for entry cut_asurine_wall of type minecraft:block
[23Nov2025 22:02:02.982] [modloading-worker-0/DEBUG] [com.tterrag.registrate.AbstractRegistrate/REGISTRATE.REGISTER]: Captured registration for entry polished_cut_asurine of type minecraft:item
[23Nov2025 22:02:02.982] [modloading-worker-0/DEBUG] [com.tterrag.registrate.AbstractRegistrate/REGISTRATE.REGISTER]: Captured registration for entry polished_cut_asurine of type minecraft:block
[23Nov2025 22:02:02.982] [modloading-worker-0/DEBUG] [com.tterrag.registrate.AbstractRegistrate/REGISTRATE.REGISTER]: Captured registration for entry polished_cut_asurine_stairs of type minecraft:item
[23Nov2025 22:02:02.982] [modloading-worker-0/DEBUG] [com.tterrag.registrate.AbstractRegistrate/REGISTRATE.REGISTER]: Captured registration for entry polished_cut_asurine_stairs of type minecraft:block
[23Nov2025 22:02:02.983] [modloading-worker-0/DEBUG] [com.tterrag.registrate.AbstractRegistrate/REGISTRATE.REGISTER]: Captured registration for entry polished_cut_asurine_slab of type minecraft:item
[23Nov2025 22:02:02.983] [modloading-worker-0/DEBUG] [com.tterrag.registrate.AbstractRegistrate/REGISTRATE.REGISTER]: Captured registration for entry polished_cut_asurine_slab of type minecraft:block
[23Nov2025 22:02:02.983] [modloading-worker-0/DEBUG] [com.tterrag.registrate.AbstractRegistrate/REGISTRATE.REGISTER]: Captured registration for entry polished_cut_asurine_wall of type minecraft:item
[23Nov2025 22:02:02.983] [modloading-worker-0/DEBUG] [com.tterrag.registrate.AbstractRegistrate/REGISTRATE.REGISTER]: Captured registration for entry polished_cut_asurine_wall of type minecraft:block
[23Nov2025 22:02:02.983] [modloading-worker-0/DEBUG] [com.tterrag.registrate.AbstractRegistrate/REGISTRATE.REGISTER]: Captured registration for entry cut_asurine_bricks of type minecraft:item
[23Nov2025 22:02:02.983] [modloading-worker-0/DEBUG] [com.tterrag.registrate.AbstractRegistrate/REGISTRATE.REGISTER]: Captured registration for entry cut_asurine_bricks of type minecraft:block
[23Nov2025 22:02:02.983] [modloading-worker-0/DEBUG] [com.tterrag.registrate.AbstractRegistrate/REGISTRATE.REGISTER]: Captured registration for entry cut_asurine_brick_stairs of type minecraft:item
[23Nov2025 22:02:02.983] [modloading-worker-0/DEBUG] [com.tterrag.registrate.AbstractRegistrate/REGISTRATE.REGISTER]: Captured registration for entry cut_asurine_brick_stairs of type minecraft:block
[23Nov2025 22:02:02.983] [modloading-worker-0/DEBUG] [com.tterrag.registrate.AbstractRegistrate/REGISTRATE.REGISTER]: Captured registration for entry cut_asurine_brick_slab of type minecraft:item
[23Nov2025 22:02:02.983] [modloading-worker-0/DEBUG] [com.tterrag.registrate.AbstractRegistrate/REGISTRATE.REGISTER]: Captured registration for entry cut_asurine_brick_slab of type minecraft:block
[23Nov2025 22:02:02.984] [modloading-worker-0/DEBUG] [com.tterrag.registrate.AbstractRegistrate/REGISTRATE.REGISTER]: Captured registration for entry cut_asurine_brick_wall of type minecraft:item
[23Nov2025 22:02:02.984] [modloading-worker-0/DEBUG] [com.tterrag.registrate.AbstractRegistrate/REGISTRATE.REGISTER]: Captured registration for entry cut_asurine_brick_wall of type minecraft:block
[23Nov2025 22:02:02.984] [modloading-worker-0/DEBUG] [com.tterrag.registrate.AbstractRegistrate/REGISTRATE.REGISTER]: Captured registration for entry small_asurine_bricks of type minecraft:item
[23Nov2025 22:02:02.984] [modloading-worker-0/DEBUG] [com.tterrag.registrate.AbstractRegistrate/REGISTRATE.REGISTER]: Captured registration for entry small_asurine_bricks of type minecraft:block
[23Nov2025 22:02:02.984] [modloading-worker-0/DEBUG] [com.tterrag.registrate.AbstractRegistrate/REGISTRATE.REGISTER]: Captured registration for entry small_asurine_brick_stairs of type minecraft:item
[23Nov2025 22:02:02.985] [modloading-worker-0/DEBUG] [com.tterrag.registrate.AbstractRegistrate/REGISTRATE.REGISTER]: Captured registration for entry small_asurine_brick_stairs of type minecraft:block
[23Nov2025 22:02:02.985] [modloading-worker-0/DEBUG] [com.tterrag.registrate.AbstractRegistrate/REGISTRATE.REGISTER]: Captured registration for entry small_asurine_brick_slab of type minecraft:item
[23Nov2025 22:02:02.985] [modloading-worker-0/DEBUG] [com.tterrag.registrate.AbstractRegistrate/REGISTRATE.REGISTER]: Captured registration for entry small_asurine_brick_slab of type minecraft:block
[23Nov2025 22:02:02.985] [modloading-worker-0/DEBUG] [com.tterrag.registrate.AbstractRegistrate/REGISTRATE.REGISTER]: Captured registration for entry small_asurine_brick_wall of type minecraft:item
[23Nov2025 22:02:02.985] [modloading-worker-0/DEBUG] [com.tterrag.registrate.AbstractRegistrate/REGISTRATE.REGISTER]: Captured registration for entry small_asurine_brick_wall of type minecraft:block
[23Nov2025 22:02:02.985] [modloading-worker-0/DEBUG] [com.tterrag.registrate.AbstractRegistrate/REGISTRATE.REGISTER]: Captured registration for entry layered_asurine of type minecraft:item
[23Nov2025 22:02:02.986] [modloading-worker-0/DEBUG] [com.tterrag.registrate.AbstractRegistrate/REGISTRATE.REGISTER]: Captured registration for entry layered_asurine of type minecraft:block
[23Nov2025 22:02:02.986] [modloading-worker-0/DEBUG] [com.tterrag.registrate.AbstractRegistrate/REGISTRATE.REGISTER]: Captured registration for entry asurine_pillar of type minecraft:item
[23Nov2025 22:02:02.986] [modloading-worker-0/DEBUG] [com.tterrag.registrate.AbstractRegistrate/REGISTRATE.REGISTER]: Captured registration for entry asurine_pillar of type minecraft:block
[23Nov2025 22:02:02.986] [modloading-worker-0/DEBUG] [com.tterrag.registrate.AbstractRegistrate/REGISTRATE.REGISTER]: Captured registration for entry crimsite of type minecraft:item
[23Nov2025 22:02:02.987] [modloading-worker-0/DEBUG] [com.tterrag.registrate.AbstractRegistrate/REGISTRATE.REGISTER]: Captured registration for entry crimsite of type minecraft:block
[23Nov2025 22:02:02.987] [modloading-worker-0/DEBUG] [com.tterrag.registrate.AbstractRegistrate/REGISTRATE.REGISTER]: Captured registration for entry cut_crimsite of type minecraft:item
[23Nov2025 22:02:02.987] [modloading-worker-0/DEBUG] [com.tterrag.registrate.AbstractRegistrate/REGISTRATE.REGISTER]: Captured registration for entry cut_crimsite of type minecraft:block
[23Nov2025 22:02:02.987] [modloading-worker-0/DEBUG] [com.tterrag.registrate.AbstractRegistrate/REGISTRATE.REGISTER]: Captured registration for entry cut_crimsite_stairs of type minecraft:item
[23Nov2025 22:02:02.988] [modloading-worker-0/DEBUG] [com.tterrag.registrate.AbstractRegistrate/REGISTRATE.REGISTER]: Captured registration for entry cut_crimsite_stairs of type minecraft:block
[23Nov2025 22:02:02.988] [modloading-worker-0/DEBUG] [com.tterrag.registrate.AbstractRegistrate/REGISTRATE.REGISTER]: Captured registration for entry cut_crimsite_slab of type minecraft:item
[23Nov2025 22:02:02.988] [modloading-worker-0/DEBUG] [com.tterrag.registrate.AbstractRegistrate/REGISTRATE.REGISTER]: Captured registration for entry cut_crimsite_slab of type minecraft:block
[23Nov2025 22:02:02.988] [modloading-worker-0/DEBUG] [com.tterrag.registrate.AbstractRegistrate/REGISTRATE.REGISTER]: Captured registration for entry cut_crimsite_wall of type minecraft:item
[23Nov2025 22:02:02.988] [modloading-worker-0/DEBUG] [com.tterrag.registrate.AbstractRegistrate/REGISTRATE.REGISTER]: Captured registration for entry cut_crimsite_wall of type minecraft:block
[23Nov2025 22:02:02.988] [modloading-worker-0/DEBUG] [com.tterrag.registrate.AbstractRegistrate/REGISTRATE.REGISTER]: Captured registration for entry polished_cut_crimsite of type minecraft:item
[23Nov2025 22:02:02.989] [modloading-worker-0/DEBUG] [com.tterrag.registrate.AbstractRegistrate/REGISTRATE.REGISTER]: Captured registration for entry polished_cut_crimsite of type minecraft:block
[23Nov2025 22:02:02.989] [modloading-worker-0/DEBUG] [com.tterrag.registrate.AbstractRegistrate/REGISTRATE.REGISTER]: Captured registration for entry polished_cut_crimsite_stairs of type minecraft:item
[23Nov2025 22:02:02.989] [modloading-worker-0/DEBUG] [com.tterrag.registrate.AbstractRegistrate/REGISTRATE.REGISTER]: Captured registration for entry polished_cut_crimsite_stairs of type minecraft:block
[23Nov2025 22:02:02.989] [modloading-worker-0/DEBUG] [com.tterrag.registrate.AbstractRegistrate/REGISTRATE.REGISTER]: Captured registration for entry polished_cut_crimsite_slab of type minecraft:item
[23Nov2025 22:02:02.990] [modloading-worker-0/DEBUG] [com.tterrag.registrate.AbstractRegistrate/REGISTRATE.REGISTER]: Captured registration for entry polished_cut_crimsite_slab of type minecraft:block
[23Nov2025 22:02:02.990] [modloading-worker-0/DEBUG] [com.tterrag.registrate.AbstractRegistrate/REGISTRATE.REGISTER]: Captured registration for entry polished_cut_crimsite_wall of type minecraft:item
[23Nov2025 22:02:02.990] [modloading-worker-0/DEBUG] [com.tterrag.registrate.AbstractRegistrate/REGISTRATE.REGISTER]: Captured registration for entry polished_cut_crimsite_wall of type minecraft:block
[23Nov2025 22:02:02.990] [modloading-worker-0/DEBUG] [com.tterrag.registrate.AbstractRegistrate/REGISTRATE.REGISTER]: Captured registration for entry cut_crimsite_bricks of type minecraft:item
[23Nov2025 22:02:02.990] [modloading-worker-0/DEBUG] [com.tterrag.registrate.AbstractRegistrate/REGISTRATE.REGISTER]: Captured registration for entry cut_crimsite_bricks of type minecraft:block
[23Nov2025 22:02:02.991] [modloading-worker-0/DEBUG] [com.tterrag.registrate.AbstractRegistrate/REGISTRATE.REGISTER]: Captured registration for entry cut_crimsite_brick_stairs of type minecraft:item
[23Nov2025 22:02:02.991] [modloading-worker-0/DEBUG] [com.tterrag.registrate.AbstractRegistrate/REGISTRATE.REGISTER]: Captured registration for entry cut_crimsite_brick_stairs of type minecraft:block
[23Nov2025 22:02:02.991] [modloading-worker-0/DEBUG] [com.tterrag.registrate.AbstractRegistrate/REGISTRATE.REGISTER]: Captured registration for entry cut_crimsite_brick_slab of type minecraft:item
[23Nov2025 22:02:02.991] [modloading-worker-0/DEBUG] [com.tterrag.registrate.AbstractRegistrate/REGISTRATE.REGISTER]: Captured registration for entry cut_crimsite_brick_slab of type minecraft:block
[23Nov2025 22:02:02.991] [modloading-worker-0/DEBUG] [com.tterrag.registrate.AbstractRegistrate/REGISTRATE.REGISTER]: Captured registration for entry cut_crimsite_brick_wall of type minecraft:item
[23Nov2025 22:02:02.991] [modloading-worker-0/DEBUG] [com.tterrag.registrate.AbstractRegistrate/REGISTRATE.REGISTER]: Captured registration for entry cut_crimsite_brick_wall of type minecraft:block
[23Nov2025 22:02:02.991] [modloading-worker-0/DEBUG] [com.tterrag.registrate.AbstractRegistrate/REGISTRATE.REGISTER]: Captured registration for entry small_crimsite_bricks of type minecraft:item
[23Nov2025 22:02:02.991] [modloading-worker-0/DEBUG] [com.tterrag.registrate.AbstractRegistrate/REGISTRATE.REGISTER]: Captured registration for entry small_crimsite_bricks of type minecraft:block
[23Nov2025 22:02:02.992] [modloading-worker-0/DEBUG] [com.tterrag.registrate.AbstractRegistrate/REGISTRATE.REGISTER]: Captured registration for entry small_crimsite_brick_stairs of type minecraft:item
[23Nov2025 22:02:02.992] [modloading-worker-0/DEBUG] [com.tterrag.registrate.AbstractRegistrate/REGISTRATE.REGISTER]: Captured registration for entry small_crimsite_brick_stairs of type minecraft:block
[23Nov2025 22:02:02.992] [modloading-worker-0/DEBUG] [com.tterrag.registrate.AbstractRegistrate/REGISTRATE.REGISTER]: Captured registration for entry small_crimsite_brick_slab of type minecraft:item
[23Nov2025 22:02:02.992] [modloading-worker-0/DEBUG] [com.tterrag.registrate.AbstractRegistrate/REGISTRATE.REGISTER]: Captured registration for entry small_crimsite_brick_slab of type minecraft:block
[23Nov2025 22:02:02.992] [modloading-worker-0/DEBUG] [com.tterrag.registrate.AbstractRegistrate/REGISTRATE.REGISTER]: Captured registration for entry small_crimsite_brick_wall of type minecraft:item
[23Nov2025 22:02:02.992] [modloading-worker-0/DEBUG] [com.tterrag.registrate.AbstractRegistrate/REGISTRATE.REGISTER]: Captured registration for entry small_crimsite_brick_wall of type minecraft:block
[23Nov2025 22:02:02.992] [modloading-worker-0/DEBUG] [com.tterrag.registrate.AbstractRegistrate/REGISTRATE.REGISTER]: Captured registration for entry layered_crimsite of type minecraft:item
[23Nov2025 22:02:02.992] [modloading-worker-0/DEBUG] [com.tterrag.registrate.AbstractRegistrate/REGISTRATE.REGISTER]: Captured registration for entry layered_crimsite of type minecraft:block
[23Nov2025 22:02:02.992] [modloading-worker-0/DEBUG] [com.tterrag.registrate.AbstractRegistrate/REGISTRATE.REGISTER]: Captured registration for entry crimsite_pillar of type minecraft:item
[23Nov2025 22:02:02.993] [modloading-worker-0/DEBUG] [com.tterrag.registrate.AbstractRegistrate/REGISTRATE.REGISTER]: Captured registration for entry crimsite_pillar of type minecraft:block
[23Nov2025 22:02:02.993] [modloading-worker-0/DEBUG] [com.tterrag.registrate.AbstractRegistrate/REGISTRATE.REGISTER]: Captured registration for entry limestone of type minecraft:item
[23Nov2025 22:02:02.993] [modloading-worker-0/DEBUG] [com.tterrag.registrate.AbstractRegistrate/REGISTRATE.REGISTER]: Captured registration for entry limestone of type minecraft:block
[23Nov2025 22:02:02.994] [modloading-worker-0/DEBUG] [com.tterrag.registrate.AbstractRegistrate/REGISTRATE.REGISTER]: Captured registration for entry cut_limestone of type minecraft:item
[23Nov2025 22:02:02.994] [modloading-worker-0/DEBUG] [com.tterrag.registrate.AbstractRegistrate/REGISTRATE.REGISTER]: Captured registration for entry cut_limestone of type minecraft:block
[23Nov2025 22:02:02.994] [modloading-worker-0/DEBUG] [com.tterrag.registrate.AbstractRegistrate/REGISTRATE.REGISTER]: Captured registration for entry cut_limestone_stairs of type minecraft:item
[23Nov2025 22:02:02.994] [modloading-worker-0/DEBUG] [com.tterrag.registrate.AbstractRegistrate/REGISTRATE.REGISTER]: Captured registration for entry cut_limestone_stairs of type minecraft:block
[23Nov2025 22:02:02.994] [modloading-worker-0/DEBUG] [com.tterrag.registrate.AbstractRegistrate/REGISTRATE.REGISTER]: Captured registration for entry cut_limestone_slab of type minecraft:item
[23Nov2025 22:02:02.994] [modloading-worker-0/DEBUG] [com.tterrag.registrate.AbstractRegistrate/REGISTRATE.REGISTER]: Captured registration for entry cut_limestone_slab of type minecraft:block
[23Nov2025 22:02:02.994] [modloading-worker-0/DEBUG] [com.tterrag.registrate.AbstractRegistrate/REGISTRATE.REGISTER]: Captured registration for entry cut_limestone_wall of type minecraft:item
[23Nov2025 22:02:02.994] [modloading-worker-0/DEBUG] [com.tterrag.registrate.AbstractRegistrate/REGISTRATE.REGISTER]: Captured registration for entry cut_limestone_wall of type minecraft:block
[23Nov2025 22:02:02.994] [modloading-worker-0/DEBUG] [com.tterrag.registrate.AbstractRegistrate/REGISTRATE.REGISTER]: Captured registration for entry polished_cut_limestone of type minecraft:item
[23Nov2025 22:02:02.994] [modloading-worker-0/DEBUG] [com.tterrag.registrate.AbstractRegistrate/REGISTRATE.REGISTER]: Captured registration for entry polished_cut_limestone of type minecraft:block
[23Nov2025 22:02:02.994] [modloading-worker-0/DEBUG] [com.tterrag.registrate.AbstractRegistrate/REGISTRATE.REGISTER]: Captured registration for entry polished_cut_limestone_stairs of type minecraft:item
[23Nov2025 22:02:02.994] [modloading-worker-0/DEBUG] [com.tterrag.registrate.AbstractRegistrate/REGISTRATE.REGISTER]: Captured registration for entry polished_cut_limestone_stairs of type minecraft:block
[23Nov2025 22:02:02.994] [modloading-worker-0/DEBUG] [com.tterrag.registrate.AbstractRegistrate/REGISTRATE.REGISTER]: Captured registration for entry polished_cut_limestone_slab of type minecraft:item
[23Nov2025 22:02:02.994] [modloading-worker-0/DEBUG] [com.tterrag.registrate.AbstractRegistrate/REGISTRATE.REGISTER]: Captured registration for entry polished_cut_limestone_slab of type minecraft:block
[23Nov2025 22:02:02.995] [modloading-worker-0/DEBUG] [com.tterrag.registrate.AbstractRegistrate/REGISTRATE.REGISTER]: Captured registration for entry polished_cut_limestone_wall of type minecraft:item
[23Nov2025 22:02:02.995] [modloading-worker-0/DEBUG] [com.tterrag.registrate.AbstractRegistrate/REGISTRATE.REGISTER]: Captured registration for entry polished_cut_limestone_wall of type minecraft:block
[23Nov2025 22:02:02.995] [modloading-worker-0/DEBUG] [com.tterrag.registrate.AbstractRegistrate/REGISTRATE.REGISTER]: Captured registration for entry cut_limestone_bricks of type minecraft:item
[23Nov2025 22:02:02.995] [modloading-worker-0/DEBUG] [com.tterrag.registrate.AbstractRegistrate/REGISTRATE.REGISTER]: Captured registration for entry cut_limestone_bricks of type minecraft:block
[23Nov2025 22:02:02.995] [modloading-worker-0/DEBUG] [com.tterrag.registrate.AbstractRegistrate/REGISTRATE.REGISTER]: Captured registration for entry cut_limestone_brick_stairs of type minecraft:item
[23Nov2025 22:02:02.995] [modloading-worker-0/DEBUG] [com.tterrag.registrate.AbstractRegistrate/REGISTRATE.REGISTER]: Captured registration for entry cut_limestone_brick_stairs of type minecraft:block
[23Nov2025 22:02:02.995] [modloading-worker-0/DEBUG] [com.tterrag.registrate.AbstractRegistrate/REGISTRATE.REGISTER]: Captured registration for entry cut_limestone_brick_slab of type minecraft:item
[23Nov2025 22:02:02.995] [modloading-worker-0/DEBUG] [com.tterrag.registrate.AbstractRegistrate/REGISTRATE.REGISTER]: Captured registration for entry cut_limestone_brick_slab of type minecraft:block
[23Nov2025 22:02:02.995] [modloading-worker-0/DEBUG] [com.tterrag.registrate.AbstractRegistrate/REGISTRATE.REGISTER]: Captured registration for entry cut_limestone_brick_wall of type minecraft:item
[23Nov2025 22:02:02.996] [modloading-worker-0/DEBUG] [com.tterrag.registrate.AbstractRegistrate/REGISTRATE.REGISTER]: Captured registration for entry cut_limestone_brick_wall of type minecraft:block
[23Nov2025 22:02:02.996] [modloading-worker-0/DEBUG] [com.tterrag.registrate.AbstractRegistrate/REGISTRATE.REGISTER]: Captured registration for entry small_limestone_bricks of type minecraft:item
[23Nov2025 22:02:02.996] [modloading-worker-0/DEBUG] [com.tterrag.registrate.AbstractRegistrate/REGISTRATE.REGISTER]: Captured registration for entry small_limestone_bricks of type minecraft:block
[23Nov2025 22:02:02.996] [modloading-worker-0/DEBUG] [com.tterrag.registrate.AbstractRegistrate/REGISTRATE.REGISTER]: Captured registration for entry small_limestone_brick_stairs of type minecraft:item
[23Nov2025 22:02:02.996] [modloading-worker-0/DEBUG] [com.tterrag.registrate.AbstractRegistrate/REGISTRATE.REGISTER]: Captured registration for entry small_limestone_brick_stairs of type minecraft:block
[23Nov2025 22:02:02.996] [modloading-worker-0/DEBUG] [com.tterrag.registrate.AbstractRegistrate/REGISTRATE.REGISTER]: Captured registration for entry small_limestone_brick_slab of type minecraft:item
[23Nov2025 22:02:02.996] [modloading-worker-0/DEBUG] [com.tterrag.registrate.AbstractRegistrate/REGISTRATE.REGISTER]: Captured registration for entry small_limestone_brick_slab of type minecraft:block
[23Nov2025 22:02:02.996] [modloading-worker-0/DEBUG] [com.tterrag.registrate.AbstractRegistrate/REGISTRATE.REGISTER]: Captured registration for entry small_limestone_brick_wall of type minecraft:item
[23Nov2025 22:02:02.996] [modloading-worker-0/DEBUG] [com.tterrag.registrate.AbstractRegistrate/REGISTRATE.REGISTER]: Captured registration for entry small_limestone_brick_wall of type minecraft:block
[23Nov2025 22:02:02.997] [modloading-worker-0/DEBUG] [com.tterrag.registrate.AbstractRegistrate/REGISTRATE.REGISTER]: Captured registration for entry layered_limestone of type minecraft:item
[23Nov2025 22:02:02.998] [modloading-worker-0/DEBUG] [com.tterrag.registrate.AbstractRegistrate/REGISTRATE.REGISTER]: Captured registration for entry layered_limestone of type minecraft:block
[23Nov2025 22:02:02.998] [modloading-worker-0/DEBUG] [com.tterrag.registrate.AbstractRegistrate/REGISTRATE.REGISTER]: Captured registration for entry limestone_pillar of type minecraft:item
[23Nov2025 22:02:02.998] [modloading-worker-0/DEBUG] [com.tterrag.registrate.AbstractRegistrate/REGISTRATE.REGISTER]: Captured registration for entry limestone_pillar of type minecraft:block
[23Nov2025 22:02:02.999] [modloading-worker-0/DEBUG] [com.tterrag.registrate.AbstractRegistrate/REGISTRATE.REGISTER]: Captured registration for entry ochrum of type minecraft:item
[23Nov2025 22:02:02.999] [modloading-worker-0/DEBUG] [com.tterrag.registrate.AbstractRegistrate/REGISTRATE.REGISTER]: Captured registration for entry ochrum of type minecraft:block
[23Nov2025 22:02:02.999] [modloading-worker-0/DEBUG] [com.tterrag.registrate.AbstractRegistrate/REGISTRATE.REGISTER]: Captured registration for entry cut_ochrum of type minecraft:item
[23Nov2025 22:02:02.999] [modloading-worker-0/DEBUG] [com.tterrag.registrate.AbstractRegistrate/REGISTRATE.REGISTER]: Captured registration for entry cut_ochrum of type minecraft:block
[23Nov2025 22:02:02.999] [modloading-worker-0/DEBUG] [com.tterrag.registrate.AbstractRegistrate/REGISTRATE.REGISTER]: Captured registration for entry cut_ochrum_stairs of type minecraft:item
[23Nov2025 22:02:02.999] [modloading-worker-0/DEBUG] [com.tterrag.registrate.AbstractRegistrate/REGISTRATE.REGISTER]: Captured registration for entry cut_ochrum_stairs of type minecraft:block
[23Nov2025 22:02:02.999] [modloading-worker-0/DEBUG] [com.tterrag.registrate.AbstractRegistrate/REGISTRATE.REGISTER]: Captured registration for entry cut_ochrum_slab of type minecraft:item
[23Nov2025 22:02:03.000] [modloading-worker-0/DEBUG] [com.tterrag.registrate.AbstractRegistrate/REGISTRATE.REGISTER]: Captured registration for entry cut_ochrum_slab of type minecraft:block
[23Nov2025 22:02:03.000] [modloading-worker-0/DEBUG] [com.tterrag.registrate.AbstractRegistrate/REGISTRATE.REGISTER]: Captured registration for entry cut_ochrum_wall of type minecraft:item
[23Nov2025 22:02:03.000] [modloading-worker-0/DEBUG] [com.tterrag.registrate.AbstractRegistrate/REGISTRATE.REGISTER]: Captured registration for entry cut_ochrum_wall of type minecraft:block
[23Nov2025 22:02:03.000] [modloading-worker-0/DEBUG] [com.tterrag.registrate.AbstractRegistrate/REGISTRATE.REGISTER]: Captured registration for entry polished_cut_ochrum of type minecraft:item
[23Nov2025 22:02:03.000] [modloading-worker-0/DEBUG] [com.tterrag.registrate.AbstractRegistrate/REGISTRATE.REGISTER]: Captured registration for entry polished_cut_ochrum of type minecraft:block
[23Nov2025 22:02:03.000] [modloading-worker-0/DEBUG] [com.tterrag.registrate.AbstractRegistrate/REGISTRATE.REGISTER]: Captured registration for entry polished_cut_ochrum_stairs of type minecraft:item
[23Nov2025 22:02:03.000] [modloading-worker-0/DEBUG] [com.tterrag.registrate.AbstractRegistrate/REGISTRATE.REGISTER]: Captured registration for entry polished_cut_ochrum_stairs of type minecraft:block
[23Nov2025 22:02:03.000] [modloading-worker-0/DEBUG] [com.tterrag.registrate.AbstractRegistrate/REGISTRATE.REGISTER]: Captured registration for entry polished_cut_ochrum_slab of type minecraft:item
[23Nov2025 22:02:03.000] [modloading-worker-0/DEBUG] [com.tterrag.registrate.AbstractRegistrate/REGISTRATE.REGISTER]: Captured registration for entry polished_cut_ochrum_slab of type minecraft:block
[23Nov2025 22:02:03.000] [modloading-worker-0/DEBUG] [com.tterrag.registrate.AbstractRegistrate/REGISTRATE.REGISTER]: Captured registration for entry polished_cut_ochrum_wall of type minecraft:item
[23Nov2025 22:02:03.001] [modloading-worker-0/DEBUG] [com.tterrag.registrate.AbstractRegistrate/REGISTRATE.REGISTER]: Captured registration for entry polished_cut_ochrum_wall of type minecraft:block
[23Nov2025 22:02:03.001] [modloading-worker-0/DEBUG] [com.tterrag.registrate.AbstractRegistrate/REGISTRATE.REGISTER]: Captured registration for entry cut_ochrum_bricks of type minecraft:item
[23Nov2025 22:02:03.001] [modloading-worker-0/DEBUG] [com.tterrag.registrate.AbstractRegistrate/REGISTRATE.REGISTER]: Captured registration for entry cut_ochrum_bricks of type minecraft:block
[23Nov2025 22:02:03.001] [modloading-worker-0/DEBUG] [com.tterrag.registrate.AbstractRegistrate/REGISTRATE.REGISTER]: Captured registration for entry cut_ochrum_brick_stairs of type minecraft:item
[23Nov2025 22:02:03.001] [modloading-worker-0/DEBUG] [com.tterrag.registrate.AbstractRegistrate/REGISTRATE.REGISTER]: Captured registration for entry cut_ochrum_brick_stairs of type minecraft:block
[23Nov2025 22:02:03.001] [modloading-worker-0/DEBUG] [com.tterrag.registrate.AbstractRegistrate/REGISTRATE.REGISTER]: Captured registration for entry cut_ochrum_brick_slab of type minecraft:item
[23Nov2025 22:02:03.001] [modloading-worker-0/DEBUG] [com.tterrag.registrate.AbstractRegistrate/REGISTRATE.REGISTER]: Captured registration for entry cut_ochrum_brick_slab of type minecraft:block
[23Nov2025 22:02:03.001] [modloading-worker-0/DEBUG] [com.tterrag.registrate.AbstractRegistrate/REGISTRATE.REGISTER]: Captured registration for entry cut_ochrum_brick_wall of type minecraft:item
[23Nov2025 22:02:03.001] [modloading-worker-0/DEBUG] [com.tterrag.registrate.AbstractRegistrate/REGISTRATE.REGISTER]: Captured registration for entry cut_ochrum_brick_wall of type minecraft:block
[23Nov2025 22:02:03.002] [modloading-worker-0/DEBUG] [com.tterrag.registrate.AbstractRegistrate/REGISTRATE.REGISTER]: Captured registration for entry small_ochrum_bricks of type minecraft:item
[23Nov2025 22:02:03.002] [modloading-worker-0/DEBUG] [com.tterrag.registrate.AbstractRegistrate/REGISTRATE.REGISTER]: Captured registration for entry small_ochrum_bricks of type minecraft:block
[23Nov2025 22:02:03.002] [modloading-worker-0/DEBUG] [com.tterrag.registrate.AbstractRegistrate/REGISTRATE.REGISTER]: Captured registration for entry small_ochrum_brick_stairs of type minecraft:item
[23Nov2025 22:02:03.002] [modloading-worker-0/DEBUG] [com.tterrag.registrate.AbstractRegistrate/REGISTRATE.REGISTER]: Captured registration for entry small_ochrum_brick_stairs of type minecraft:block
[23Nov2025 22:02:03.002] [modloading-worker-0/DEBUG] [com.tterrag.registrate.AbstractRegistrate/REGISTRATE.REGISTER]: Captured registration for entry small_ochrum_brick_slab of type minecraft:item
[23Nov2025 22:02:03.002] [modloading-worker-0/DEBUG] [com.tterrag.registrate.AbstractRegistrate/REGISTRATE.REGISTER]: Captured registration for entry small_ochrum_brick_slab of type minecraft:block
[23Nov2025 22:02:03.002] [modloading-worker-0/DEBUG] [com.tterrag.registrate.AbstractRegistrate/REGISTRATE.REGISTER]: Captured registration for entry small_ochrum_brick_wall of type minecraft:item
[23Nov2025 22:02:03.003] [modloading-worker-0/DEBUG] [com.tterrag.registrate.AbstractRegistrate/REGISTRATE.REGISTER]: Captured registration for entry small_ochrum_brick_wall of type minecraft:block
[23Nov2025 22:02:03.003] [modloading-worker-0/DEBUG] [com.tterrag.registrate.AbstractRegistrate/REGISTRATE.REGISTER]: Captured registration for entry layered_ochrum of type minecraft:item
[23Nov2025 22:02:03.003] [modloading-worker-0/DEBUG] [com.tterrag.registrate.AbstractRegistrate/REGISTRATE.REGISTER]: Captured registration for entry layered_ochrum of type minecraft:block
[23Nov2025 22:02:03.003] [modloading-worker-0/DEBUG] [com.tterrag.registrate.AbstractRegistrate/REGISTRATE.REGISTER]: Captured registration for entry ochrum_pillar of type minecraft:item
[23Nov2025 22:02:03.003] [modloading-worker-0/DEBUG] [com.tterrag.registrate.AbstractRegistrate/REGISTRATE.REGISTER]: Captured registration for entry ochrum_pillar of type minecraft:block
[23Nov2025 22:02:03.003] [modloading-worker-0/DEBUG] [com.tterrag.registrate.AbstractRegistrate/REGISTRATE.REGISTER]: Captured registration for entry scoria of type minecraft:item
[23Nov2025 22:02:03.004] [modloading-worker-0/DEBUG] [com.tterrag.registrate.AbstractRegistrate/REGISTRATE.REGISTER]: Captured registration for entry scoria of type minecraft:block
[23Nov2025 22:02:03.004] [modloading-worker-0/DEBUG] [com.tterrag.registrate.AbstractRegistrate/REGISTRATE.REGISTER]: Captured registration for entry cut_scoria of type minecraft:item
[23Nov2025 22:02:03.004] [modloading-worker-0/DEBUG] [com.tterrag.registrate.AbstractRegistrate/REGISTRATE.REGISTER]: Captured registration for entry cut_scoria of type minecraft:block
[23Nov2025 22:02:03.004] [modloading-worker-0/DEBUG] [com.tterrag.registrate.AbstractRegistrate/REGISTRATE.REGISTER]: Captured registration for entry cut_scoria_stairs of type minecraft:item
[23Nov2025 22:02:03.004] [modloading-worker-0/DEBUG] [com.tterrag.registrate.AbstractRegistrate/REGISTRATE.REGISTER]: Captured registration for entry cut_scoria_stairs of type minecraft:block
[23Nov2025 22:02:03.004] [modloading-worker-0/DEBUG] [com.tterrag.registrate.AbstractRegistrate/REGISTRATE.REGISTER]: Captured registration for entry cut_scoria_slab of type minecraft:item
[23Nov2025 22:02:03.004] [modloading-worker-0/DEBUG] [com.tterrag.registrate.AbstractRegistrate/REGISTRATE.REGISTER]: Captured registration for entry cut_scoria_slab of type minecraft:block
[23Nov2025 22:02:03.004] [modloading-worker-0/DEBUG] [com.tterrag.registrate.AbstractRegistrate/REGISTRATE.REGISTER]: Captured registration for entry cut_scoria_wall of type minecraft:item
[23Nov2025 22:02:03.004] [modloading-worker-0/DEBUG] [com.tterrag.registrate.AbstractRegistrate/REGISTRATE.REGISTER]: Captured registration for entry cut_scoria_wall of type minecraft:block
[23Nov2025 22:02:03.005] [modloading-worker-0/DEBUG] [com.tterrag.registrate.AbstractRegistrate/REGISTRATE.REGISTER]: Captured registration for entry polished_cut_scoria of type minecraft:item
[23Nov2025 22:02:03.005] [modloading-worker-0/DEBUG] [com.tterrag.registrate.AbstractRegistrate/REGISTRATE.REGISTER]: Captured registration for entry polished_cut_scoria of type minecraft:block
[23Nov2025 22:02:03.005] [modloading-worker-0/DEBUG] [com.tterrag.registrate.AbstractRegistrate/REGISTRATE.REGISTER]: Captured registration for entry polished_cut_scoria_stairs of type minecraft:item
[23Nov2025 22:02:03.005] [modloading-worker-0/DEBUG] [com.tterrag.registrate.AbstractRegistrate/REGISTRATE.REGISTER]: Captured registration for entry polished_cut_scoria_stairs of type minecraft:block
[23Nov2025 22:02:03.005] [modloading-worker-0/DEBUG] [com.tterrag.registrate.AbstractRegistrate/REGISTRATE.REGISTER]: Captured registration for entry polished_cut_scoria_slab of type minecraft:item
[23Nov2025 22:02:03.005] [modloading-worker-0/DEBUG] [com.tterrag.registrate.AbstractRegistrate/REGISTRATE.REGISTER]: Captured registration for entry polished_cut_scoria_slab of type minecraft:block
[23Nov2025 22:02:03.005] [modloading-worker-0/DEBUG] [com.tterrag.registrate.AbstractRegistrate/REGISTRATE.REGISTER]: Captured registration for entry polished_cut_scoria_wall of type minecraft:item
[23Nov2025 22:02:03.005] [modloading-worker-0/DEBUG] [com.tterrag.registrate.AbstractRegistrate/REGISTRATE.REGISTER]: Captured registration for entry polished_cut_scoria_wall of type minecraft:block
[23Nov2025 22:02:03.006] [modloading-worker-0/DEBUG] [com.tterrag.registrate.AbstractRegistrate/REGISTRATE.REGISTER]: Captured registration for entry cut_scoria_bricks of type minecraft:item
[23Nov2025 22:02:03.006] [modloading-worker-0/DEBUG] [com.tterrag.registrate.AbstractRegistrate/REGISTRATE.REGISTER]: Captured registration for entry cut_scoria_bricks of type minecraft:block
[23Nov2025 22:02:03.006] [modloading-worker-0/DEBUG] [com.tterrag.registrate.AbstractRegistrate/REGISTRATE.REGISTER]: Captured registration for entry cut_scoria_brick_stairs of type minecraft:item
[23Nov2025 22:02:03.006] [modloading-worker-0/DEBUG] [com.tterrag.registrate.AbstractRegistrate/REGISTRATE.REGISTER]: Captured registration for entry cut_scoria_brick_stairs of type minecraft:block
[23Nov2025 22:02:03.006] [modloading-worker-0/DEBUG] [com.tterrag.registrate.AbstractRegistrate/REGISTRATE.REGISTER]: Captured registration for entry cut_scoria_brick_slab of type minecraft:item
[23Nov2025 22:02:03.006] [modloading-worker-0/DEBUG] [com.tterrag.registrate.AbstractRegistrate/REGISTRATE.REGISTER]: Captured registration for entry cut_scoria_brick_slab of type minecraft:block
[23Nov2025 22:02:03.007] [modloading-worker-0/DEBUG] [com.tterrag.registrate.AbstractRegistrate/REGISTRATE.REGISTER]: Captured registration for entry cut_scoria_brick_wall of type minecraft:item
[23Nov2025 22:02:03.007] [modloading-worker-0/DEBUG] [com.tterrag.registrate.AbstractRegistrate/REGISTRATE.REGISTER]: Captured registration for entry cut_scoria_brick_wall of type minecraft:block
[23Nov2025 22:02:03.007] [modloading-worker-0/DEBUG] [com.tterrag.registrate.AbstractRegistrate/REGISTRATE.REGISTER]: Captured registration for entry small_scoria_bricks of type minecraft:item
[23Nov2025 22:02:03.007] [modloading-worker-0/DEBUG] [com.tterrag.registrate.AbstractRegistrate/REGISTRATE.REGISTER]: Captured registration for entry small_scoria_bricks of type minecraft:block
[23Nov2025 22:02:03.007] [modloading-worker-0/DEBUG] [com.tterrag.registrate.AbstractRegistrate/REGISTRATE.REGISTER]: Captured registration for entry small_scoria_brick_stairs of type minecraft:item
[23Nov2025 22:02:03.007] [modloading-worker-0/DEBUG] [com.tterrag.registrate.AbstractRegistrate/REGISTRATE.REGISTER]: Captured registration for entry small_scoria_brick_stairs of type minecraft:block
[23Nov2025 22:02:03.007] [modloading-worker-0/DEBUG] [com.tterrag.registrate.AbstractRegistrate/REGISTRATE.REGISTER]: Captured registration for entry small_scoria_brick_slab of type minecraft:item
[23Nov2025 22:02:03.008] [modloading-worker-0/DEBUG] [com.tterrag.registrate.AbstractRegistrate/REGISTRATE.REGISTER]: Captured registration for entry small_scoria_brick_slab of type minecraft:block
[23Nov2025 22:02:03.008] [modloading-worker-0/DEBUG] [com.tterrag.registrate.AbstractRegistrate/REGISTRATE.REGISTER]: Captured registration for entry small_scoria_brick_wall of type minecraft:item
[23Nov2025 22:02:03.008] [modloading-worker-0/DEBUG] [com.tterrag.registrate.AbstractRegistrate/REGISTRATE.REGISTER]: Captured registration for entry small_scoria_brick_wall of type minecraft:block
[23Nov2025 22:02:03.008] [modloading-worker-0/DEBUG] [com.tterrag.registrate.AbstractRegistrate/REGISTRATE.REGISTER]: Captured registration for entry layered_scoria of type minecraft:item
[23Nov2025 22:02:03.008] [modloading-worker-0/DEBUG] [com.tterrag.registrate.AbstractRegistrate/REGISTRATE.REGISTER]: Captured registration for entry layered_scoria of type minecraft:block
[23Nov2025 22:02:03.008] [modloading-worker-0/DEBUG] [com.tterrag.registrate.AbstractRegistrate/REGISTRATE.REGISTER]: Captured registration for entry scoria_pillar of type minecraft:item
[23Nov2025 22:02:03.008] [modloading-worker-0/DEBUG] [com.tterrag.registrate.AbstractRegistrate/REGISTRATE.REGISTER]: Captured registration for entry scoria_pillar of type minecraft:block
[23Nov2025 22:02:03.008] [modloading-worker-0/DEBUG] [com.tterrag.registrate.AbstractRegistrate/REGISTRATE.REGISTER]: Captured registration for entry scorchia of type minecraft:item
[23Nov2025 22:02:03.009] [modloading-worker-0/DEBUG] [com.tterrag.registrate.AbstractRegistrate/REGISTRATE.REGISTER]: Captured registration for entry scorchia of type minecraft:block
[23Nov2025 22:02:03.009] [modloading-worker-0/DEBUG] [com.tterrag.registrate.AbstractRegistrate/REGISTRATE.REGISTER]: Captured registration for entry cut_scorchia of type minecraft:item
[23Nov2025 22:02:03.009] [modloading-worker-0/DEBUG] [com.tterrag.registrate.AbstractRegistrate/REGISTRATE.REGISTER]: Captured registration for entry cut_scorchia of type minecraft:block
[23Nov2025 22:02:03.009] [modloading-worker-0/DEBUG] [com.tterrag.registrate.AbstractRegistrate/REGISTRATE.REGISTER]: Captured registration for entry cut_scorchia_stairs of type minecraft:item
[23Nov2025 22:02:03.009] [modloading-worker-0/DEBUG] [com.tterrag.registrate.AbstractRegistrate/REGISTRATE.REGISTER]: Captured registration for entry cut_scorchia_stairs of type minecraft:block
[23Nov2025 22:02:03.009] [modloading-worker-0/DEBUG] [com.tterrag.registrate.AbstractRegistrate/REGISTRATE.REGISTER]: Captured registration for entry cut_scorchia_slab of type minecraft:item
[23Nov2025 22:02:03.009] [modloading-worker-0/DEBUG] [com.tterrag.registrate.AbstractRegistrate/REGISTRATE.REGISTER]: Captured registration for entry cut_scorchia_slab of type minecraft:block
[23Nov2025 22:02:03.009] [modloading-worker-0/DEBUG] [com.tterrag.registrate.AbstractRegistrate/REGISTRATE.REGISTER]: Captured registration for entry cut_scorchia_wall of type minecraft:item
[23Nov2025 22:02:03.009] [modloading-worker-0/DEBUG] [com.tterrag.registrate.AbstractRegistrate/REGISTRATE.REGISTER]: Captured registration for entry cut_scorchia_wall of type minecraft:block
[23Nov2025 22:02:03.010] [modloading-worker-0/DEBUG] [com.tterrag.registrate.AbstractRegistrate/REGISTRATE.REGISTER]: Captured registration for entry polished_cut_scorchia of type minecraft:item
[23Nov2025 22:02:03.010] [modloading-worker-0/DEBUG] [com.tterrag.registrate.AbstractRegistrate/REGISTRATE.REGISTER]: Captured registration for entry polished_cut_scorchia of type minecraft:block
[23Nov2025 22:02:03.010] [modloading-worker-0/DEBUG] [com.tterrag.registrate.AbstractRegistrate/REGISTRATE.REGISTER]: Captured registration for entry polished_cut_scorchia_stairs of type minecraft:item
[23Nov2025 22:02:03.010] [modloading-worker-0/DEBUG] [com.tterrag.registrate.AbstractRegistrate/REGISTRATE.REGISTER]: Captured registration for entry polished_cut_scorchia_stairs of type minecraft:block
[23Nov2025 22:02:03.010] [modloading-worker-0/DEBUG] [com.tterrag.registrate.AbstractRegistrate/REGISTRATE.REGISTER]: Captured registration for entry polished_cut_scorchia_slab of type minecraft:item
[23Nov2025 22:02:03.010] [modloading-worker-0/DEBUG] [com.tterrag.registrate.AbstractRegistrate/REGISTRATE.REGISTER]: Captured registration for entry polished_cut_scorchia_slab of type minecraft:block
[23Nov2025 22:02:03.010] [modloading-worker-0/DEBUG] [com.tterrag.registrate.AbstractRegistrate/REGISTRATE.REGISTER]: Captured registration for entry polished_cut_scorchia_wall of type minecraft:item
[23Nov2025 22:02:03.010] [modloading-worker-0/DEBUG] [com.tterrag.registrate.AbstractRegistrate/REGISTRATE.REGISTER]: Captured registration for entry polished_cut_scorchia_wall of type minecraft:block
[23Nov2025 22:02:03.010] [modloading-worker-0/DEBUG] [com.tterrag.registrate.AbstractRegistrate/REGISTRATE.REGISTER]: Captured registration for entry cut_scorchia_bricks of type minecraft:item
[23Nov2025 22:02:03.010] [modloading-worker-0/DEBUG] [com.tterrag.registrate.AbstractRegistrate/REGISTRATE.REGISTER]: Captured registration for entry cut_scorchia_bricks of type minecraft:block
[23Nov2025 22:02:03.011] [modloading-worker-0/DEBUG] [com.tterrag.registrate.AbstractRegistrate/REGISTRATE.REGISTER]: Captured registration for entry cut_scorchia_brick_stairs of type minecraft:item
[23Nov2025 22:02:03.011] [modloading-worker-0/DEBUG] [com.tterrag.registrate.AbstractRegistrate/REGISTRATE.REGISTER]: Captured registration for entry cut_scorchia_brick_stairs of type minecraft:block
[23Nov2025 22:02:03.011] [modloading-worker-0/DEBUG] [com.tterrag.registrate.AbstractRegistrate/REGISTRATE.REGISTER]: Captured registration for entry cut_scorchia_brick_slab of type minecraft:item
[23Nov2025 22:02:03.011] [modloading-worker-0/DEBUG] [com.tterrag.registrate.AbstractRegistrate/REGISTRATE.REGISTER]: Captured registration for entry cut_scorchia_brick_slab of type minecraft:block
[23Nov2025 22:02:03.011] [modloading-worker-0/DEBUG] [com.tterrag.registrate.AbstractRegistrate/REGISTRATE.REGISTER]: Captured registration for entry cut_scorchia_brick_wall of type minecraft:item
[23Nov2025 22:02:03.012] [modloading-worker-0/DEBUG] [com.tterrag.registrate.AbstractRegistrate/REGISTRATE.REGISTER]: Captured registration for entry cut_scorchia_brick_wall of type minecraft:block
[23Nov2025 22:02:03.012] [modloading-worker-0/DEBUG] [com.tterrag.registrate.AbstractRegistrate/REGISTRATE.REGISTER]: Captured registration for entry small_scorchia_bricks of type minecraft:item
[23Nov2025 22:02:03.012] [modloading-worker-0/DEBUG] [com.tterrag.registrate.AbstractRegistrate/REGISTRATE.REGISTER]: Captured registration for entry small_scorchia_bricks of type minecraft:block
[23Nov2025 22:02:03.012] [modloading-worker-0/DEBUG] [com.tterrag.registrate.AbstractRegistrate/REGISTRATE.REGISTER]: Captured registration for entry small_scorchia_brick_stairs of type minecraft:item
[23Nov2025 22:02:03.012] [modloading-worker-0/DEBUG] [com.tterrag.registrate.AbstractRegistrate/REGISTRATE.REGISTER]: Captured registration for entry small_scorchia_brick_stairs of type minecraft:block
[23Nov2025 22:02:03.012] [modloading-worker-0/DEBUG] [com.tterrag.registrate.AbstractRegistrate/REGISTRATE.REGISTER]: Captured registration for entry small_scorchia_brick_slab of type minecraft:item
[23Nov2025 22:02:03.013] [modloading-worker-0/DEBUG] [com.tterrag.registrate.AbstractRegistrate/REGISTRATE.REGISTER]: Captured registration for entry small_scorchia_brick_slab of type minecraft:block
[23Nov2025 22:02:03.013] [modloading-worker-0/DEBUG] [com.tterrag.registrate.AbstractRegistrate/REGISTRATE.REGISTER]: Captured registration for entry small_scorchia_brick_wall of type minecraft:item
[23Nov2025 22:02:03.013] [modloading-worker-0/DEBUG] [com.tterrag.registrate.AbstractRegistrate/REGISTRATE.REGISTER]: Captured registration for entry small_scorchia_brick_wall of type minecraft:block
[23Nov2025 22:02:03.013] [modloading-worker-0/DEBUG] [com.tterrag.registrate.AbstractRegistrate/REGISTRATE.REGISTER]: Captured registration for entry layered_scorchia of type minecraft:item
[23Nov2025 22:02:03.013] [modloading-worker-0/DEBUG] [com.tterrag.registrate.AbstractRegistrate/REGISTRATE.REGISTER]: Captured registration for entry layered_scorchia of type minecraft:block
[23Nov2025 22:02:03.013] [modloading-worker-0/DEBUG] [com.tterrag.registrate.AbstractRegistrate/REGISTRATE.REGISTER]: Captured registration for entry scorchia_pillar of type minecraft:item
[23Nov2025 22:02:03.013] [modloading-worker-0/DEBUG] [com.tterrag.registrate.AbstractRegistrate/REGISTRATE.REGISTER]: Captured registration for entry scorchia_pillar of type minecraft:block
[23Nov2025 22:02:03.013] [modloading-worker-0/DEBUG] [com.tterrag.registrate.AbstractRegistrate/REGISTRATE.REGISTER]: Captured registration for entry veridium of type minecraft:item
[23Nov2025 22:02:03.014] [modloading-worker-0/DEBUG] [com.tterrag.registrate.AbstractRegistrate/REGISTRATE.REGISTER]: Captured registration for entry veridium of type minecraft:block
[23Nov2025 22:02:03.014] [modloading-worker-0/DEBUG] [com.tterrag.registrate.AbstractRegistrate/REGISTRATE.REGISTER]: Captured registration for entry cut_veridium of type minecraft:item
[23Nov2025 22:02:03.014] [modloading-worker-0/DEBUG] [com.tterrag.registrate.AbstractRegistrate/REGISTRATE.REGISTER]: Captured registration for entry cut_veridium of type minecraft:block
[23Nov2025 22:02:03.014] [modloading-worker-0/DEBUG] [com.tterrag.registrate.AbstractRegistrate/REGISTRATE.REGISTER]: Captured registration for entry cut_veridium_stairs of type minecraft:item
[23Nov2025 22:02:03.014] [modloading-worker-0/DEBUG] [com.tterrag.registrate.AbstractRegistrate/REGISTRATE.REGISTER]: Captured registration for entry cut_veridium_stairs of type minecraft:block
[23Nov2025 22:02:03.014] [modloading-worker-0/DEBUG] [com.tterrag.registrate.AbstractRegistrate/REGISTRATE.REGISTER]: Captured registration for entry cut_veridium_slab of type minecraft:item
[23Nov2025 22:02:03.014] [modloading-worker-0/DEBUG] [com.tterrag.registrate.AbstractRegistrate/REGISTRATE.REGISTER]: Captured registration for entry cut_veridium_slab of type minecraft:block
[23Nov2025 22:02:03.014] [modloading-worker-0/DEBUG] [com.tterrag.registrate.AbstractRegistrate/REGISTRATE.REGISTER]: Captured registration for entry cut_veridium_wall of type minecraft:item
[23Nov2025 22:02:03.014] [modloading-worker-0/DEBUG] [com.tterrag.registrate.AbstractRegistrate/REGISTRATE.REGISTER]: Captured registration for entry cut_veridium_wall of type minecraft:block
[23Nov2025 22:02:03.014] [modloading-worker-0/DEBUG] [com.tterrag.registrate.AbstractRegistrate/REGISTRATE.REGISTER]: Captured registration for entry polished_cut_veridium of type minecraft:item
[23Nov2025 22:02:03.015] [modloading-worker-0/DEBUG] [com.tterrag.registrate.AbstractRegistrate/REGISTRATE.REGISTER]: Captured registration for entry polished_cut_veridium of type minecraft:block
[23Nov2025 22:02:03.015] [modloading-worker-0/DEBUG] [com.tterrag.registrate.AbstractRegistrate/REGISTRATE.REGISTER]: Captured registration for entry polished_cut_veridium_stairs of type minecraft:item
[23Nov2025 22:02:03.015] [modloading-worker-0/DEBUG] [com.tterrag.registrate.AbstractRegistrate/REGISTRATE.REGISTER]: Captured registration for entry polished_cut_veridium_stairs of type minecraft:block
[23Nov2025 22:02:03.015] [modloading-worker-0/DEBUG] [com.tterrag.registrate.AbstractRegistrate/REGISTRATE.REGISTER]: Captured registration for entry polished_cut_veridium_slab of type minecraft:item
[23Nov2025 22:02:03.015] [modloading-worker-0/DEBUG] [com.tterrag.registrate.AbstractRegistrate/REGISTRATE.REGISTER]: Captured registration for entry polished_cut_veridium_slab of type minecraft:block
[23Nov2025 22:02:03.015] [modloading-worker-0/DEBUG] [com.tterrag.registrate.AbstractRegistrate/REGISTRATE.REGISTER]: Captured registration for entry polished_cut_veridium_wall of type minecraft:item
[23Nov2025 22:02:03.015] [modloading-worker-0/DEBUG] [com.tterrag.registrate.AbstractRegistrate/REGISTRATE.REGISTER]: Captured registration for entry polished_cut_veridium_wall of type minecraft:block
[23Nov2025 22:02:03.015] [modloading-worker-0/DEBUG] [com.tterrag.registrate.AbstractRegistrate/REGISTRATE.REGISTER]: Captured registration for entry cut_veridium_bricks of type minecraft:item
[23Nov2025 22:02:03.015] [modloading-worker-0/DEBUG] [com.tterrag.registrate.AbstractRegistrate/REGISTRATE.REGISTER]: Captured registration for entry cut_veridium_bricks of type minecraft:block
[23Nov2025 22:02:03.016] [modloading-worker-0/DEBUG] [com.tterrag.registrate.AbstractRegistrate/REGISTRATE.REGISTER]: Captured registration for entry cut_veridium_brick_stairs of type minecraft:item
[23Nov2025 22:02:03.016] [modloading-worker-0/DEBUG] [com.tterrag.registrate.AbstractRegistrate/REGISTRATE.REGISTER]: Captured registration for entry cut_veridium_brick_stairs of type minecraft:block
[23Nov2025 22:02:03.016] [modloading-worker-0/DEBUG] [com.tterrag.registrate.AbstractRegistrate/REGISTRATE.REGISTER]: Captured registration for entry cut_veridium_brick_slab of type minecraft:item
[23Nov2025 22:02:03.016] [modloading-worker-0/DEBUG] [com.tterrag.registrate.AbstractRegistrate/REGISTRATE.REGISTER]: Captured registration for entry cut_veridium_brick_slab of type minecraft:block
[23Nov2025 22:02:03.016] [modloading-worker-0/DEBUG] [com.tterrag.registrate.AbstractRegistrate/REGISTRATE.REGISTER]: Captured registration for entry cut_veridium_brick_wall of type minecraft:item
[23Nov2025 22:02:03.016] [modloading-worker-0/DEBUG] [com.tterrag.registrate.AbstractRegistrate/REGISTRATE.REGISTER]: Captured registration for entry cut_veridium_brick_wall of type minecraft:block
[23Nov2025 22:02:03.016] [modloading-worker-0/DEBUG] [com.tterrag.registrate.AbstractRegistrate/REGISTRATE.REGISTER]: Captured registration for entry small_veridium_bricks of type minecraft:item
[23Nov2025 22:02:03.016] [modloading-worker-0/DEBUG] [com.tterrag.registrate.AbstractRegistrate/REGISTRATE.REGISTER]: Captured registration for entry small_veridium_bricks of type minecraft:block
[23Nov2025 22:02:03.016] [modloading-worker-0/DEBUG] [com.tterrag.registrate.AbstractRegistrate/REGISTRATE.REGISTER]: Captured registration for entry small_veridium_brick_stairs of type minecraft:item
[23Nov2025 22:02:03.017] [modloading-worker-0/DEBUG] [com.tterrag.registrate.AbstractRegistrate/REGISTRATE.REGISTER]: Captured registration for entry small_veridium_brick_stairs of type minecraft:block
[23Nov2025 22:02:03.017] [modloading-worker-0/DEBUG] [com.tterrag.registrate.AbstractRegistrate/REGISTRATE.REGISTER]: Captured registration for entry small_veridium_brick_slab of type minecraft:item
[23Nov2025 22:02:03.017] [modloading-worker-0/DEBUG] [com.tterrag.registrate.AbstractRegistrate/REGISTRATE.REGISTER]: Captured registration for entry small_veridium_brick_slab of type minecraft:block
[23Nov2025 22:02:03.017] [modloading-worker-0/DEBUG] [com.tterrag.registrate.AbstractRegistrate/REGISTRATE.REGISTER]: Captured registration for entry small_veridium_brick_wall of type minecraft:item
[23Nov2025 22:02:03.017] [modloading-worker-0/DEBUG] [com.tterrag.registrate.AbstractRegistrate/REGISTRATE.REGISTER]: Captured registration for entry small_veridium_brick_wall of type minecraft:block
[23Nov2025 22:02:03.017] [modloading-worker-0/DEBUG] [com.tterrag.registrate.AbstractRegistrate/REGISTRATE.REGISTER]: Captured registration for entry layered_veridium of type minecraft:item
[23Nov2025 22:02:03.017] [modloading-worker-0/DEBUG] [com.tterrag.registrate.AbstractRegistrate/REGISTRATE.REGISTER]: Captured registration for entry layered_veridium of type minecraft:block
[23Nov2025 22:02:03.017] [modloading-worker-0/DEBUG] [com.tterrag.registrate.AbstractRegistrate/REGISTRATE.REGISTER]: Captured registration for entry veridium_pillar of type minecraft:item
[23Nov2025 22:02:03.017] [modloading-worker-0/DEBUG] [com.tterrag.registrate.AbstractRegistrate/REGISTRATE.REGISTER]: Captured registration for entry veridium_pillar of type minecraft:block
[23Nov2025 22:02:03.023] [modloading-worker-0/DEBUG] [com.tterrag.registrate.AbstractRegistrate/REGISTRATE.REGISTER]: Captured registration for entry schematic_table of type minecraft:menu
[23Nov2025 22:02:03.025] [modloading-worker-0/DEBUG] [com.tterrag.registrate.AbstractRegistrate/REGISTRATE.REGISTER]: Captured registration for entry schematicannon of type minecraft:menu
[23Nov2025 22:02:03.027] [modloading-worker-0/DEBUG] [com.tterrag.registrate.AbstractRegistrate/REGISTRATE.REGISTER]: Captured registration for entry filter of type minecraft:menu
[23Nov2025 22:02:03.029] [modloading-worker-0/DEBUG] [com.tterrag.registrate.AbstractRegistrate/REGISTRATE.REGISTER]: Captured registration for entry attribute_filter of type minecraft:menu
[23Nov2025 22:02:03.030] [modloading-worker-0/DEBUG] [com.tterrag.registrate.AbstractRegistrate/REGISTRATE.REGISTER]: Captured registration for entry package_filter of type minecraft:menu
[23Nov2025 22:02:03.031] [modloading-worker-0/DEBUG] [com.tterrag.registrate.AbstractRegistrate/REGISTRATE.REGISTER]: Captured registration for entry crafting_blueprint of type minecraft:menu
[23Nov2025 22:02:03.032] [modloading-worker-0/DEBUG] [com.tterrag.registrate.AbstractRegistrate/REGISTRATE.REGISTER]: Captured registration for entry linked_controller of type minecraft:menu
[23Nov2025 22:02:03.034] [modloading-worker-0/DEBUG] [com.tterrag.registrate.AbstractRegistrate/REGISTRATE.REGISTER]: Captured registration for entry toolbox of type minecraft:menu
[23Nov2025 22:02:03.035] [modloading-worker-0/DEBUG] [com.tterrag.registrate.AbstractRegistrate/REGISTRATE.REGISTER]: Captured registration for entry schedule of type minecraft:menu
[23Nov2025 22:02:03.037] [modloading-worker-0/DEBUG] [com.tterrag.registrate.AbstractRegistrate/REGISTRATE.REGISTER]: Captured registration for entry stock_keeper_category of type minecraft:menu
[23Nov2025 22:02:03.038] [modloading-worker-0/DEBUG] [com.tterrag.registrate.AbstractRegistrate/REGISTRATE.REGISTER]: Captured registration for entry stock_keeper_request of type minecraft:menu
[23Nov2025 22:02:03.040] [modloading-worker-0/DEBUG] [com.tterrag.registrate.AbstractRegistrate/REGISTRATE.REGISTER]: Captured registration for entry package_port of type minecraft:menu
[23Nov2025 22:02:03.042] [modloading-worker-0/DEBUG] [com.tterrag.registrate.AbstractRegistrate/REGISTRATE.REGISTER]: Captured registration for entry redstone_requester of type minecraft:menu
[23Nov2025 22:02:03.043] [modloading-worker-0/DEBUG] [com.tterrag.registrate.AbstractRegistrate/REGISTRATE.REGISTER]: Captured registration for entry factory_panel_set_item of type minecraft:menu
[23Nov2025 22:02:03.050] [modloading-worker-0/DEBUG] [com.tterrag.registrate.AbstractRegistrate/REGISTRATE.REGISTER]: Captured registration for entry contraption of type minecraft:entity_type
[23Nov2025 22:02:03.052] [modloading-worker-0/DEBUG] [com.tterrag.registrate.AbstractRegistrate/REGISTRATE.REGISTER]: Captured registration for entry stationary_contraption of type minecraft:entity_type
[23Nov2025 22:02:03.054] [modloading-worker-0/DEBUG] [com.tterrag.registrate.AbstractRegistrate/REGISTRATE.REGISTER]: Captured registration for entry gantry_contraption of type minecraft:entity_type
[23Nov2025 22:02:03.061] [modloading-worker-0/DEBUG] [com.tterrag.registrate.AbstractRegistrate/REGISTRATE.REGISTER]: Captured registration for entry carriage_contraption of type minecraft:entity_type
[23Nov2025 22:02:03.063] [modloading-worker-0/DEBUG] [com.tterrag.registrate.AbstractRegistrate/REGISTRATE.REGISTER]: Captured registration for entry super_glue of type minecraft:entity_type
[23Nov2025 22:02:03.064] [modloading-worker-0/DEBUG] [com.tterrag.registrate.AbstractRegistrate/REGISTRATE.REGISTER]: Captured registration for entry crafting_blueprint of type minecraft:entity_type
[23Nov2025 22:02:03.066] [modloading-worker-0/DEBUG] [com.tterrag.registrate.AbstractRegistrate/REGISTRATE.REGISTER]: Captured registration for entry potato_projectile of type minecraft:entity_type
[23Nov2025 22:02:03.067] [modloading-worker-0/DEBUG] [com.tterrag.registrate.AbstractRegistrate/REGISTRATE.REGISTER]: Captured registration for entry seat of type minecraft:entity_type
[23Nov2025 22:02:03.069] [modloading-worker-0/DEBUG] [com.tterrag.registrate.AbstractRegistrate/REGISTRATE.REGISTER]: Captured registration for entry package of type minecraft:entity_type
[23Nov2025 22:02:03.079] [modloading-worker-0/DEBUG] [com.tterrag.registrate.AbstractRegistrate/REGISTRATE.REGISTER]: Captured registration for entry schematicannon of type minecraft:block_entity_type
[23Nov2025 22:02:03.080] [modloading-worker-0/DEBUG] [com.tterrag.registrate.AbstractRegistrate/REGISTRATE.REGISTER]: Captured registration for entry schematic_table of type minecraft:block_entity_type
[23Nov2025 22:02:03.082] [modloading-worker-0/DEBUG] [com.tterrag.registrate.AbstractRegistrate/REGISTRATE.REGISTER]: Captured registration for entry simple_kinetic of type minecraft:block_entity_type
[23Nov2025 22:02:03.087] [modloading-worker-0/DEBUG] [com.tterrag.registrate.AbstractRegistrate/REGISTRATE.REGISTER]: Captured registration for entry motor of type minecraft:block_entity_type
[23Nov2025 22:02:03.088] [modloading-worker-0/DEBUG] [com.tterrag.registrate.AbstractRegistrate/REGISTRATE.REGISTER]: Captured registration for entry gearbox of type minecraft:block_entity_type
[23Nov2025 22:02:03.089] [modloading-worker-0/DEBUG] [com.tterrag.registrate.AbstractRegistrate/REGISTRATE.REGISTER]: Captured registration for entry encased_shaft of type minecraft:block_entity_type
[23Nov2025 22:02:03.090] [modloading-worker-0/DEBUG] [com.tterrag.registrate.AbstractRegistrate/REGISTRATE.REGISTER]: Captured registration for entry encased_cogwheel of type minecraft:block_entity_type
[23Nov2025 22:02:03.090] [modloading-worker-0/DEBUG] [com.tterrag.registrate.AbstractRegistrate/REGISTRATE.REGISTER]: Captured registration for entry encased_large_cogwheel of type minecraft:block_entity_type
[23Nov2025 22:02:03.091] [modloading-worker-0/DEBUG] [com.tterrag.registrate.AbstractRegistrate/REGISTRATE.REGISTER]: Captured registration for entry adjustable_chain_gearshift of type minecraft:block_entity_type
[23Nov2025 22:02:03.093] [modloading-worker-0/DEBUG] [com.tterrag.registrate.AbstractRegistrate/REGISTRATE.REGISTER]: Captured registration for entry encased_fan of type minecraft:block_entity_type
[23Nov2025 22:02:03.094] [modloading-worker-0/DEBUG] [com.tterrag.registrate.AbstractRegistrate/REGISTRATE.REGISTER]: Captured registration for entry nozzle of type minecraft:block_entity_type
[23Nov2025 22:02:03.095] [modloading-worker-0/DEBUG] [com.tterrag.registrate.AbstractRegistrate/REGISTRATE.REGISTER]: Captured registration for entry clutch of type minecraft:block_entity_type
[23Nov2025 22:02:03.096] [modloading-worker-0/DEBUG] [com.tterrag.registrate.AbstractRegistrate/REGISTRATE.REGISTER]: Captured registration for entry gearshift of type minecraft:block_entity_type
[23Nov2025 22:02:03.097] [modloading-worker-0/DEBUG] [com.tterrag.registrate.AbstractRegistrate/REGISTRATE.REGISTER]: Captured registration for entry turntable of type minecraft:block_entity_type
[23Nov2025 22:02:03.098] [modloading-worker-0/DEBUG] [com.tterrag.registrate.AbstractRegistrate/REGISTRATE.REGISTER]: Captured registration for entry hand_crank of type minecraft:block_entity_type
[23Nov2025 22:02:03.100] [modloading-worker-0/DEBUG] [com.tterrag.registrate.AbstractRegistrate/REGISTRATE.REGISTER]: Captured registration for entry valve_handle of type minecraft:block_entity_type
[23Nov2025 22:02:03.102] [modloading-worker-0/DEBUG] [com.tterrag.registrate.AbstractRegistrate/REGISTRATE.REGISTER]: Captured registration for entry cuckoo_clock of type minecraft:block_entity_type
[23Nov2025 22:02:03.104] [modloading-worker-0/DEBUG] [com.tterrag.registrate.AbstractRegistrate/REGISTRATE.REGISTER]: Captured registration for entry gantry_shaft of type minecraft:block_entity_type
[23Nov2025 22:02:03.108] [modloading-worker-0/DEBUG] [com.tterrag.registrate.AbstractRegistrate/REGISTRATE.REGISTER]: Captured registration for entry gantry_pinion of type minecraft:block_entity_type
[23Nov2025 22:02:03.110] [modloading-worker-0/DEBUG] [com.tterrag.registrate.AbstractRegistrate/REGISTRATE.REGISTER]: Captured registration for entry chain_conveyor of type minecraft:block_entity_type
[23Nov2025 22:02:03.113] [modloading-worker-0/DEBUG] [com.tterrag.registrate.AbstractRegistrate/REGISTRATE.REGISTER]: Captured registration for entry mechanical_pump of type minecraft:block_entity_type
[23Nov2025 22:02:03.114] [modloading-worker-0/DEBUG] [com.tterrag.registrate.AbstractRegistrate/REGISTRATE.REGISTER]: Captured registration for entry smart_fluid_pipe of type minecraft:block_entity_type
[23Nov2025 22:02:03.115] [modloading-worker-0/DEBUG] [com.tterrag.registrate.AbstractRegistrate/REGISTRATE.REGISTER]: Captured registration for entry fluid_pipe of type minecraft:block_entity_type
[23Nov2025 22:02:03.115] [modloading-worker-0/DEBUG] [com.tterrag.registrate.AbstractRegistrate/REGISTRATE.REGISTER]: Captured registration for entry encased_fluid_pipe of type minecraft:block_entity_type
[23Nov2025 22:02:03.117] [modloading-worker-0/DEBUG] [com.tterrag.registrate.AbstractRegistrate/REGISTRATE.REGISTER]: Captured registration for entry glass_fluid_pipe of type minecraft:block_entity_type
[23Nov2025 22:02:03.118] [modloading-worker-0/DEBUG] [com.tterrag.registrate.AbstractRegistrate/REGISTRATE.REGISTER]: Captured registration for entry fluid_valve of type minecraft:block_entity_type
[23Nov2025 22:02:03.121] [modloading-worker-0/DEBUG] [com.tterrag.registrate.AbstractRegistrate/REGISTRATE.REGISTER]: Captured registration for entry fluid_tank of type minecraft:block_entity_type
[23Nov2025 22:02:03.122] [modloading-worker-0/DEBUG] [com.tterrag.registrate.AbstractRegistrate/REGISTRATE.REGISTER]: Captured registration for entry creative_fluid_tank of type minecraft:block_entity_type
[23Nov2025 22:02:03.124] [modloading-worker-0/DEBUG] [com.tterrag.registrate.AbstractRegistrate/REGISTRATE.REGISTER]: Captured registration for entry hose_pulley of type minecraft:block_entity_type
[23Nov2025 22:02:03.125] [modloading-worker-0/DEBUG] [com.tterrag.registrate.AbstractRegistrate/REGISTRATE.REGISTER]: Captured registration for entry spout of type minecraft:block_entity_type
[23Nov2025 22:02:03.126] [modloading-worker-0/DEBUG] [com.tterrag.registrate.AbstractRegistrate/REGISTRATE.REGISTER]: Captured registration for entry item_drain of type minecraft:block_entity_type
[23Nov2025 22:02:03.128] [modloading-worker-0/DEBUG] [com.tterrag.registrate.AbstractRegistrate/REGISTRATE.REGISTER]: Captured registration for entry belt of type minecraft:block_entity_type
[23Nov2025 22:02:03.131] [modloading-worker-0/DEBUG] [com.tterrag.registrate.AbstractRegistrate/REGISTRATE.REGISTER]: Captured registration for entry chute of type minecraft:block_entity_type
[23Nov2025 22:02:03.132] [modloading-worker-0/DEBUG] [com.tterrag.registrate.AbstractRegistrate/REGISTRATE.REGISTER]: Captured registration for entry smart_chute of type minecraft:block_entity_type
[23Nov2025 22:02:03.133] [modloading-worker-0/DEBUG] [com.tterrag.registrate.AbstractRegistrate/REGISTRATE.REGISTER]: Captured registration for entry andesite_tunnel of type minecraft:block_entity_type
[23Nov2025 22:02:03.138] [modloading-worker-0/DEBUG] [com.tterrag.registrate.AbstractRegistrate/REGISTRATE.REGISTER]: Captured registration for entry brass_tunnel of type minecraft:block_entity_type
[23Nov2025 22:02:03.141] [modloading-worker-0/DEBUG] [com.tterrag.registrate.AbstractRegistrate/REGISTRATE.REGISTER]: Captured registration for entry mechanical_arm of type minecraft:block_entity_type
[23Nov2025 22:02:03.143] [modloading-worker-0/DEBUG] [com.tterrag.registrate.AbstractRegistrate/REGISTRATE.REGISTER]: Captured registration for entry item_vault of type minecraft:block_entity_type
[23Nov2025 22:02:03.144] [modloading-worker-0/DEBUG] [com.tterrag.registrate.AbstractRegistrate/REGISTRATE.REGISTER]: Captured registration for entry item_hatch of type minecraft:block_entity_type
[23Nov2025 22:02:03.148] [modloading-worker-0/DEBUG] [com.tterrag.registrate.AbstractRegistrate/REGISTRATE.REGISTER]: Captured registration for entry packager of type minecraft:block_entity_type
[23Nov2025 22:02:03.150] [modloading-worker-0/DEBUG] [com.tterrag.registrate.AbstractRegistrate/REGISTRATE.REGISTER]: Captured registration for entry repackager of type minecraft:block_entity_type
[23Nov2025 22:02:03.152] [modloading-worker-0/DEBUG] [com.tterrag.registrate.AbstractRegistrate/REGISTRATE.REGISTER]: Captured registration for entry package_frogport of type minecraft:block_entity_type
[23Nov2025 22:02:03.153] [modloading-worker-0/DEBUG] [com.tterrag.registrate.AbstractRegistrate/REGISTRATE.REGISTER]: Captured registration for entry package_postbox of type minecraft:block_entity_type
[23Nov2025 22:02:03.157] [modloading-worker-0/DEBUG] [com.tterrag.registrate.AbstractRegistrate/REGISTRATE.REGISTER]: Captured registration for entry table_cloth of type minecraft:block_entity_type
[23Nov2025 22:02:03.160] [modloading-worker-0/DEBUG] [com.tterrag.registrate.AbstractRegistrate/REGISTRATE.REGISTER]: Captured registration for entry packager_link of type minecraft:block_entity_type
[23Nov2025 22:02:03.162] [modloading-worker-0/DEBUG] [com.tterrag.registrate.AbstractRegistrate/REGISTRATE.REGISTER]: Captured registration for entry stock_ticker of type minecraft:block_entity_type
[23Nov2025 22:02:03.163] [modloading-worker-0/DEBUG] [com.tterrag.registrate.AbstractRegistrate/REGISTRATE.REGISTER]: Captured registration for entry redstone_requester of type minecraft:block_entity_type
[23Nov2025 22:02:03.166] [modloading-worker-0/DEBUG] [com.tterrag.registrate.AbstractRegistrate/REGISTRATE.REGISTER]: Captured registration for entry mechanical_piston of type minecraft:block_entity_type
[23Nov2025 22:02:03.169] [modloading-worker-0/DEBUG] [com.tterrag.registrate.AbstractRegistrate/REGISTRATE.REGISTER]: Captured registration for entry windmill_bearing of type minecraft:block_entity_type
[23Nov2025 22:02:03.170] [modloading-worker-0/DEBUG] [com.tterrag.registrate.AbstractRegistrate/REGISTRATE.REGISTER]: Captured registration for entry mechanical_bearing of type minecraft:block_entity_type
[23Nov2025 22:02:03.171] [modloading-worker-0/DEBUG] [com.tterrag.registrate.AbstractRegistrate/REGISTRATE.REGISTER]: Captured registration for entry clockwork_bearing of type minecraft:block_entity_type
[23Nov2025 22:02:03.173] [modloading-worker-0/DEBUG] [com.tterrag.registrate.AbstractRegistrate/REGISTRATE.REGISTER]: Captured registration for entry rope_pulley of type minecraft:block_entity_type
[23Nov2025 22:02:03.176] [modloading-worker-0/DEBUG] [com.tterrag.registrate.AbstractRegistrate/REGISTRATE.REGISTER]: Captured registration for entry elevator_pulley of type minecraft:block_entity_type
[23Nov2025 22:02:03.176] [modloading-worker-0/DEBUG] [com.tterrag.registrate.AbstractRegistrate/REGISTRATE.REGISTER]: Captured registration for entry elevator_contact of type minecraft:block_entity_type
[23Nov2025 22:02:03.178] [modloading-worker-0/DEBUG] [com.tterrag.registrate.AbstractRegistrate/REGISTRATE.REGISTER]: Captured registration for entry chassis of type minecraft:block_entity_type
[23Nov2025 22:02:03.180] [modloading-worker-0/DEBUG] [com.tterrag.registrate.AbstractRegistrate/REGISTRATE.REGISTER]: Captured registration for entry sticker of type minecraft:block_entity_type
[23Nov2025 22:02:03.181] [modloading-worker-0/DEBUG] [com.tterrag.registrate.AbstractRegistrate/REGISTRATE.REGISTER]: Captured registration for entry contraption_controls of type minecraft:block_entity_type
[23Nov2025 22:02:03.182] [modloading-worker-0/DEBUG] [com.tterrag.registrate.AbstractRegistrate/REGISTRATE.REGISTER]: Captured registration for entry drill of type minecraft:block_entity_type
[23Nov2025 22:02:03.185] [modloading-worker-0/DEBUG] [com.tterrag.registrate.AbstractRegistrate/REGISTRATE.REGISTER]: Captured registration for entry saw of type minecraft:block_entity_type
[23Nov2025 22:02:03.186] [modloading-worker-0/DEBUG] [com.tterrag.registrate.AbstractRegistrate/REGISTRATE.REGISTER]: Captured registration for entry harvester of type minecraft:block_entity_type
[23Nov2025 22:02:03.187] [modloading-worker-0/DEBUG] [com.tterrag.registrate.AbstractRegistrate/REGISTRATE.REGISTER]: Captured registration for entry mechanical_roller of type minecraft:block_entity_type
[23Nov2025 22:02:03.189] [modloading-worker-0/DEBUG] [com.tterrag.registrate.AbstractRegistrate/REGISTRATE.REGISTER]: Captured registration for entry portable_storage_interface of type minecraft:block_entity_type
[23Nov2025 22:02:03.190] [modloading-worker-0/DEBUG] [com.tterrag.registrate.AbstractRegistrate/REGISTRATE.REGISTER]: Captured registration for entry portable_fluid_interface of type minecraft:block_entity_type
[23Nov2025 22:02:03.192] [modloading-worker-0/DEBUG] [com.tterrag.registrate.AbstractRegistrate/REGISTRATE.REGISTER]: Captured registration for entry steam_engine of type minecraft:block_entity_type
[23Nov2025 22:02:03.193] [modloading-worker-0/DEBUG] [com.tterrag.registrate.AbstractRegistrate/REGISTRATE.REGISTER]: Captured registration for entry steam_whistle of type minecraft:block_entity_type
[23Nov2025 22:02:03.194] [modloading-worker-0/DEBUG] [com.tterrag.registrate.AbstractRegistrate/REGISTRATE.REGISTER]: Captured registration for entry powered_shaft of type minecraft:block_entity_type
[23Nov2025 22:02:03.195] [modloading-worker-0/DEBUG] [com.tterrag.registrate.AbstractRegistrate/REGISTRATE.REGISTER]: Captured registration for entry flywheel of type minecraft:block_entity_type
[23Nov2025 22:02:03.196] [modloading-worker-0/DEBUG] [com.tterrag.registrate.AbstractRegistrate/REGISTRATE.REGISTER]: Captured registration for entry millstone of type minecraft:block_entity_type
[23Nov2025 22:02:03.197] [modloading-worker-0/DEBUG] [com.tterrag.registrate.AbstractRegistrate/REGISTRATE.REGISTER]: Captured registration for entry crushing_wheel of type minecraft:block_entity_type
[23Nov2025 22:02:03.200] [modloading-worker-0/DEBUG] [com.tterrag.registrate.AbstractRegistrate/REGISTRATE.REGISTER]: Captured registration for entry crushing_wheel_controller of type minecraft:block_entity_type
[23Nov2025 22:02:03.201] [modloading-worker-0/DEBUG] [com.tterrag.registrate.AbstractRegistrate/REGISTRATE.REGISTER]: Captured registration for entry water_wheel of type minecraft:block_entity_type
[23Nov2025 22:02:03.202] [modloading-worker-0/DEBUG] [com.tterrag.registrate.AbstractRegistrate/REGISTRATE.REGISTER]: Captured registration for entry large_water_wheel of type minecraft:block_entity_type
[23Nov2025 22:02:03.204] [modloading-worker-0/DEBUG] [com.tterrag.registrate.AbstractRegistrate/REGISTRATE.REGISTER]: Captured registration for entry mechanical_press of type minecraft:block_entity_type
[23Nov2025 22:02:03.206] [modloading-worker-0/DEBUG] [com.tterrag.registrate.AbstractRegistrate/REGISTRATE.REGISTER]: Captured registration for entry mechanical_mixer of type minecraft:block_entity_type
[23Nov2025 22:02:03.208] [modloading-worker-0/DEBUG] [com.tterrag.registrate.AbstractRegistrate/REGISTRATE.REGISTER]: Captured registration for entry deployer of type minecraft:block_entity_type
[23Nov2025 22:02:03.209] [modloading-worker-0/DEBUG] [com.tterrag.registrate.AbstractRegistrate/REGISTRATE.REGISTER]: Captured registration for entry basin of type minecraft:block_entity_type
[23Nov2025 22:02:03.211] [modloading-worker-0/DEBUG] [com.tterrag.registrate.AbstractRegistrate/REGISTRATE.REGISTER]: Captured registration for entry blaze_heater of type minecraft:block_entity_type
[23Nov2025 22:02:03.214] [modloading-worker-0/DEBUG] [com.tterrag.registrate.AbstractRegistrate/REGISTRATE.REGISTER]: Captured registration for entry mechanical_crafter of type minecraft:block_entity_type
[23Nov2025 22:02:03.216] [modloading-worker-0/DEBUG] [com.tterrag.registrate.AbstractRegistrate/REGISTRATE.REGISTER]: Captured registration for entry sequenced_gearshift of type minecraft:block_entity_type
[23Nov2025 22:02:03.217] [modloading-worker-0/DEBUG] [com.tterrag.registrate.AbstractRegistrate/REGISTRATE.REGISTER]: Captured registration for entry rotation_speed_controller of type minecraft:block_entity_type
[23Nov2025 22:02:03.218] [modloading-worker-0/DEBUG] [com.tterrag.registrate.AbstractRegistrate/REGISTRATE.REGISTER]: Captured registration for entry speedometer of type minecraft:block_entity_type
[23Nov2025 22:02:03.220] [modloading-worker-0/DEBUG] [com.tterrag.registrate.AbstractRegistrate/REGISTRATE.REGISTER]: Captured registration for entry stressometer of type minecraft:block_entity_type
[23Nov2025 22:02:03.220] [modloading-worker-0/DEBUG] [com.tterrag.registrate.AbstractRegistrate/REGISTRATE.REGISTER]: Captured registration for entry analog_lever of type minecraft:block_entity_type
[23Nov2025 22:02:03.221] [modloading-worker-0/DEBUG] [com.tterrag.registrate.AbstractRegistrate/REGISTRATE.REGISTER]: Captured registration for entry placard of type minecraft:block_entity_type
[23Nov2025 22:02:03.223] [modloading-worker-0/DEBUG] [com.tterrag.registrate.AbstractRegistrate/REGISTRATE.REGISTER]: Captured registration for entry factory_panel of type minecraft:block_entity_type
[23Nov2025 22:02:03.225] [modloading-worker-0/DEBUG] [com.tterrag.registrate.AbstractRegistrate/REGISTRATE.REGISTER]: Captured registration for entry cart_assembler of type minecraft:block_entity_type
[23Nov2025 22:02:03.227] [modloading-worker-0/DEBUG] [com.tterrag.registrate.AbstractRegistrate/REGISTRATE.REGISTER]: Captured registration for entry redstone_link of type minecraft:block_entity_type
[23Nov2025 22:02:03.228] [modloading-worker-0/DEBUG] [com.tterrag.registrate.AbstractRegistrate/REGISTRATE.REGISTER]: Captured registration for entry nixie_tube of type minecraft:block_entity_type
[23Nov2025 22:02:03.230] [modloading-worker-0/DEBUG] [com.tterrag.registrate.AbstractRegistrate/REGISTRATE.REGISTER]: Captured registration for entry display_link of type minecraft:block_entity_type
[23Nov2025 22:02:03.231] [modloading-worker-0/DEBUG] [com.tterrag.registrate.AbstractRegistrate/REGISTRATE.REGISTER]: Captured registration for entry stockpile_switch of type minecraft:block_entity_type
[23Nov2025 22:02:03.233] [modloading-worker-0/DEBUG] [com.tterrag.registrate.AbstractRegistrate/REGISTRATE.REGISTER]: Captured registration for entry creative_crate of type minecraft:block_entity_type
[23Nov2025 22:02:03.233] [modloading-worker-0/DEBUG] [com.tterrag.registrate.AbstractRegistrate/REGISTRATE.REGISTER]: Captured registration for entry depot of type minecraft:block_entity_type
[23Nov2025 22:02:03.237] [modloading-worker-0/DEBUG] [com.tterrag.registrate.AbstractRegistrate/REGISTRATE.REGISTER]: Captured registration for entry weighted_ejector of type minecraft:block_entity_type
[23Nov2025 22:02:03.239] [modloading-worker-0/DEBUG] [com.tterrag.registrate.AbstractRegistrate/REGISTRATE.REGISTER]: Captured registration for entry funnel of type minecraft:block_entity_type
[23Nov2025 22:02:03.239] [modloading-worker-0/DEBUG] [com.tterrag.registrate.AbstractRegistrate/REGISTRATE.REGISTER]: Captured registration for entry content_observer of type minecraft:block_entity_type
[23Nov2025 22:02:03.241] [modloading-worker-0/DEBUG] [com.tterrag.registrate.AbstractRegistrate/REGISTRATE.REGISTER]: Captured registration for entry pulse_extender of type minecraft:block_entity_type
[23Nov2025 22:02:03.242] [modloading-worker-0/DEBUG] [com.tterrag.registrate.AbstractRegistrate/REGISTRATE.REGISTER]: Captured registration for entry pulse_repeater of type minecraft:block_entity_type
[23Nov2025 22:02:03.242] [modloading-worker-0/DEBUG] [com.tterrag.registrate.AbstractRegistrate/REGISTRATE.REGISTER]: Captured registration for entry pulse_timer of type minecraft:block_entity_type
[23Nov2025 22:02:03.244] [modloading-worker-0/DEBUG] [com.tterrag.registrate.AbstractRegistrate/REGISTRATE.REGISTER]: Captured registration for entry lectern_controller of type minecraft:block_entity_type
[23Nov2025 22:02:03.245] [modloading-worker-0/DEBUG] [com.tterrag.registrate.AbstractRegistrate/REGISTRATE.REGISTER]: Captured registration for entry backtank of type minecraft:block_entity_type
[23Nov2025 22:02:03.246] [modloading-worker-0/DEBUG] [com.tterrag.registrate.AbstractRegistrate/REGISTRATE.REGISTER]: Captured registration for entry peculiar_bell of type minecraft:block_entity_type
[23Nov2025 22:02:03.247] [modloading-worker-0/DEBUG] [com.tterrag.registrate.AbstractRegistrate/REGISTRATE.REGISTER]: Captured registration for entry cursed_bell of type minecraft:block_entity_type
[23Nov2025 22:02:03.248] [modloading-worker-0/DEBUG] [com.tterrag.registrate.AbstractRegistrate/REGISTRATE.REGISTER]: Captured registration for entry desk_bell of type minecraft:block_entity_type
[23Nov2025 22:02:03.249] [modloading-worker-0/DEBUG] [com.tterrag.registrate.AbstractRegistrate/REGISTRATE.REGISTER]: Captured registration for entry toolbox of type minecraft:block_entity_type
[23Nov2025 22:02:03.251] [modloading-worker-0/DEBUG] [com.tterrag.registrate.AbstractRegistrate/REGISTRATE.REGISTER]: Captured registration for entry track of type minecraft:block_entity_type
[23Nov2025 22:02:03.252] [modloading-worker-0/DEBUG] [com.tterrag.registrate.AbstractRegistrate/REGISTRATE.REGISTER]: Captured registration for entry fake_track of type minecraft:block_entity_type
[23Nov2025 22:02:03.253] [modloading-worker-0/DEBUG] [com.tterrag.registrate.AbstractRegistrate/REGISTRATE.REGISTER]: Captured registration for entry bogey of type minecraft:block_entity_type
[23Nov2025 22:02:03.258] [modloading-worker-0/DEBUG] [com.tterrag.registrate.AbstractRegistrate/REGISTRATE.REGISTER]: Captured registration for entry track_station of type minecraft:block_entity_type
[23Nov2025 22:02:03.259] [modloading-worker-0/DEBUG] [com.tterrag.registrate.AbstractRegistrate/REGISTRATE.REGISTER]: Captured registration for entry sliding_door of type minecraft:block_entity_type
[23Nov2025 22:02:03.260] [modloading-worker-0/DEBUG] [com.tterrag.registrate.AbstractRegistrate/REGISTRATE.REGISTER]: Captured registration for entry copycat of type minecraft:block_entity_type
[23Nov2025 22:02:03.260] [modloading-worker-0/DEBUG] [com.tterrag.registrate.AbstractRegistrate/REGISTRATE.REGISTER]: Captured registration for entry flap_display of type minecraft:block_entity_type
[23Nov2025 22:02:03.262] [modloading-worker-0/DEBUG] [com.tterrag.registrate.AbstractRegistrate/REGISTRATE.REGISTER]: Captured registration for entry track_signal of type minecraft:block_entity_type
[23Nov2025 22:02:03.263] [modloading-worker-0/DEBUG] [com.tterrag.registrate.AbstractRegistrate/REGISTRATE.REGISTER]: Captured registration for entry track_observer of type minecraft:block_entity_type
[23Nov2025 22:02:03.264] [modloading-worker-0/DEBUG] [com.tterrag.registrate.AbstractRegistrate/REGISTRATE.REGISTER]: Captured registration for entry clipboard of type minecraft:block_entity_type
[23Nov2025 22:02:03.266] [modloading-worker-0/DEBUG] [com.tterrag.registrate.AbstractRegistrate/REGISTRATE.REGISTER]: Captured registration for entry potato_recovery of type minecraft:enchantment
[23Nov2025 22:02:03.267] [modloading-worker-0/DEBUG] [com.tterrag.registrate.AbstractRegistrate/REGISTRATE.REGISTER]: Captured registration for entry capacity of type minecraft:enchantment
[23Nov2025 22:02:03.385] [modloading-worker-0/DEBUG] [net.minecraftforge.fml.config.ConfigTracker/CONFIG]: Config file create-common.toml for create tracking
[23Nov2025 22:02:03.385] [modloading-worker-0/DEBUG] [net.minecraftforge.fml.config.ConfigTracker/CONFIG]: Config file create-client.toml for create tracking
[23Nov2025 22:02:03.385] [modloading-worker-0/DEBUG] [net.minecraftforge.fml.config.ConfigTracker/CONFIG]: Config file create-server.toml for create tracking
[23Nov2025 22:02:03.398] [modloading-worker-0/DEBUG] [net.minecraftforge.fml.javafmlmod.AutomaticEventSubscriber/LOADING]: Attempting to inject @EventBusSubscriber classes into the eventbus for create
[23Nov2025 22:02:03.398] [modloading-worker-0/DEBUG] [net.minecraftforge.fml.javafmlmod.AutomaticEventSubscriber/LOADING]: Auto-subscribing com.simibubi.create.infrastructure.gametest.CreateGameTests to MOD
[23Nov2025 22:02:03.405] [modloading-worker-0/DEBUG] [net.minecraftforge.fml.javafmlmod.AutomaticEventSubscriber/LOADING]: Auto-subscribing com.simibubi.create.infrastructure.config.AllConfigs to MOD
[23Nov2025 22:02:03.406] [modloading-worker-0/DEBUG] [net.minecraftforge.fml.javafmlmod.AutomaticEventSubscriber/LOADING]: Auto-subscribing com.simibubi.create.infrastructure.RemapHelper to FORGE
[23Nov2025 22:02:03.410] [modloading-worker-0/DEBUG] [net.minecraftforge.fml.javafmlmod.AutomaticEventSubscriber/LOADING]: Auto-subscribing com.simibubi.create.impl.registry.CreateRegistriesImpl to MOD
[23Nov2025 22:02:03.410] [modloading-worker-0/DEBUG] [net.minecraftforge.fml.javafmlmod.AutomaticEventSubscriber/LOADING]: Auto-subscribing com.simibubi.create.foundation.recipe.AllIngredients to MOD
[23Nov2025 22:02:03.411] [modloading-worker-0/DEBUG] [net.minecraftforge.fml.javafmlmod.AutomaticEventSubscriber/LOADING]: Auto-subscribing com.simibubi.create.foundation.events.CommonEvents to FORGE
[23Nov2025 22:02:03.417] [modloading-worker-0/DEBUG] [net.minecraftforge.fml.javafmlmod.AutomaticEventSubscriber/LOADING]: Auto-subscribing com.simibubi.create.foundation.events.CommonEvents$ModBusEvents to MOD
[23Nov2025 22:02:03.418] [modloading-worker-0/DEBUG] [net.minecraftforge.fml.javafmlmod.AutomaticEventSubscriber/LOADING]: Auto-subscribing com.simibubi.create.foundation.blockEntity.behaviour.edgeInteraction.EdgeInteractionHandler to FORGE
[23Nov2025 22:02:03.419] [modloading-worker-0/DEBUG] [net.minecraftforge.fml.javafmlmod.AutomaticEventSubscriber/LOADING]: Auto-subscribing com.simibubi.create.foundation.blockEntity.behaviour.ValueSettingsInputHandler to FORGE
[23Nov2025 22:02:03.420] [modloading-worker-0/DEBUG] [net.minecraftforge.fml.javafmlmod.AutomaticEventSubscriber/LOADING]: Auto-subscribing com.simibubi.create.foundation.block.ItemUseOverrides to FORGE
[23Nov2025 22:02:03.420] [modloading-worker-0/DEBUG] [net.minecraftforge.fml.javafmlmod.AutomaticEventSubscriber/LOADING]: Auto-subscribing com.simibubi.create.content.trains.schedule.ScheduleItemEntityInteraction to FORGE
[23Nov2025 22:02:03.421] [modloading-worker-0/DEBUG] [net.minecraftforge.fml.javafmlmod.AutomaticEventSubscriber/LOADING]: Auto-subscribing com.simibubi.create.content.redstone.link.LinkHandler to FORGE
[23Nov2025 22:02:03.422] [modloading-worker-0/DEBUG] [net.minecraftforge.fml.javafmlmod.AutomaticEventSubscriber/LOADING]: Auto-subscribing com.simibubi.create.content.redstone.displayLink.DisplayLinkBlockItem to FORGE
[23Nov2025 22:02:03.423] [modloading-worker-0/DEBUG] [net.minecraftforge.fml.javafmlmod.AutomaticEventSubscriber/LOADING]: Auto-subscribing com.simibubi.create.content.redstone.displayLink.ClickToLinkBlockItem to FORGE
[23Nov2025 22:02:03.423] [modloading-worker-0/DEBUG] [net.minecraftforge.fml.javafmlmod.AutomaticEventSubscriber/LOADING]: Auto-subscribing com.simibubi.create.content.processing.burner.BlazeBurnerHandler to FORGE
[23Nov2025 22:02:03.424] [modloading-worker-0/DEBUG] [net.minecraftforge.fml.javafmlmod.AutomaticEventSubscriber/LOADING]: Auto-subscribing com.simibubi.create.content.logistics.stockTicker.StockTickerInteractionHandler to FORGE
[23Nov2025 22:02:03.426] [modloading-worker-0/DEBUG] [net.minecraftforge.fml.javafmlmod.AutomaticEventSubscriber/LOADING]: Auto-subscribing com.simibubi.create.content.logistics.itemHatch.ItemHatchHandler to FORGE
[23Nov2025 22:02:03.427] [modloading-worker-0/DEBUG] [net.minecraftforge.fml.javafmlmod.AutomaticEventSubscriber/LOADING]: Auto-subscribing com.simibubi.create.content.logistics.funnel.FunnelItem to FORGE
[23Nov2025 22:02:03.427] [modloading-worker-0/DEBUG] [net.minecraftforge.fml.javafmlmod.AutomaticEventSubscriber/LOADING]: Auto-subscribing com.simibubi.create.content.logistics.depot.EjectorItem to FORGE
[23Nov2025 22:02:03.427] [modloading-worker-0/DEBUG] [net.minecraftforge.fml.javafmlmod.AutomaticEventSubscriber/LOADING]: Auto-subscribing com.simibubi.create.content.kinetics.mechanicalArm.ArmItem to FORGE
[23Nov2025 22:02:03.427] [modloading-worker-0/DEBUG] [net.minecraftforge.fml.javafmlmod.AutomaticEventSubscriber/LOADING]: Auto-subscribing com.simibubi.create.content.kinetics.deployer.ManualApplicationRecipe to FORGE
[23Nov2025 22:02:03.429] [modloading-worker-0/DEBUG] [net.minecraftforge.fml.javafmlmod.AutomaticEventSubscriber/LOADING]: Auto-subscribing com.simibubi.create.content.kinetics.deployer.DeployerFakePlayer to FORGE
[23Nov2025 22:02:03.441] [modloading-worker-0/DEBUG] [io.netty.util.internal.InternalThreadLocalMap/]: -Dio.netty.threadLocalMap.stringBuilder.initialSize: 1024
[23Nov2025 22:02:03.441] [modloading-worker-0/DEBUG] [io.netty.util.internal.InternalThreadLocalMap/]: -Dio.netty.threadLocalMap.stringBuilder.maxSize: 4096
[23Nov2025 22:02:03.475] [modloading-worker-0/DEBUG] [net.minecraftforge.fml.javafmlmod.AutomaticEventSubscriber/LOADING]: Auto-subscribing com.simibubi.create.content.kinetics.crusher.CrushingWheelBlockEntity to FORGE
[23Nov2025 22:02:03.480] [modloading-worker-0/DEBUG] [net.minecraftforge.fml.javafmlmod.AutomaticEventSubscriber/LOADING]: Auto-subscribing com.simibubi.create.content.kinetics.crank.ValveHandleBlock to FORGE
[23Nov2025 22:02:03.485] [modloading-worker-0/DEBUG] [net.minecraftforge.fml.javafmlmod.AutomaticEventSubscriber/LOADING]: Auto-subscribing com.simibubi.create.content.fluids.FluidReactions to FORGE
[23Nov2025 22:02:03.489] [modloading-worker-0/DEBUG] [net.minecraftforge.fml.javafmlmod.AutomaticEventSubscriber/LOADING]: Auto-subscribing com.simibubi.create.content.fluids.FluidBottleItemHook to FORGE
[23Nov2025 22:02:03.490] [modloading-worker-0/DEBUG] [net.minecraftforge.fml.javafmlmod.AutomaticEventSubscriber/LOADING]: Auto-subscribing com.simibubi.create.content.equipment.zapper.ZapperInteractionHandler to FORGE
[23Nov2025 22:02:03.491] [modloading-worker-0/DEBUG] [net.minecraftforge.fml.javafmlmod.AutomaticEventSubscriber/LOADING]: Auto-subscribing com.simibubi.create.content.equipment.wrench.WrenchEventHandler to FORGE
[23Nov2025 22:02:03.492] [modloading-worker-0/DEBUG] [net.minecraftforge.fml.javafmlmod.AutomaticEventSubscriber/LOADING]: Auto-subscribing com.simibubi.create.content.equipment.tool.CardboardSwordItem to FORGE
[23Nov2025 22:02:03.493] [modloading-worker-0/DEBUG] [net.minecraftforge.fml.javafmlmod.AutomaticEventSubscriber/LOADING]: Auto-subscribing com.simibubi.create.content.equipment.symmetryWand.SymmetryHandler to FORGE
[23Nov2025 22:02:03.494] [modloading-worker-0/DEBUG] [net.minecraftforge.fml.javafmlmod.AutomaticEventSubscriber/LOADING]: Auto-subscribing com.simibubi.create.content.equipment.extendoGrip.ExtendoGripItem to FORGE
[23Nov2025 22:02:03.497] [modloading-worker-0/DEBUG] [net.minecraftforge.fml.javafmlmod.AutomaticEventSubscriber/LOADING]: Auto-subscribing com.simibubi.create.content.equipment.clipboard.ClipboardValueSettingsHandler to FORGE
[23Nov2025 22:02:03.499] [modloading-worker-0/DEBUG] [net.minecraftforge.fml.javafmlmod.AutomaticEventSubscriber/LOADING]: Auto-subscribing com.simibubi.create.content.equipment.bell.HauntedBellPulser to FORGE
[23Nov2025 22:02:03.500] [modloading-worker-0/DEBUG] [net.minecraftforge.fml.javafmlmod.AutomaticEventSubscriber/LOADING]: Auto-subscribing com.simibubi.create.content.equipment.armor.NetheriteDivingHandler to FORGE
[23Nov2025 22:02:03.501] [modloading-worker-0/DEBUG] [net.minecraftforge.fml.javafmlmod.AutomaticEventSubscriber/LOADING]: Auto-subscribing com.simibubi.create.content.equipment.armor.DivingHelmetItem to FORGE
[23Nov2025 22:02:03.502] [modloading-worker-0/DEBUG] [net.minecraftforge.fml.javafmlmod.AutomaticEventSubscriber/LOADING]: Auto-subscribing com.simibubi.create.content.equipment.armor.DivingBootsItem to FORGE
[23Nov2025 22:02:03.503] [modloading-worker-0/DEBUG] [net.minecraftforge.fml.javafmlmod.AutomaticEventSubscriber/LOADING]: Auto-subscribing com.simibubi.create.content.equipment.armor.CardboardArmorHandler to FORGE
[23Nov2025 22:02:03.506] [modloading-worker-0/DEBUG] [net.minecraftforge.fml.javafmlmod.AutomaticEventSubscriber/LOADING]: Auto-subscribing com.simibubi.create.content.contraptions.mounted.MinecartContraptionItem to FORGE
[23Nov2025 22:02:03.507] [modloading-worker-0/DEBUG] [net.minecraftforge.fml.javafmlmod.AutomaticEventSubscriber/LOADING]: Auto-subscribing com.simibubi.create.content.contraptions.mounted.CartAssemblerBlockEntity to FORGE
[23Nov2025 22:02:03.507] [modloading-worker-0/DEBUG] [net.minecraftforge.fml.javafmlmod.AutomaticEventSubscriber/LOADING]: Auto-subscribing com.simibubi.create.content.contraptions.minecart.MinecartCouplingItem to FORGE
[23Nov2025 22:02:03.507] [modloading-worker-0/DEBUG] [net.minecraftforge.fml.javafmlmod.AutomaticEventSubscriber/LOADING]: Auto-subscribing com.simibubi.create.content.contraptions.minecart.CouplingHandler to FORGE
[23Nov2025 22:02:03.510] [modloading-worker-0/DEBUG] [net.minecraftforge.fml.javafmlmod.AutomaticEventSubscriber/LOADING]: Auto-subscribing com.simibubi.create.content.contraptions.glue.SuperGlueItem to FORGE
[23Nov2025 22:02:03.510] [modloading-worker-0/DEBUG] [net.minecraftforge.fml.javafmlmod.AutomaticEventSubscriber/LOADING]: Auto-subscribing com.simibubi.create.content.contraptions.glue.SuperGlueHandler to FORGE
[23Nov2025 22:02:03.511] [modloading-worker-0/DEBUG] [net.minecraftforge.fml.javafmlmod.AutomaticEventSubscriber/LOADING]: Auto-subscribing com.simibubi.create.content.contraptions.ContraptionHandlerClient to FORGE
[23Nov2025 22:02:03.512] [modloading-worker-0/DEBUG] [net.minecraftforge.fml.javafmlmod.AutomaticEventSubscriber/LOADING]: Auto-subscribing com.simibubi.create.AllCreativeModeTabs to MOD
[23Nov2025 22:02:03.562] [main/DEBUG] [net.minecraftforge.common.capabilities.CapabilityManager/CAPABILITIES]: Attempting to automatically register: Lnet/minecraftforge/energy/IEnergyStorage;
[23Nov2025 22:02:03.562] [main/DEBUG] [net.minecraftforge.common.capabilities.CapabilityManager/CAPABILITIES]: Attempting to automatically register: Lnet/minecraftforge/fluids/capability/IFluidHandler;
[23Nov2025 22:02:03.562] [main/DEBUG] [net.minecraftforge.common.capabilities.CapabilityManager/CAPABILITIES]: Attempting to automatically register: Lnet/minecraftforge/fluids/capability/IFluidHandlerItem;
[23Nov2025 22:02:03.562] [main/DEBUG] [net.minecraftforge.common.capabilities.CapabilityManager/CAPABILITIES]: Attempting to automatically register: Lnet/minecraftforge/items/IItemHandler;
[23Nov2025 22:02:03.625] [main/DEBUG] [com.tterrag.registrate.AbstractRegistrate/REGISTRATE.REGISTER]: Registering 8 known objects of type minecraft:fluid
[23Nov2025 22:02:03.627] [main/DEBUG] [com.tterrag.registrate.AbstractRegistrate/REGISTRATE.REGISTER]: Registered create:potion to registry ResourceKey[minecraft:root / minecraft:fluid]
[23Nov2025 22:02:03.627] [main/DEBUG] [com.tterrag.registrate.AbstractRegistrate/REGISTRATE.REGISTER]: Registered create:flowing_potion to registry ResourceKey[minecraft:root / minecraft:fluid]
[23Nov2025 22:02:03.627] [main/DEBUG] [com.tterrag.registrate.AbstractRegistrate/REGISTRATE.REGISTER]: Registered create:tea to registry ResourceKey[minecraft:root / minecraft:fluid]
[23Nov2025 22:02:03.627] [main/DEBUG] [com.tterrag.registrate.AbstractRegistrate/REGISTRATE.REGISTER]: Registered create:flowing_tea to registry ResourceKey[minecraft:root / minecraft:fluid]
[23Nov2025 22:02:03.628] [main/DEBUG] [com.tterrag.registrate.AbstractRegistrate/REGISTRATE.REGISTER]: Registered create:honey to registry ResourceKey[minecraft:root / minecraft:fluid]
[23Nov2025 22:02:03.628] [main/DEBUG] [com.tterrag.registrate.AbstractRegistrate/REGISTRATE.REGISTER]: Registered create:flowing_honey to registry ResourceKey[minecraft:root / minecraft:fluid]
[23Nov2025 22:02:03.628] [main/DEBUG] [com.tterrag.registrate.AbstractRegistrate/REGISTRATE.REGISTER]: Registered create:chocolate to registry ResourceKey[minecraft:root / minecraft:fluid]
[23Nov2025 22:02:03.629] [main/DEBUG] [com.tterrag.registrate.AbstractRegistrate/REGISTRATE.REGISTER]: Registered create:flowing_chocolate to registry ResourceKey[minecraft:root / minecraft:fluid]
[23Nov2025 22:02:03.734] [main/DEBUG] [com.tterrag.registrate.AbstractRegistrate/REGISTRATE.REGISTER]: Registering 643 known objects of type minecraft:block
[23Nov2025 22:02:03.734] [main/DEBUG] [com.tterrag.registrate.AbstractRegistrate/REGISTRATE.REGISTER]: Registered create:schematicannon to registry ResourceKey[minecraft:root / minecraft:block]
[23Nov2025 22:02:03.734] [main/DEBUG] [com.tterrag.registrate.AbstractRegistrate/REGISTRATE.REGISTER]: Registered create:schematic_table to registry ResourceKey[minecraft:root / minecraft:block]
[23Nov2025 22:02:03.736] [main/DEBUG] [com.tterrag.registrate.AbstractRegistrate/REGISTRATE.REGISTER]: Registered create:shaft to registry ResourceKey[minecraft:root / minecraft:block]
[23Nov2025 22:02:03.736] [main/DEBUG] [com.tterrag.registrate.AbstractRegistrate/REGISTRATE.REGISTER]: Registered create:cogwheel to registry ResourceKey[minecraft:root / minecraft:block]
[23Nov2025 22:02:03.737] [main/DEBUG] [com.tterrag.registrate.AbstractRegistrate/REGISTRATE.REGISTER]: Registered create:large_cogwheel to registry ResourceKey[minecraft:root / minecraft:block]
[23Nov2025 22:02:03.737] [main/DEBUG] [com.tterrag.registrate.AbstractRegistrate/REGISTRATE.REGISTER]: Registered create:andesite_encased_shaft to registry ResourceKey[minecraft:root / minecraft:block]
[23Nov2025 22:02:03.738] [main/DEBUG] [com.tterrag.registrate.AbstractRegistrate/REGISTRATE.REGISTER]: Registered create:brass_encased_shaft to registry ResourceKey[minecraft:root / minecraft:block]
[23Nov2025 22:02:03.739] [main/DEBUG] [com.tterrag.registrate.AbstractRegistrate/REGISTRATE.REGISTER]: Registered create:andesite_encased_cogwheel to registry ResourceKey[minecraft:root / minecraft:block]
[23Nov2025 22:02:03.739] [main/DEBUG] [com.tterrag.registrate.AbstractRegistrate/REGISTRATE.REGISTER]: Registered create:brass_encased_cogwheel to registry ResourceKey[minecraft:root / minecraft:block]
[23Nov2025 22:02:03.740] [main/DEBUG] [com.tterrag.registrate.AbstractRegistrate/REGISTRATE.REGISTER]: Registered create:andesite_encased_large_cogwheel to registry ResourceKey[minecraft:root / minecraft:block]
[23Nov2025 22:02:03.740] [main/DEBUG] [com.tterrag.registrate.AbstractRegistrate/REGISTRATE.REGISTER]: Registered create:brass_encased_large_cogwheel to registry ResourceKey[minecraft:root / minecraft:block]
[23Nov2025 22:02:03.740] [main/DEBUG] [com.tterrag.registrate.AbstractRegistrate/REGISTRATE.REGISTER]: Registered create:gearbox to registry ResourceKey[minecraft:root / minecraft:block]
[23Nov2025 22:02:03.741] [main/DEBUG] [com.tterrag.registrate.AbstractRegistrate/REGISTRATE.REGISTER]: Registered create:clutch to registry ResourceKey[minecraft:root / minecraft:block]
[23Nov2025 22:02:03.741] [main/DEBUG] [com.tterrag.registrate.AbstractRegistrate/REGISTRATE.REGISTER]: Registered create:gearshift to registry ResourceKey[minecraft:root / minecraft:block]
[23Nov2025 22:02:03.742] [main/DEBUG] [com.tterrag.registrate.AbstractRegistrate/REGISTRATE.REGISTER]: Registered create:encased_chain_drive to registry ResourceKey[minecraft:root / minecraft:block]
[23Nov2025 22:02:03.743] [main/DEBUG] [com.tterrag.registrate.AbstractRegistrate/REGISTRATE.REGISTER]: Registered create:adjustable_chain_gearshift to registry ResourceKey[minecraft:root / minecraft:block]
[23Nov2025 22:02:03.754] [main/DEBUG] [com.tterrag.registrate.AbstractRegistrate/REGISTRATE.REGISTER]: Registered create:belt to registry ResourceKey[minecraft:root / minecraft:block]
[23Nov2025 22:02:03.754] [main/DEBUG] [com.tterrag.registrate.AbstractRegistrate/REGISTRATE.REGISTER]: Registered create:chain_conveyor to registry ResourceKey[minecraft:root / minecraft:block]
[23Nov2025 22:02:03.755] [main/DEBUG] [com.tterrag.registrate.AbstractRegistrate/REGISTRATE.REGISTER]: Registered create:creative_motor to registry ResourceKey[minecraft:root / minecraft:block]
[23Nov2025 22:02:03.755] [main/DEBUG] [com.tterrag.registrate.AbstractRegistrate/REGISTRATE.REGISTER]: Registered create:water_wheel to registry ResourceKey[minecraft:root / minecraft:block]
[23Nov2025 22:02:03.756] [main/DEBUG] [com.tterrag.registrate.AbstractRegistrate/REGISTRATE.REGISTER]: Registered create:large_water_wheel to registry ResourceKey[minecraft:root / minecraft:block]
[23Nov2025 22:02:03.756] [main/DEBUG] [com.tterrag.registrate.AbstractRegistrate/REGISTRATE.REGISTER]: Registered create:water_wheel_structure to registry ResourceKey[minecraft:root / minecraft:block]
[23Nov2025 22:02:03.756] [main/DEBUG] [com.tterrag.registrate.AbstractRegistrate/REGISTRATE.REGISTER]: Registered create:encased_fan to registry ResourceKey[minecraft:root / minecraft:block]
[23Nov2025 22:02:03.756] [main/DEBUG] [com.tterrag.registrate.AbstractRegistrate/REGISTRATE.REGISTER]: Registered create:nozzle to registry ResourceKey[minecraft:root / minecraft:block]
[23Nov2025 22:02:03.756] [main/DEBUG] [com.tterrag.registrate.AbstractRegistrate/REGISTRATE.REGISTER]: Registered create:turntable to registry ResourceKey[minecraft:root / minecraft:block]
[23Nov2025 22:02:03.757] [main/DEBUG] [com.tterrag.registrate.AbstractRegistrate/REGISTRATE.REGISTER]: Registered create:hand_crank to registry ResourceKey[minecraft:root / minecraft:block]
[23Nov2025 22:02:03.757] [main/DEBUG] [com.tterrag.registrate.AbstractRegistrate/REGISTRATE.REGISTER]: Registered create:cuckoo_clock to registry ResourceKey[minecraft:root / minecraft:block]
[23Nov2025 22:02:03.757] [main/DEBUG] [com.tterrag.registrate.AbstractRegistrate/REGISTRATE.REGISTER]: Registered create:mysterious_cuckoo_clock to registry ResourceKey[minecraft:root / minecraft:block]
[23Nov2025 22:02:03.757] [main/DEBUG] [com.tterrag.registrate.AbstractRegistrate/REGISTRATE.REGISTER]: Registered create:millstone to registry ResourceKey[minecraft:root / minecraft:block]
[23Nov2025 22:02:03.757] [main/DEBUG] [com.tterrag.registrate.AbstractRegistrate/REGISTRATE.REGISTER]: Registered create:crushing_wheel to registry ResourceKey[minecraft:root / minecraft:block]
[23Nov2025 22:02:03.758] [main/DEBUG] [com.tterrag.registrate.AbstractRegistrate/REGISTRATE.REGISTER]: Registered create:crushing_wheel_controller to registry ResourceKey[minecraft:root / minecraft:block]
[23Nov2025 22:02:03.758] [main/DEBUG] [com.tterrag.registrate.AbstractRegistrate/REGISTRATE.REGISTER]: Registered create:mechanical_press to registry ResourceKey[minecraft:root / minecraft:block]
[23Nov2025 22:02:03.758] [main/DEBUG] [com.tterrag.registrate.AbstractRegistrate/REGISTRATE.REGISTER]: Registered create:mechanical_mixer to registry ResourceKey[minecraft:root / minecraft:block]
[23Nov2025 22:02:03.758] [main/DEBUG] [com.tterrag.registrate.AbstractRegistrate/REGISTRATE.REGISTER]: Registered create:basin to registry ResourceKey[minecraft:root / minecraft:block]
[23Nov2025 22:02:03.760] [main/DEBUG] [com.tterrag.registrate.AbstractRegistrate/REGISTRATE.REGISTER]: Registered create:blaze_burner to registry ResourceKey[minecraft:root / minecraft:block]
[23Nov2025 22:02:03.761] [main/DEBUG] [com.tterrag.registrate.AbstractRegistrate/REGISTRATE.REGISTER]: Registered create:lit_blaze_burner to registry ResourceKey[minecraft:root / minecraft:block]
[23Nov2025 22:02:03.761] [main/DEBUG] [com.tterrag.registrate.AbstractRegistrate/REGISTRATE.REGISTER]: Registered create:depot to registry ResourceKey[minecraft:root / minecraft:block]
[23Nov2025 22:02:03.761] [main/DEBUG] [com.tterrag.registrate.AbstractRegistrate/REGISTRATE.REGISTER]: Registered create:weighted_ejector to registry ResourceKey[minecraft:root / minecraft:block]
[23Nov2025 22:02:03.763] [main/DEBUG] [com.tterrag.registrate.AbstractRegistrate/REGISTRATE.REGISTER]: Registered create:chute to registry ResourceKey[minecraft:root / minecraft:block]
[23Nov2025 22:02:03.763] [main/DEBUG] [com.tterrag.registrate.AbstractRegistrate/REGISTRATE.REGISTER]: Registered create:smart_chute to registry ResourceKey[minecraft:root / minecraft:block]
[23Nov2025 22:02:03.812] [main/DEBUG] [com.tterrag.registrate.AbstractRegistrate/REGISTRATE.REGISTER]: Registered create:speedometer to registry ResourceKey[minecraft:root / minecraft:block]
[23Nov2025 22:02:03.812] [main/DEBUG] [com.tterrag.registrate.AbstractRegistrate/REGISTRATE.REGISTER]: Registered create:stressometer to registry ResourceKey[minecraft:root / minecraft:block]
[23Nov2025 22:02:03.814] [main/DEBUG] [com.tterrag.registrate.AbstractRegistrate/REGISTRATE.REGISTER]: Registered create:wooden_bracket to registry ResourceKey[minecraft:root / minecraft:block]
[23Nov2025 22:02:03.815] [main/DEBUG] [com.tterrag.registrate.AbstractRegistrate/REGISTRATE.REGISTER]: Registered create:metal_bracket to registry ResourceKey[minecraft:root / minecraft:block]
[23Nov2025 22:02:03.819] [main/DEBUG] [com.tterrag.registrate.AbstractRegistrate/REGISTRATE.REGISTER]: Registered create:fluid_pipe to registry ResourceKey[minecraft:root / minecraft:block]
[23Nov2025 22:02:03.821] [main/DEBUG] [com.tterrag.registrate.AbstractRegistrate/REGISTRATE.REGISTER]: Registered create:encased_fluid_pipe to registry ResourceKey[minecraft:root / minecraft:block]
[23Nov2025 22:02:03.821] [main/DEBUG] [com.tterrag.registrate.AbstractRegistrate/REGISTRATE.REGISTER]: Registered create:glass_fluid_pipe to registry ResourceKey[minecraft:root / minecraft:block]
[23Nov2025 22:02:03.822] [main/DEBUG] [com.tterrag.registrate.AbstractRegistrate/REGISTRATE.REGISTER]: Registered create:mechanical_pump to registry ResourceKey[minecraft:root / minecraft:block]
[23Nov2025 22:02:03.822] [main/DEBUG] [com.tterrag.registrate.AbstractRegistrate/REGISTRATE.REGISTER]: Registered create:smart_fluid_pipe to registry ResourceKey[minecraft:root / minecraft:block]
[23Nov2025 22:02:03.823] [main/DEBUG] [com.tterrag.registrate.AbstractRegistrate/REGISTRATE.REGISTER]: Registered create:fluid_valve to registry ResourceKey[minecraft:root / minecraft:block]
[23Nov2025 22:02:03.824] [main/DEBUG] [com.tterrag.registrate.AbstractRegistrate/REGISTRATE.REGISTER]: Registered create:copper_valve_handle to registry ResourceKey[minecraft:root / minecraft:block]
[23Nov2025 22:02:03.824] [main/DEBUG] [com.tterrag.registrate.AbstractRegistrate/REGISTRATE.REGISTER]: Registered create:white_valve_handle to registry ResourceKey[minecraft:root / minecraft:block]
[23Nov2025 22:02:03.824] [main/DEBUG] [com.tterrag.registrate.AbstractRegistrate/REGISTRATE.REGISTER]: Registered create:orange_valve_handle to registry ResourceKey[minecraft:root / minecraft:block]
[23Nov2025 22:02:03.825] [main/DEBUG] [com.tterrag.registrate.AbstractRegistrate/REGISTRATE.REGISTER]: Registered create:magenta_valve_handle to registry ResourceKey[minecraft:root / minecraft:block]
[23Nov2025 22:02:03.825] [main/DEBUG] [com.tterrag.registrate.AbstractRegistrate/REGISTRATE.REGISTER]: Registered create:light_blue_valve_handle to registry ResourceKey[minecraft:root / minecraft:block]
[23Nov2025 22:02:03.825] [main/DEBUG] [com.tterrag.registrate.AbstractRegistrate/REGISTRATE.REGISTER]: Registered create:yellow_valve_handle to registry ResourceKey[minecraft:root / minecraft:block]
[23Nov2025 22:02:03.826] [main/DEBUG] [com.tterrag.registrate.AbstractRegistrate/REGISTRATE.REGISTER]: Registered create:lime_valve_handle to registry ResourceKey[minecraft:root / minecraft:block]
[23Nov2025 22:02:03.826] [main/DEBUG] [com.tterrag.registrate.AbstractRegistrate/REGISTRATE.REGISTER]: Registered create:pink_valve_handle to registry ResourceKey[minecraft:root / minecraft:block]
[23Nov2025 22:02:03.826] [main/DEBUG] [com.tterrag.registrate.AbstractRegistrate/REGISTRATE.REGISTER]: Registered create:gray_valve_handle to registry ResourceKey[minecraft:root / minecraft:block]
[23Nov2025 22:02:03.827] [main/DEBUG] [com.tterrag.registrate.AbstractRegistrate/REGISTRATE.REGISTER]: Registered create:light_gray_valve_handle to registry ResourceKey[minecraft:root / minecraft:block]
[23Nov2025 22:02:03.827] [main/DEBUG] [com.tterrag.registrate.AbstractRegistrate/REGISTRATE.REGISTER]: Registered create:cyan_valve_handle to registry ResourceKey[minecraft:root / minecraft:block]
[23Nov2025 22:02:03.827] [main/DEBUG] [com.tterrag.registrate.AbstractRegistrate/REGISTRATE.REGISTER]: Registered create:purple_valve_handle to registry ResourceKey[minecraft:root / minecraft:block]
[23Nov2025 22:02:03.828] [main/DEBUG] [com.tterrag.registrate.AbstractRegistrate/REGISTRATE.REGISTER]: Registered create:blue_valve_handle to registry ResourceKey[minecraft:root / minecraft:block]
[23Nov2025 22:02:03.828] [main/DEBUG] [com.tterrag.registrate.AbstractRegistrate/REGISTRATE.REGISTER]: Registered create:brown_valve_handle to registry ResourceKey[minecraft:root / minecraft:block]
[23Nov2025 22:02:03.828] [main/DEBUG] [com.tterrag.registrate.AbstractRegistrate/REGISTRATE.REGISTER]: Registered create:green_valve_handle to registry ResourceKey[minecraft:root / minecraft:block]
[23Nov2025 22:02:03.829] [main/DEBUG] [com.tterrag.registrate.AbstractRegistrate/REGISTRATE.REGISTER]: Registered create:red_valve_handle to registry ResourceKey[minecraft:root / minecraft:block]
[23Nov2025 22:02:03.829] [main/DEBUG] [com.tterrag.registrate.AbstractRegistrate/REGISTRATE.REGISTER]: Registered create:black_valve_handle to registry ResourceKey[minecraft:root / minecraft:block]
[23Nov2025 22:02:03.831] [main/DEBUG] [com.tterrag.registrate.AbstractRegistrate/REGISTRATE.REGISTER]: Registered create:fluid_tank to registry ResourceKey[minecraft:root / minecraft:block]
[23Nov2025 22:02:03.832] [main/DEBUG] [com.tterrag.registrate.AbstractRegistrate/REGISTRATE.REGISTER]: Registered create:creative_fluid_tank to registry ResourceKey[minecraft:root / minecraft:block]
[23Nov2025 22:02:03.832] [main/DEBUG] [com.tterrag.registrate.AbstractRegistrate/REGISTRATE.REGISTER]: Registered create:hose_pulley to registry ResourceKey[minecraft:root / minecraft:block]
[23Nov2025 22:02:03.832] [main/DEBUG] [com.tterrag.registrate.AbstractRegistrate/REGISTRATE.REGISTER]: Registered create:item_drain to registry ResourceKey[minecraft:root / minecraft:block]
[23Nov2025 22:02:03.832] [main/DEBUG] [com.tterrag.registrate.AbstractRegistrate/REGISTRATE.REGISTER]: Registered create:spout to registry ResourceKey[minecraft:root / minecraft:block]
[23Nov2025 22:02:03.832] [main/DEBUG] [com.tterrag.registrate.AbstractRegistrate/REGISTRATE.REGISTER]: Registered create:portable_fluid_interface to registry ResourceKey[minecraft:root / minecraft:block]
[23Nov2025 22:02:03.834] [main/DEBUG] [com.tterrag.registrate.AbstractRegistrate/REGISTRATE.REGISTER]: Registered create:steam_engine to registry ResourceKey[minecraft:root / minecraft:block]
[23Nov2025 22:02:03.835] [main/DEBUG] [com.tterrag.registrate.AbstractRegistrate/REGISTRATE.REGISTER]: Registered create:steam_whistle to registry ResourceKey[minecraft:root / minecraft:block]
[23Nov2025 22:02:03.836] [main/DEBUG] [com.tterrag.registrate.AbstractRegistrate/REGISTRATE.REGISTER]: Registered create:steam_whistle_extension to registry ResourceKey[minecraft:root / minecraft:block]
[23Nov2025 22:02:03.836] [main/DEBUG] [com.tterrag.registrate.AbstractRegistrate/REGISTRATE.REGISTER]: Registered create:powered_shaft to registry ResourceKey[minecraft:root / minecraft:block]
[23Nov2025 22:02:03.837] [main/DEBUG] [com.tterrag.registrate.AbstractRegistrate/REGISTRATE.REGISTER]: Registered create:mechanical_piston to registry ResourceKey[minecraft:root / minecraft:block]
[23Nov2025 22:02:03.838] [main/DEBUG] [com.tterrag.registrate.AbstractRegistrate/REGISTRATE.REGISTER]: Registered create:sticky_mechanical_piston to registry ResourceKey[minecraft:root / minecraft:block]
[23Nov2025 22:02:03.839] [main/DEBUG] [com.tterrag.registrate.AbstractRegistrate/REGISTRATE.REGISTER]: Registered create:piston_extension_pole to registry ResourceKey[minecraft:root / minecraft:block]
[23Nov2025 22:02:03.840] [main/DEBUG] [com.tterrag.registrate.AbstractRegistrate/REGISTRATE.REGISTER]: Registered create:mechanical_piston_head to registry ResourceKey[minecraft:root / minecraft:block]
[23Nov2025 22:02:03.840] [main/DEBUG] [com.tterrag.registrate.AbstractRegistrate/REGISTRATE.REGISTER]: Registered create:gantry_carriage to registry ResourceKey[minecraft:root / minecraft:block]
[23Nov2025 22:02:03.842] [main/DEBUG] [com.tterrag.registrate.AbstractRegistrate/REGISTRATE.REGISTER]: Registered create:gantry_shaft to registry ResourceKey[minecraft:root / minecraft:block]
[23Nov2025 22:02:03.843] [main/DEBUG] [com.tterrag.registrate.AbstractRegistrate/REGISTRATE.REGISTER]: Registered create:windmill_bearing to registry ResourceKey[minecraft:root / minecraft:block]
[23Nov2025 22:02:03.843] [main/DEBUG] [com.tterrag.registrate.AbstractRegistrate/REGISTRATE.REGISTER]: Registered create:mechanical_bearing to registry ResourceKey[minecraft:root / minecraft:block]
[23Nov2025 22:02:03.843] [main/DEBUG] [com.tterrag.registrate.AbstractRegistrate/REGISTRATE.REGISTER]: Registered create:clockwork_bearing to registry ResourceKey[minecraft:root / minecraft:block]
[23Nov2025 22:02:03.843] [main/DEBUG] [com.tterrag.registrate.AbstractRegistrate/REGISTRATE.REGISTER]: Registered create:rope_pulley to registry ResourceKey[minecraft:root / minecraft:block]
[23Nov2025 22:02:03.843] [main/DEBUG] [com.tterrag.registrate.AbstractRegistrate/REGISTRATE.REGISTER]: Registered create:rope to registry ResourceKey[minecraft:root / minecraft:block]
[23Nov2025 22:02:03.844] [main/DEBUG] [com.tterrag.registrate.AbstractRegistrate/REGISTRATE.REGISTER]: Registered create:pulley_magnet to registry ResourceKey[minecraft:root / minecraft:block]
[23Nov2025 22:02:03.844] [main/DEBUG] [com.tterrag.registrate.AbstractRegistrate/REGISTRATE.REGISTER]: Registered create:elevator_pulley to registry ResourceKey[minecraft:root / minecraft:block]
[23Nov2025 22:02:03.847] [main/DEBUG] [com.tterrag.registrate.AbstractRegistrate/REGISTRATE.REGISTER]: Registered create:cart_assembler to registry ResourceKey[minecraft:root / minecraft:block]
[23Nov2025 22:02:03.863] [main/DEBUG] [com.tterrag.registrate.AbstractRegistrate/REGISTRATE.REGISTER]: Registered create:controller_rail to registry ResourceKey[minecraft:root / minecraft:block]
[23Nov2025 22:02:03.863] [main/DEBUG] [com.tterrag.registrate.AbstractRegistrate/REGISTRATE.REGISTER]: Registered create:minecart_anchor to registry ResourceKey[minecraft:root / minecraft:block]
[23Nov2025 22:02:03.863] [main/DEBUG] [com.tterrag.registrate.AbstractRegistrate/REGISTRATE.REGISTER]: Registered create:linear_chassis to registry ResourceKey[minecraft:root / minecraft:block]
[23Nov2025 22:02:03.864] [main/DEBUG] [com.tterrag.registrate.AbstractRegistrate/REGISTRATE.REGISTER]: Registered create:secondary_linear_chassis to registry ResourceKey[minecraft:root / minecraft:block]
[23Nov2025 22:02:03.865] [main/DEBUG] [com.tterrag.registrate.AbstractRegistrate/REGISTRATE.REGISTER]: Registered create:radial_chassis to registry ResourceKey[minecraft:root / minecraft:block]
[23Nov2025 22:02:03.865] [main/DEBUG] [com.tterrag.registrate.AbstractRegistrate/REGISTRATE.REGISTER]: Registered create:sticker to registry ResourceKey[minecraft:root / minecraft:block]
[23Nov2025 22:02:03.866] [main/DEBUG] [com.tterrag.registrate.AbstractRegistrate/REGISTRATE.REGISTER]: Registered create:contraption_controls to registry ResourceKey[minecraft:root / minecraft:block]
[23Nov2025 22:02:03.867] [main/DEBUG] [com.tterrag.registrate.AbstractRegistrate/REGISTRATE.REGISTER]: Registered create:mechanical_drill to registry ResourceKey[minecraft:root / minecraft:block]
[23Nov2025 22:02:03.868] [main/DEBUG] [com.tterrag.registrate.AbstractRegistrate/REGISTRATE.REGISTER]: Registered create:mechanical_saw to registry ResourceKey[minecraft:root / minecraft:block]
[23Nov2025 22:02:03.869] [main/DEBUG] [com.tterrag.registrate.AbstractRegistrate/REGISTRATE.REGISTER]: Registered create:deployer to registry ResourceKey[minecraft:root / minecraft:block]
[23Nov2025 22:02:03.869] [main/DEBUG] [com.tterrag.registrate.AbstractRegistrate/REGISTRATE.REGISTER]: Registered create:portable_storage_interface to registry ResourceKey[minecraft:root / minecraft:block]
[23Nov2025 22:02:03.870] [main/DEBUG] [com.tterrag.registrate.AbstractRegistrate/REGISTRATE.REGISTER]: Registered create:redstone_contact to registry ResourceKey[minecraft:root / minecraft:block]
[23Nov2025 22:02:03.871] [main/DEBUG] [com.tterrag.registrate.AbstractRegistrate/REGISTRATE.REGISTER]: Registered create:elevator_contact to registry ResourceKey[minecraft:root / minecraft:block]
[23Nov2025 22:02:03.871] [main/DEBUG] [com.tterrag.registrate.AbstractRegistrate/REGISTRATE.REGISTER]: Registered create:mechanical_harvester to registry ResourceKey[minecraft:root / minecraft:block]
[23Nov2025 22:02:03.871] [main/DEBUG] [com.tterrag.registrate.AbstractRegistrate/REGISTRATE.REGISTER]: Registered create:mechanical_plough to registry ResourceKey[minecraft:root / minecraft:block]
[23Nov2025 22:02:03.872] [main/DEBUG] [com.tterrag.registrate.AbstractRegistrate/REGISTRATE.REGISTER]: Registered create:mechanical_roller to registry ResourceKey[minecraft:root / minecraft:block]
[23Nov2025 22:02:03.873] [main/DEBUG] [com.tterrag.registrate.AbstractRegistrate/REGISTRATE.REGISTER]: Registered create:sail_frame to registry ResourceKey[minecraft:root / minecraft:block]
[23Nov2025 22:02:03.873] [main/DEBUG] [com.tterrag.registrate.AbstractRegistrate/REGISTRATE.REGISTER]: Registered create:white_sail to registry ResourceKey[minecraft:root / minecraft:block]
[23Nov2025 22:02:03.873] [main/DEBUG] [com.tterrag.registrate.AbstractRegistrate/REGISTRATE.REGISTER]: Registered create:orange_sail to registry ResourceKey[minecraft:root / minecraft:block]
[23Nov2025 22:02:03.874] [main/DEBUG] [com.tterrag.registrate.AbstractRegistrate/REGISTRATE.REGISTER]: Registered create:magenta_sail to registry ResourceKey[minecraft:root / minecraft:block]
[23Nov2025 22:02:03.874] [main/DEBUG] [com.tterrag.registrate.AbstractRegistrate/REGISTRATE.REGISTER]: Registered create:light_blue_sail to registry ResourceKey[minecraft:root / minecraft:block]
[23Nov2025 22:02:03.874] [main/DEBUG] [com.tterrag.registrate.AbstractRegistrate/REGISTRATE.REGISTER]: Registered create:yellow_sail to registry ResourceKey[minecraft:root / minecraft:block]
[23Nov2025 22:02:03.874] [main/DEBUG] [com.tterrag.registrate.AbstractRegistrate/REGISTRATE.REGISTER]: Registered create:lime_sail to registry ResourceKey[minecraft:root / minecraft:block]
[23Nov2025 22:02:03.874] [main/DEBUG] [com.tterrag.registrate.AbstractRegistrate/REGISTRATE.REGISTER]: Registered create:pink_sail to registry ResourceKey[minecraft:root / minecraft:block]
[23Nov2025 22:02:03.875] [main/DEBUG] [com.tterrag.registrate.AbstractRegistrate/REGISTRATE.REGISTER]: Registered create:gray_sail to registry ResourceKey[minecraft:root / minecraft:block]
[23Nov2025 22:02:03.875] [main/DEBUG] [com.tterrag.registrate.AbstractRegistrate/REGISTRATE.REGISTER]: Registered create:light_gray_sail to registry ResourceKey[minecraft:root / minecraft:block]
[23Nov2025 22:02:03.875] [main/DEBUG] [com.tterrag.registrate.AbstractRegistrate/REGISTRATE.REGISTER]: Registered create:cyan_sail to registry ResourceKey[minecraft:root / minecraft:block]
[23Nov2025 22:02:03.875] [main/DEBUG] [com.tterrag.registrate.AbstractRegistrate/REGISTRATE.REGISTER]: Registered create:purple_sail to registry ResourceKey[minecraft:root / minecraft:block]
[23Nov2025 22:02:03.875] [main/DEBUG] [com.tterrag.registrate.AbstractRegistrate/REGISTRATE.REGISTER]: Registered create:blue_sail to registry ResourceKey[minecraft:root / minecraft:block]
[23Nov2025 22:02:03.876] [main/DEBUG] [com.tterrag.registrate.AbstractRegistrate/REGISTRATE.REGISTER]: Registered create:brown_sail to registry ResourceKey[minecraft:root / minecraft:block]
[23Nov2025 22:02:03.876] [main/DEBUG] [com.tterrag.registrate.AbstractRegistrate/REGISTRATE.REGISTER]: Registered create:green_sail to registry ResourceKey[minecraft:root / minecraft:block]
[23Nov2025 22:02:03.876] [main/DEBUG] [com.tterrag.registrate.AbstractRegistrate/REGISTRATE.REGISTER]: Registered create:red_sail to registry ResourceKey[minecraft:root / minecraft:block]
[23Nov2025 22:02:03.876] [main/DEBUG] [com.tterrag.registrate.AbstractRegistrate/REGISTRATE.REGISTER]: Registered create:black_sail to registry ResourceKey[minecraft:root / minecraft:block]
[23Nov2025 22:02:03.876] [main/DEBUG] [com.tterrag.registrate.AbstractRegistrate/REGISTRATE.REGISTER]: Registered create:andesite_casing to registry ResourceKey[minecraft:root / minecraft:block]
[23Nov2025 22:02:03.876] [main/DEBUG] [com.tterrag.registrate.AbstractRegistrate/REGISTRATE.REGISTER]: Registered create:brass_casing to registry ResourceKey[minecraft:root / minecraft:block]
[23Nov2025 22:02:03.876] [main/DEBUG] [com.tterrag.registrate.AbstractRegistrate/REGISTRATE.REGISTER]: Registered create:copper_casing to registry ResourceKey[minecraft:root / minecraft:block]
[23Nov2025 22:02:03.877] [main/DEBUG] [com.tterrag.registrate.AbstractRegistrate/REGISTRATE.REGISTER]: Registered create:shadow_steel_casing to registry ResourceKey[minecraft:root / minecraft:block]
[23Nov2025 22:02:03.877] [main/DEBUG] [com.tterrag.registrate.AbstractRegistrate/REGISTRATE.REGISTER]: Registered create:refined_radiance_casing to registry ResourceKey[minecraft:root / minecraft:block]
[23Nov2025 22:02:03.877] [main/DEBUG] [com.tterrag.registrate.AbstractRegistrate/REGISTRATE.REGISTER]: Registered create:mechanical_crafter to registry ResourceKey[minecraft:root / minecraft:block]
[23Nov2025 22:02:03.878] [main/DEBUG] [com.tterrag.registrate.AbstractRegistrate/REGISTRATE.REGISTER]: Registered create:sequenced_gearshift to registry ResourceKey[minecraft:root / minecraft:block]
[23Nov2025 22:02:03.878] [main/DEBUG] [com.tterrag.registrate.AbstractRegistrate/REGISTRATE.REGISTER]: Registered create:flywheel to registry ResourceKey[minecraft:root / minecraft:block]
[23Nov2025 22:02:03.879] [main/DEBUG] [com.tterrag.registrate.AbstractRegistrate/REGISTRATE.REGISTER]: Registered create:rotation_speed_controller to registry ResourceKey[minecraft:root / minecraft:block]
[23Nov2025 22:02:03.879] [main/DEBUG] [com.tterrag.registrate.AbstractRegistrate/REGISTRATE.REGISTER]: Registered create:mechanical_arm to registry ResourceKey[minecraft:root / minecraft:block]
[23Nov2025 22:02:03.883] [main/DEBUG] [com.tterrag.registrate.AbstractRegistrate/REGISTRATE.REGISTER]: Registered create:track to registry ResourceKey[minecraft:root / minecraft:block]
[23Nov2025 22:02:03.883] [main/DEBUG] [com.tterrag.registrate.AbstractRegistrate/REGISTRATE.REGISTER]: Registered create:fake_track to registry ResourceKey[minecraft:root / minecraft:block]
[23Nov2025 22:02:03.883] [main/DEBUG] [com.tterrag.registrate.AbstractRegistrate/REGISTRATE.REGISTER]: Registered create:railway_casing to registry ResourceKey[minecraft:root / minecraft:block]
[23Nov2025 22:02:03.883] [main/DEBUG] [com.tterrag.registrate.AbstractRegistrate/REGISTRATE.REGISTER]: Registered create:track_station to registry ResourceKey[minecraft:root / minecraft:block]
[23Nov2025 22:02:03.884] [main/DEBUG] [com.tterrag.registrate.AbstractRegistrate/REGISTRATE.REGISTER]: Registered create:track_signal to registry ResourceKey[minecraft:root / minecraft:block]
[23Nov2025 22:02:03.884] [main/DEBUG] [com.tterrag.registrate.AbstractRegistrate/REGISTRATE.REGISTER]: Registered create:track_observer to registry ResourceKey[minecraft:root / minecraft:block]
[23Nov2025 22:02:03.885] [main/DEBUG] [com.tterrag.registrate.AbstractRegistrate/REGISTRATE.REGISTER]: Registered create:small_bogey to registry ResourceKey[minecraft:root / minecraft:block]
[23Nov2025 22:02:03.885] [main/DEBUG] [com.tterrag.registrate.AbstractRegistrate/REGISTRATE.REGISTER]: Registered create:large_bogey to registry ResourceKey[minecraft:root / minecraft:block]
[23Nov2025 22:02:03.885] [main/DEBUG] [com.tterrag.registrate.AbstractRegistrate/REGISTRATE.REGISTER]: Registered create:controls to registry ResourceKey[minecraft:root / minecraft:block]
[23Nov2025 22:02:03.887] [main/DEBUG] [com.tterrag.registrate.AbstractRegistrate/REGISTRATE.REGISTER]: Registered create:andesite_funnel to registry ResourceKey[minecraft:root / minecraft:block]
[23Nov2025 22:02:03.889] [main/DEBUG] [com.tterrag.registrate.AbstractRegistrate/REGISTRATE.REGISTER]: Registered create:andesite_belt_funnel to registry ResourceKey[minecraft:root / minecraft:block]
[23Nov2025 22:02:03.890] [main/DEBUG] [com.tterrag.registrate.AbstractRegistrate/REGISTRATE.REGISTER]: Registered create:brass_funnel to registry ResourceKey[minecraft:root / minecraft:block]
[23Nov2025 22:02:03.891] [main/DEBUG] [com.tterrag.registrate.AbstractRegistrate/REGISTRATE.REGISTER]: Registered create:brass_belt_funnel to registry ResourceKey[minecraft:root / minecraft:block]
[23Nov2025 22:02:03.893] [main/DEBUG] [com.tterrag.registrate.AbstractRegistrate/REGISTRATE.REGISTER]: Registered create:andesite_tunnel to registry ResourceKey[minecraft:root / minecraft:block]
[23Nov2025 22:02:03.893] [main/DEBUG] [com.tterrag.registrate.AbstractRegistrate/REGISTRATE.REGISTER]: Registered create:brass_tunnel to registry ResourceKey[minecraft:root / minecraft:block]
[23Nov2025 22:02:03.894] [main/DEBUG] [com.tterrag.registrate.AbstractRegistrate/REGISTRATE.REGISTER]: Registered create:content_observer to registry ResourceKey[minecraft:root / minecraft:block]
[23Nov2025 22:02:03.895] [main/DEBUG] [com.tterrag.registrate.AbstractRegistrate/REGISTRATE.REGISTER]: Registered create:stockpile_switch to registry ResourceKey[minecraft:root / minecraft:block]
[23Nov2025 22:02:03.895] [main/DEBUG] [com.tterrag.registrate.AbstractRegistrate/REGISTRATE.REGISTER]: Registered create:creative_crate to registry ResourceKey[minecraft:root / minecraft:block]
[23Nov2025 22:02:03.896] [main/DEBUG] [com.tterrag.registrate.AbstractRegistrate/REGISTRATE.REGISTER]: Registered create:item_vault to registry ResourceKey[minecraft:root / minecraft:block]
[23Nov2025 22:02:03.896] [main/DEBUG] [com.tterrag.registrate.AbstractRegistrate/REGISTRATE.REGISTER]: Registered create:item_hatch to registry ResourceKey[minecraft:root / minecraft:block]
[23Nov2025 22:02:03.897] [main/DEBUG] [com.tterrag.registrate.AbstractRegistrate/REGISTRATE.REGISTER]: Registered create:packager to registry ResourceKey[minecraft:root / minecraft:block]
[23Nov2025 22:02:03.897] [main/DEBUG] [com.tterrag.registrate.AbstractRegistrate/REGISTRATE.REGISTER]: Registered create:repackager to registry ResourceKey[minecraft:root / minecraft:block]
[23Nov2025 22:02:03.897] [main/DEBUG] [com.tterrag.registrate.AbstractRegistrate/REGISTRATE.REGISTER]: Registered create:package_frogport to registry ResourceKey[minecraft:root / minecraft:block]
[23Nov2025 22:02:03.897] [main/DEBUG] [com.tterrag.registrate.AbstractRegistrate/REGISTRATE.REGISTER]: Registered create:white_postbox to registry ResourceKey[minecraft:root / minecraft:block]
[23Nov2025 22:02:03.898] [main/DEBUG] [com.tterrag.registrate.AbstractRegistrate/REGISTRATE.REGISTER]: Registered create:orange_postbox to registry ResourceKey[minecraft:root / minecraft:block]
[23Nov2025 22:02:03.898] [main/DEBUG] [com.tterrag.registrate.AbstractRegistrate/REGISTRATE.REGISTER]: Registered create:magenta_postbox to registry ResourceKey[minecraft:root / minecraft:block]
[23Nov2025 22:02:03.898] [main/DEBUG] [com.tterrag.registrate.AbstractRegistrate/REGISTRATE.REGISTER]: Registered create:light_blue_postbox to registry ResourceKey[minecraft:root / minecraft:block]
[23Nov2025 22:02:03.899] [main/DEBUG] [com.tterrag.registrate.AbstractRegistrate/REGISTRATE.REGISTER]: Registered create:yellow_postbox to registry ResourceKey[minecraft:root / minecraft:block]
[23Nov2025 22:02:03.899] [main/DEBUG] [com.tterrag.registrate.AbstractRegistrate/REGISTRATE.REGISTER]: Registered create:lime_postbox to registry ResourceKey[minecraft:root / minecraft:block]
[23Nov2025 22:02:03.899] [main/DEBUG] [com.tterrag.registrate.AbstractRegistrate/REGISTRATE.REGISTER]: Registered create:pink_postbox to registry ResourceKey[minecraft:root / minecraft:block]
[23Nov2025 22:02:03.899] [main/DEBUG] [com.tterrag.registrate.AbstractRegistrate/REGISTRATE.REGISTER]: Registered create:gray_postbox to registry ResourceKey[minecraft:root / minecraft:block]
[23Nov2025 22:02:03.900] [main/DEBUG] [com.tterrag.registrate.AbstractRegistrate/REGISTRATE.REGISTER]: Registered create:light_gray_postbox to registry ResourceKey[minecraft:root / minecraft:block]
[23Nov2025 22:02:03.900] [main/DEBUG] [com.tterrag.registrate.AbstractRegistrate/REGISTRATE.REGISTER]: Registered create:cyan_postbox to registry ResourceKey[minecraft:root / minecraft:block]
[23Nov2025 22:02:03.900] [main/DEBUG] [com.tterrag.registrate.AbstractRegistrate/REGISTRATE.REGISTER]: Registered create:purple_postbox to registry ResourceKey[minecraft:root / minecraft:block]
[23Nov2025 22:02:03.900] [main/DEBUG] [com.tterrag.registrate.AbstractRegistrate/REGISTRATE.REGISTER]: Registered create:blue_postbox to registry ResourceKey[minecraft:root / minecraft:block]
[23Nov2025 22:02:03.901] [main/DEBUG] [com.tterrag.registrate.AbstractRegistrate/REGISTRATE.REGISTER]: Registered create:brown_postbox to registry ResourceKey[minecraft:root / minecraft:block]
[23Nov2025 22:02:03.901] [main/DEBUG] [com.tterrag.registrate.AbstractRegistrate/REGISTRATE.REGISTER]: Registered create:green_postbox to registry ResourceKey[minecraft:root / minecraft:block]
[23Nov2025 22:02:03.901] [main/DEBUG] [com.tterrag.registrate.AbstractRegistrate/REGISTRATE.REGISTER]: Registered create:red_postbox to registry ResourceKey[minecraft:root / minecraft:block]
[23Nov2025 22:02:03.901] [main/DEBUG] [com.tterrag.registrate.AbstractRegistrate/REGISTRATE.REGISTER]: Registered create:black_postbox to registry ResourceKey[minecraft:root / minecraft:block]
[23Nov2025 22:02:03.902] [main/DEBUG] [com.tterrag.registrate.AbstractRegistrate/REGISTRATE.REGISTER]: Registered create:stock_link to registry ResourceKey[minecraft:root / minecraft:block]
[23Nov2025 22:02:03.902] [main/DEBUG] [com.tterrag.registrate.AbstractRegistrate/REGISTRATE.REGISTER]: Registered create:stock_ticker to registry ResourceKey[minecraft:root / minecraft:block]
[23Nov2025 22:02:03.902] [main/DEBUG] [com.tterrag.registrate.AbstractRegistrate/REGISTRATE.REGISTER]: Registered create:redstone_requester to registry ResourceKey[minecraft:root / minecraft:block]
[23Nov2025 22:02:03.904] [main/DEBUG] [com.tterrag.registrate.AbstractRegistrate/REGISTRATE.REGISTER]: Registered create:factory_gauge to registry ResourceKey[minecraft:root / minecraft:block]
[23Nov2025 22:02:03.905] [main/DEBUG] [com.tterrag.registrate.AbstractRegistrate/REGISTRATE.REGISTER]: Registered create:white_table_cloth to registry ResourceKey[minecraft:root / minecraft:block]
[23Nov2025 22:02:03.905] [main/DEBUG] [com.tterrag.registrate.AbstractRegistrate/REGISTRATE.REGISTER]: Registered create:orange_table_cloth to registry ResourceKey[minecraft:root / minecraft:block]
[23Nov2025 22:02:03.905] [main/DEBUG] [com.tterrag.registrate.AbstractRegistrate/REGISTRATE.REGISTER]: Registered create:magenta_table_cloth to registry ResourceKey[minecraft:root / minecraft:block]
[23Nov2025 22:02:03.905] [main/DEBUG] [com.tterrag.registrate.AbstractRegistrate/REGISTRATE.REGISTER]: Registered create:light_blue_table_cloth to registry ResourceKey[minecraft:root / minecraft:block]
[23Nov2025 22:02:03.905] [main/DEBUG] [com.tterrag.registrate.AbstractRegistrate/REGISTRATE.REGISTER]: Registered create:yellow_table_cloth to registry ResourceKey[minecraft:root / minecraft:block]
[23Nov2025 22:02:03.905] [main/DEBUG] [com.tterrag.registrate.AbstractRegistrate/REGISTRATE.REGISTER]: Registered create:lime_table_cloth to registry ResourceKey[minecraft:root / minecraft:block]
[23Nov2025 22:02:03.906] [main/DEBUG] [com.tterrag.registrate.AbstractRegistrate/REGISTRATE.REGISTER]: Registered create:pink_table_cloth to registry ResourceKey[minecraft:root / minecraft:block]
[23Nov2025 22:02:03.906] [main/DEBUG] [com.tterrag.registrate.AbstractRegistrate/REGISTRATE.REGISTER]: Registered create:gray_table_cloth to registry ResourceKey[minecraft:root / minecraft:block]
[23Nov2025 22:02:03.906] [main/DEBUG] [com.tterrag.registrate.AbstractRegistrate/REGISTRATE.REGISTER]: Registered create:light_gray_table_cloth to registry ResourceKey[minecraft:root / minecraft:block]
[23Nov2025 22:02:03.906] [main/DEBUG] [com.tterrag.registrate.AbstractRegistrate/REGISTRATE.REGISTER]: Registered create:cyan_table_cloth to registry ResourceKey[minecraft:root / minecraft:block]
[23Nov2025 22:02:03.906] [main/DEBUG] [com.tterrag.registrate.AbstractRegistrate/REGISTRATE.REGISTER]: Registered create:purple_table_cloth to registry ResourceKey[minecraft:root / minecraft:block]
[23Nov2025 22:02:03.906] [main/DEBUG] [com.tterrag.registrate.AbstractRegistrate/REGISTRATE.REGISTER]: Registered create:blue_table_cloth to registry ResourceKey[minecraft:root / minecraft:block]
[23Nov2025 22:02:03.906] [main/DEBUG] [com.tterrag.registrate.AbstractRegistrate/REGISTRATE.REGISTER]: Registered create:brown_table_cloth to registry ResourceKey[minecraft:root / minecraft:block]
[23Nov2025 22:02:03.906] [main/DEBUG] [com.tterrag.registrate.AbstractRegistrate/REGISTRATE.REGISTER]: Registered create:green_table_cloth to registry ResourceKey[minecraft:root / minecraft:block]
[23Nov2025 22:02:03.907] [main/DEBUG] [com.tterrag.registrate.AbstractRegistrate/REGISTRATE.REGISTER]: Registered create:red_table_cloth to registry ResourceKey[minecraft:root / minecraft:block]
[23Nov2025 22:02:03.907] [main/DEBUG] [com.tterrag.registrate.AbstractRegistrate/REGISTRATE.REGISTER]: Registered create:black_table_cloth to registry ResourceKey[minecraft:root / minecraft:block]
[23Nov2025 22:02:03.907] [main/DEBUG] [com.tterrag.registrate.AbstractRegistrate/REGISTRATE.REGISTER]: Registered create:andesite_table_cloth to registry ResourceKey[minecraft:root / minecraft:block]
[23Nov2025 22:02:03.907] [main/DEBUG] [com.tterrag.registrate.AbstractRegistrate/REGISTRATE.REGISTER]: Registered create:brass_table_cloth to registry ResourceKey[minecraft:root / minecraft:block]
[23Nov2025 22:02:03.907] [main/DEBUG] [com.tterrag.registrate.AbstractRegistrate/REGISTRATE.REGISTER]: Registered create:copper_table_cloth to registry ResourceKey[minecraft:root / minecraft:block]
[23Nov2025 22:02:03.907] [main/DEBUG] [com.tterrag.registrate.AbstractRegistrate/REGISTRATE.REGISTER]: Registered create:display_link to registry ResourceKey[minecraft:root / minecraft:block]
[23Nov2025 22:02:03.908] [main/DEBUG] [com.tterrag.registrate.AbstractRegistrate/REGISTRATE.REGISTER]: Registered create:display_board to registry ResourceKey[minecraft:root / minecraft:block]
[23Nov2025 22:02:03.910] [main/DEBUG] [com.tterrag.registrate.AbstractRegistrate/REGISTRATE.REGISTER]: Registered create:nixie_tube to registry ResourceKey[minecraft:root / minecraft:block]
[23Nov2025 22:02:03.910] [main/DEBUG] [com.tterrag.registrate.AbstractRegistrate/REGISTRATE.REGISTER]: Registered create:white_nixie_tube to registry ResourceKey[minecraft:root / minecraft:block]
[23Nov2025 22:02:03.911] [main/DEBUG] [com.tterrag.registrate.AbstractRegistrate/REGISTRATE.REGISTER]: Registered create:magenta_nixie_tube to registry ResourceKey[minecraft:root / minecraft:block]
[23Nov2025 22:02:03.911] [main/DEBUG] [com.tterrag.registrate.AbstractRegistrate/REGISTRATE.REGISTER]: Registered create:light_blue_nixie_tube to registry ResourceKey[minecraft:root / minecraft:block]
[23Nov2025 22:02:03.911] [main/DEBUG] [com.tterrag.registrate.AbstractRegistrate/REGISTRATE.REGISTER]: Registered create:yellow_nixie_tube to registry ResourceKey[minecraft:root / minecraft:block]
[23Nov2025 22:02:03.912] [main/DEBUG] [com.tterrag.registrate.AbstractRegistrate/REGISTRATE.REGISTER]: Registered create:lime_nixie_tube to registry ResourceKey[minecraft:root / minecraft:block]
[23Nov2025 22:02:03.912] [main/DEBUG] [com.tterrag.registrate.AbstractRegistrate/REGISTRATE.REGISTER]: Registered create:pink_nixie_tube to registry ResourceKey[minecraft:root / minecraft:block]
[23Nov2025 22:02:03.913] [main/DEBUG] [com.tterrag.registrate.AbstractRegistrate/REGISTRATE.REGISTER]: Registered create:gray_nixie_tube to registry ResourceKey[minecraft:root / minecraft:block]
[23Nov2025 22:02:03.913] [main/DEBUG] [com.tterrag.registrate.AbstractRegistrate/REGISTRATE.REGISTER]: Registered create:light_gray_nixie_tube to registry ResourceKey[minecraft:root / minecraft:block]
[23Nov2025 22:02:03.913] [main/DEBUG] [com.tterrag.registrate.AbstractRegistrate/REGISTRATE.REGISTER]: Registered create:cyan_nixie_tube to registry ResourceKey[minecraft:root / minecraft:block]
[23Nov2025 22:02:03.914] [main/DEBUG] [com.tterrag.registrate.AbstractRegistrate/REGISTRATE.REGISTER]: Registered create:purple_nixie_tube to registry ResourceKey[minecraft:root / minecraft:block]
[23Nov2025 22:02:03.914] [main/DEBUG] [com.tterrag.registrate.AbstractRegistrate/REGISTRATE.REGISTER]: Registered create:blue_nixie_tube to registry ResourceKey[minecraft:root / minecraft:block]
[23Nov2025 22:02:03.915] [main/DEBUG] [com.tterrag.registrate.AbstractRegistrate/REGISTRATE.REGISTER]: Registered create:brown_nixie_tube to registry ResourceKey[minecraft:root / minecraft:block]
[23Nov2025 22:02:03.915] [main/DEBUG] [com.tterrag.registrate.AbstractRegistrate/REGISTRATE.REGISTER]: Registered create:green_nixie_tube to registry ResourceKey[minecraft:root / minecraft:block]
[23Nov2025 22:02:03.915] [main/DEBUG] [com.tterrag.registrate.AbstractRegistrate/REGISTRATE.REGISTER]: Registered create:red_nixie_tube to registry ResourceKey[minecraft:root / minecraft:block]
[23Nov2025 22:02:03.916] [main/DEBUG] [com.tterrag.registrate.AbstractRegistrate/REGISTRATE.REGISTER]: Registered create:black_nixie_tube to registry ResourceKey[minecraft:root / minecraft:block]
[23Nov2025 22:02:03.916] [main/DEBUG] [com.tterrag.registrate.AbstractRegistrate/REGISTRATE.REGISTER]: Registered create:rose_quartz_lamp to registry ResourceKey[minecraft:root / minecraft:block]
[23Nov2025 22:02:03.916] [main/DEBUG] [com.tterrag.registrate.AbstractRegistrate/REGISTRATE.REGISTER]: Registered create:redstone_link to registry ResourceKey[minecraft:root / minecraft:block]
[23Nov2025 22:02:03.917] [main/DEBUG] [com.tterrag.registrate.AbstractRegistrate/REGISTRATE.REGISTER]: Registered create:analog_lever to registry ResourceKey[minecraft:root / minecraft:block]
[23Nov2025 22:02:03.917] [main/DEBUG] [com.tterrag.registrate.AbstractRegistrate/REGISTRATE.REGISTER]: Registered create:placard to registry ResourceKey[minecraft:root / minecraft:block]
[23Nov2025 22:02:03.918] [main/DEBUG] [com.tterrag.registrate.AbstractRegistrate/REGISTRATE.REGISTER]: Registered create:pulse_repeater to registry ResourceKey[minecraft:root / minecraft:block]
[23Nov2025 22:02:03.918] [main/DEBUG] [com.tterrag.registrate.AbstractRegistrate/REGISTRATE.REGISTER]: Registered create:pulse_extender to registry ResourceKey[minecraft:root / minecraft:block]
[23Nov2025 22:02:03.918] [main/DEBUG] [com.tterrag.registrate.AbstractRegistrate/REGISTRATE.REGISTER]: Registered create:pulse_timer to registry ResourceKey[minecraft:root / minecraft:block]
[23Nov2025 22:02:03.919] [main/DEBUG] [com.tterrag.registrate.AbstractRegistrate/REGISTRATE.REGISTER]: Registered create:powered_latch to registry ResourceKey[minecraft:root / minecraft:block]
[23Nov2025 22:02:03.919] [main/DEBUG] [com.tterrag.registrate.AbstractRegistrate/REGISTRATE.REGISTER]: Registered create:powered_toggle_latch to registry ResourceKey[minecraft:root / minecraft:block]
[23Nov2025 22:02:03.919] [main/DEBUG] [com.tterrag.registrate.AbstractRegistrate/REGISTRATE.REGISTER]: Registered create:lectern_controller to registry ResourceKey[minecraft:root / minecraft:block]
[23Nov2025 22:02:03.920] [main/DEBUG] [com.tterrag.registrate.AbstractRegistrate/REGISTRATE.REGISTER]: Registered create:copper_backtank to registry ResourceKey[minecraft:root / minecraft:block]
[23Nov2025 22:02:03.920] [main/DEBUG] [com.tterrag.registrate.AbstractRegistrate/REGISTRATE.REGISTER]: Registered create:netherite_backtank to registry ResourceKey[minecraft:root / minecraft:block]
[23Nov2025 22:02:03.921] [main/DEBUG] [com.tterrag.registrate.AbstractRegistrate/REGISTRATE.REGISTER]: Registered create:peculiar_bell to registry ResourceKey[minecraft:root / minecraft:block]
[23Nov2025 22:02:03.921] [main/DEBUG] [com.tterrag.registrate.AbstractRegistrate/REGISTRATE.REGISTER]: Registered create:haunted_bell to registry ResourceKey[minecraft:root / minecraft:block]
[23Nov2025 22:02:03.921] [main/DEBUG] [com.tterrag.registrate.AbstractRegistrate/REGISTRATE.REGISTER]: Registered create:desk_bell to registry ResourceKey[minecraft:root / minecraft:block]
[23Nov2025 22:02:03.922] [main/DEBUG] [com.tterrag.registrate.AbstractRegistrate/REGISTRATE.REGISTER]: Registered create:white_toolbox to registry ResourceKey[minecraft:root / minecraft:block]
[23Nov2025 22:02:03.922] [main/DEBUG] [com.tterrag.registrate.AbstractRegistrate/REGISTRATE.REGISTER]: Registered create:orange_toolbox to registry ResourceKey[minecraft:root / minecraft:block]
[23Nov2025 22:02:03.922] [main/DEBUG] [com.tterrag.registrate.AbstractRegistrate/REGISTRATE.REGISTER]: Registered create:magenta_toolbox to registry ResourceKey[minecraft:root / minecraft:block]
[23Nov2025 22:02:03.922] [main/DEBUG] [com.tterrag.registrate.AbstractRegistrate/REGISTRATE.REGISTER]: Registered create:light_blue_toolbox to registry ResourceKey[minecraft:root / minecraft:block]
[23Nov2025 22:02:03.923] [main/DEBUG] [com.tterrag.registrate.AbstractRegistrate/REGISTRATE.REGISTER]: Registered create:yellow_toolbox to registry ResourceKey[minecraft:root / minecraft:block]
[23Nov2025 22:02:03.923] [main/DEBUG] [com.tterrag.registrate.AbstractRegistrate/REGISTRATE.REGISTER]: Registered create:lime_toolbox to registry ResourceKey[minecraft:root / minecraft:block]
[23Nov2025 22:02:03.923] [main/DEBUG] [com.tterrag.registrate.AbstractRegistrate/REGISTRATE.REGISTER]: Registered create:pink_toolbox to registry ResourceKey[minecraft:root / minecraft:block]
[23Nov2025 22:02:03.923] [main/DEBUG] [com.tterrag.registrate.AbstractRegistrate/REGISTRATE.REGISTER]: Registered create:gray_toolbox to registry ResourceKey[minecraft:root / minecraft:block]
[23Nov2025 22:02:03.923] [main/DEBUG] [com.tterrag.registrate.AbstractRegistrate/REGISTRATE.REGISTER]: Registered create:light_gray_toolbox to registry ResourceKey[minecraft:root / minecraft:block]
[23Nov2025 22:02:03.924] [main/DEBUG] [com.tterrag.registrate.AbstractRegistrate/REGISTRATE.REGISTER]: Registered create:cyan_toolbox to registry ResourceKey[minecraft:root / minecraft:block]
[23Nov2025 22:02:03.924] [main/DEBUG] [com.tterrag.registrate.AbstractRegistrate/REGISTRATE.REGISTER]: Registered create:purple_toolbox to registry ResourceKey[minecraft:root / minecraft:block]
[23Nov2025 22:02:03.924] [main/DEBUG] [com.tterrag.registrate.AbstractRegistrate/REGISTRATE.REGISTER]: Registered create:blue_toolbox to registry ResourceKey[minecraft:root / minecraft:block]
[23Nov2025 22:02:03.924] [main/DEBUG] [com.tterrag.registrate.AbstractRegistrate/REGISTRATE.REGISTER]: Registered create:brown_toolbox to registry ResourceKey[minecraft:root / minecraft:block]
[23Nov2025 22:02:03.924] [main/DEBUG] [com.tterrag.registrate.AbstractRegistrate/REGISTRATE.REGISTER]: Registered create:green_toolbox to registry ResourceKey[minecraft:root / minecraft:block]
[23Nov2025 22:02:03.924] [main/DEBUG] [com.tterrag.registrate.AbstractRegistrate/REGISTRATE.REGISTER]: Registered create:red_toolbox to registry ResourceKey[minecraft:root / minecraft:block]
[23Nov2025 22:02:03.924] [main/DEBUG] [com.tterrag.registrate.AbstractRegistrate/REGISTRATE.REGISTER]: Registered create:black_toolbox to registry ResourceKey[minecraft:root / minecraft:block]
[23Nov2025 22:02:03.925] [main/DEBUG] [com.tterrag.registrate.AbstractRegistrate/REGISTRATE.REGISTER]: Registered create:clipboard to registry ResourceKey[minecraft:root / minecraft:block]
[23Nov2025 22:02:03.926] [main/DEBUG] [com.tterrag.registrate.AbstractRegistrate/REGISTRATE.REGISTER]: Registered create:andesite_ladder to registry ResourceKey[minecraft:root / minecraft:block]
[23Nov2025 22:02:03.926] [main/DEBUG] [com.tterrag.registrate.AbstractRegistrate/REGISTRATE.REGISTER]: Registered create:brass_ladder to registry ResourceKey[minecraft:root / minecraft:block]
[23Nov2025 22:02:03.927] [main/DEBUG] [com.tterrag.registrate.AbstractRegistrate/REGISTRATE.REGISTER]: Registered create:copper_ladder to registry ResourceKey[minecraft:root / minecraft:block]
[23Nov2025 22:02:03.927] [main/DEBUG] [com.tterrag.registrate.AbstractRegistrate/REGISTRATE.REGISTER]: Registered create:andesite_bars to registry ResourceKey[minecraft:root / minecraft:block]
[23Nov2025 22:02:03.928] [main/DEBUG] [com.tterrag.registrate.AbstractRegistrate/REGISTRATE.REGISTER]: Registered create:brass_bars to registry ResourceKey[minecraft:root / minecraft:block]
[23Nov2025 22:02:03.929] [main/DEBUG] [com.tterrag.registrate.AbstractRegistrate/REGISTRATE.REGISTER]: Registered create:copper_bars to registry ResourceKey[minecraft:root / minecraft:block]
[23Nov2025 22:02:03.929] [main/DEBUG] [com.tterrag.registrate.AbstractRegistrate/REGISTRATE.REGISTER]: Registered create:andesite_scaffolding to registry ResourceKey[minecraft:root / minecraft:block]
[23Nov2025 22:02:03.930] [main/DEBUG] [com.tterrag.registrate.AbstractRegistrate/REGISTRATE.REGISTER]: Registered create:brass_scaffolding to registry ResourceKey[minecraft:root / minecraft:block]
[23Nov2025 22:02:03.930] [main/DEBUG] [com.tterrag.registrate.AbstractRegistrate/REGISTRATE.REGISTER]: Registered create:copper_scaffolding to registry ResourceKey[minecraft:root / minecraft:block]
[23Nov2025 22:02:03.932] [main/DEBUG] [com.tterrag.registrate.AbstractRegistrate/REGISTRATE.REGISTER]: Registered create:metal_girder to registry ResourceKey[minecraft:root / minecraft:block]
[23Nov2025 22:02:03.933] [main/DEBUG] [com.tterrag.registrate.AbstractRegistrate/REGISTRATE.REGISTER]: Registered create:metal_girder_encased_shaft to registry ResourceKey[minecraft:root / minecraft:block]
[23Nov2025 22:02:03.933] [main/DEBUG] [com.tterrag.registrate.AbstractRegistrate/REGISTRATE.REGISTER]: Registered create:copycat_base to registry ResourceKey[minecraft:root / minecraft:block]
[23Nov2025 22:02:03.934] [main/DEBUG] [com.tterrag.registrate.AbstractRegistrate/REGISTRATE.REGISTER]: Registered create:copycat_step to registry ResourceKey[minecraft:root / minecraft:block]
[23Nov2025 22:02:03.934] [main/DEBUG] [com.tterrag.registrate.AbstractRegistrate/REGISTRATE.REGISTER]: Registered create:copycat_panel to registry ResourceKey[minecraft:root / minecraft:block]
[23Nov2025 22:02:03.935] [main/DEBUG] [com.tterrag.registrate.AbstractRegistrate/REGISTRATE.REGISTER]: Registered create:copycat_bars to registry ResourceKey[minecraft:root / minecraft:block]
[23Nov2025 22:02:03.935] [main/DEBUG] [com.tterrag.registrate.AbstractRegistrate/REGISTRATE.REGISTER]: Registered create:white_seat to registry ResourceKey[minecraft:root / minecraft:block]
[23Nov2025 22:02:03.935] [main/DEBUG] [com.tterrag.registrate.AbstractRegistrate/REGISTRATE.REGISTER]: Registered create:orange_seat to registry ResourceKey[minecraft:root / minecraft:block]
[23Nov2025 22:02:03.935] [main/DEBUG] [com.tterrag.registrate.AbstractRegistrate/REGISTRATE.REGISTER]: Registered create:magenta_seat to registry ResourceKey[minecraft:root / minecraft:block]
[23Nov2025 22:02:03.935] [main/DEBUG] [com.tterrag.registrate.AbstractRegistrate/REGISTRATE.REGISTER]: Registered create:light_blue_seat to registry ResourceKey[minecraft:root / minecraft:block]
[23Nov2025 22:02:03.936] [main/DEBUG] [com.tterrag.registrate.AbstractRegistrate/REGISTRATE.REGISTER]: Registered create:yellow_seat to registry ResourceKey[minecraft:root / minecraft:block]
[23Nov2025 22:02:03.936] [main/DEBUG] [com.tterrag.registrate.AbstractRegistrate/REGISTRATE.REGISTER]: Registered create:lime_seat to registry ResourceKey[minecraft:root / minecraft:block]
[23Nov2025 22:02:03.936] [main/DEBUG] [com.tterrag.registrate.AbstractRegistrate/REGISTRATE.REGISTER]: Registered create:pink_seat to registry ResourceKey[minecraft:root / minecraft:block]
[23Nov2025 22:02:03.936] [main/DEBUG] [com.tterrag.registrate.AbstractRegistrate/REGISTRATE.REGISTER]: Registered create:gray_seat to registry ResourceKey[minecraft:root / minecraft:block]
[23Nov2025 22:02:03.936] [main/DEBUG] [com.tterrag.registrate.AbstractRegistrate/REGISTRATE.REGISTER]: Registered create:light_gray_seat to registry ResourceKey[minecraft:root / minecraft:block]
[23Nov2025 22:02:03.936] [main/DEBUG] [com.tterrag.registrate.AbstractRegistrate/REGISTRATE.REGISTER]: Registered create:cyan_seat to registry ResourceKey[minecraft:root / minecraft:block]
[23Nov2025 22:02:03.936] [main/DEBUG] [com.tterrag.registrate.AbstractRegistrate/REGISTRATE.REGISTER]: Registered create:purple_seat to registry ResourceKey[minecraft:root / minecraft:block]
[23Nov2025 22:02:03.936] [main/DEBUG] [com.tterrag.registrate.AbstractRegistrate/REGISTRATE.REGISTER]: Registered create:blue_seat to registry ResourceKey[minecraft:root / minecraft:block]
[23Nov2025 22:02:03.936] [main/DEBUG] [com.tterrag.registrate.AbstractRegistrate/REGISTRATE.REGISTER]: Registered create:brown_seat to registry ResourceKey[minecraft:root / minecraft:block]
[23Nov2025 22:02:03.936] [main/DEBUG] [com.tterrag.registrate.AbstractRegistrate/REGISTRATE.REGISTER]: Registered create:green_seat to registry ResourceKey[minecraft:root / minecraft:block]
[23Nov2025 22:02:03.936] [main/DEBUG] [com.tterrag.registrate.AbstractRegistrate/REGISTRATE.REGISTER]: Registered create:red_seat to registry ResourceKey[minecraft:root / minecraft:block]
[23Nov2025 22:02:03.937] [main/DEBUG] [com.tterrag.registrate.AbstractRegistrate/REGISTRATE.REGISTER]: Registered create:black_seat to registry ResourceKey[minecraft:root / minecraft:block]
[23Nov2025 22:02:03.939] [main/DEBUG] [com.tterrag.registrate.AbstractRegistrate/REGISTRATE.REGISTER]: Registered create:andesite_door to registry ResourceKey[minecraft:root / minecraft:block]
[23Nov2025 22:02:03.940] [main/DEBUG] [com.tterrag.registrate.AbstractRegistrate/REGISTRATE.REGISTER]: Registered create:brass_door to registry ResourceKey[minecraft:root / minecraft:block]
[23Nov2025 22:02:03.942] [main/DEBUG] [com.tterrag.registrate.AbstractRegistrate/REGISTRATE.REGISTER]: Registered create:copper_door to registry ResourceKey[minecraft:root / minecraft:block]
[23Nov2025 22:02:03.943] [main/DEBUG] [com.tterrag.registrate.AbstractRegistrate/REGISTRATE.REGISTER]: Registered create:train_door to registry ResourceKey[minecraft:root / minecraft:block]
[23Nov2025 22:02:03.944] [main/DEBUG] [com.tterrag.registrate.AbstractRegistrate/REGISTRATE.REGISTER]: Registered create:train_trapdoor to registry ResourceKey[minecraft:root / minecraft:block]
[23Nov2025 22:02:03.946] [main/DEBUG] [com.tterrag.registrate.AbstractRegistrate/REGISTRATE.REGISTER]: Registered create:framed_glass_door to registry ResourceKey[minecraft:root / minecraft:block]
[23Nov2025 22:02:03.947] [main/DEBUG] [com.tterrag.registrate.AbstractRegistrate/REGISTRATE.REGISTER]: Registered create:framed_glass_trapdoor to registry ResourceKey[minecraft:root / minecraft:block]
[23Nov2025 22:02:03.947] [main/DEBUG] [com.tterrag.registrate.AbstractRegistrate/REGISTRATE.REGISTER]: Registered create:zinc_ore to registry ResourceKey[minecraft:root / minecraft:block]
[23Nov2025 22:02:03.947] [main/DEBUG] [com.tterrag.registrate.AbstractRegistrate/REGISTRATE.REGISTER]: Registered create:deepslate_zinc_ore to registry ResourceKey[minecraft:root / minecraft:block]
[23Nov2025 22:02:03.947] [main/DEBUG] [com.tterrag.registrate.AbstractRegistrate/REGISTRATE.REGISTER]: Registered create:raw_zinc_block to registry ResourceKey[minecraft:root / minecraft:block]
[23Nov2025 22:02:03.947] [main/DEBUG] [com.tterrag.registrate.AbstractRegistrate/REGISTRATE.REGISTER]: Registered create:zinc_block to registry ResourceKey[minecraft:root / minecraft:block]
[23Nov2025 22:02:03.947] [main/DEBUG] [com.tterrag.registrate.AbstractRegistrate/REGISTRATE.REGISTER]: Registered create:andesite_alloy_block to registry ResourceKey[minecraft:root / minecraft:block]
[23Nov2025 22:02:03.947] [main/DEBUG] [com.tterrag.registrate.AbstractRegistrate/REGISTRATE.REGISTER]: Registered create:industrial_iron_block to registry ResourceKey[minecraft:root / minecraft:block]
[23Nov2025 22:02:03.947] [main/DEBUG] [com.tterrag.registrate.AbstractRegistrate/REGISTRATE.REGISTER]: Registered create:weathered_iron_block to registry ResourceKey[minecraft:root / minecraft:block]
[23Nov2025 22:02:03.947] [main/DEBUG] [com.tterrag.registrate.AbstractRegistrate/REGISTRATE.REGISTER]: Registered create:brass_block to registry ResourceKey[minecraft:root / minecraft:block]
[23Nov2025 22:02:03.947] [main/DEBUG] [com.tterrag.registrate.AbstractRegistrate/REGISTRATE.REGISTER]: Registered create:cardboard_block to registry ResourceKey[minecraft:root / minecraft:block]
[23Nov2025 22:02:03.947] [main/DEBUG] [com.tterrag.registrate.AbstractRegistrate/REGISTRATE.REGISTER]: Registered create:bound_cardboard_block to registry ResourceKey[minecraft:root / minecraft:block]
[23Nov2025 22:02:03.948] [main/DEBUG] [com.tterrag.registrate.AbstractRegistrate/REGISTRATE.REGISTER]: Registered create:experience_block to registry ResourceKey[minecraft:root / minecraft:block]
[23Nov2025 22:02:03.948] [main/DEBUG] [com.tterrag.registrate.AbstractRegistrate/REGISTRATE.REGISTER]: Registered create:rose_quartz_block to registry ResourceKey[minecraft:root / minecraft:block]
[23Nov2025 22:02:03.949] [main/DEBUG] [com.tterrag.registrate.AbstractRegistrate/REGISTRATE.REGISTER]: Registered create:rose_quartz_tiles to registry ResourceKey[minecraft:root / minecraft:block]
[23Nov2025 22:02:03.949] [main/DEBUG] [com.tterrag.registrate.AbstractRegistrate/REGISTRATE.REGISTER]: Registered create:small_rose_quartz_tiles to registry ResourceKey[minecraft:root / minecraft:block]
[23Nov2025 22:02:03.949] [main/DEBUG] [com.tterrag.registrate.AbstractRegistrate/REGISTRATE.REGISTER]: Registered create:copper_shingles to registry ResourceKey[minecraft:root / minecraft:block]
[23Nov2025 22:02:03.949] [main/DEBUG] [com.tterrag.registrate.AbstractRegistrate/REGISTRATE.REGISTER]: Registered create:exposed_copper_shingles to registry ResourceKey[minecraft:root / minecraft:block]
[23Nov2025 22:02:03.949] [main/DEBUG] [com.tterrag.registrate.AbstractRegistrate/REGISTRATE.REGISTER]: Registered create:weathered_copper_shingles to registry ResourceKey[minecraft:root / minecraft:block]
[23Nov2025 22:02:03.949] [main/DEBUG] [com.tterrag.registrate.AbstractRegistrate/REGISTRATE.REGISTER]: Registered create:oxidized_copper_shingles to registry ResourceKey[minecraft:root / minecraft:block]
[23Nov2025 22:02:03.949] [main/DEBUG] [com.tterrag.registrate.AbstractRegistrate/REGISTRATE.REGISTER]: Registered create:copper_shingle_slab to registry ResourceKey[minecraft:root / minecraft:block]
[23Nov2025 22:02:03.950] [main/DEBUG] [com.tterrag.registrate.AbstractRegistrate/REGISTRATE.REGISTER]: Registered create:exposed_copper_shingle_slab to registry ResourceKey[minecraft:root / minecraft:block]
[23Nov2025 22:02:03.950] [main/DEBUG] [com.tterrag.registrate.AbstractRegistrate/REGISTRATE.REGISTER]: Registered create:weathered_copper_shingle_slab to registry ResourceKey[minecraft:root / minecraft:block]
[23Nov2025 22:02:03.950] [main/DEBUG] [com.tterrag.registrate.AbstractRegistrate/REGISTRATE.REGISTER]: Registered create:oxidized_copper_shingle_slab to registry ResourceKey[minecraft:root / minecraft:block]
[23Nov2025 22:02:03.951] [main/DEBUG] [com.tterrag.registrate.AbstractRegistrate/REGISTRATE.REGISTER]: Registered create:copper_shingle_stairs to registry ResourceKey[minecraft:root / minecraft:block]
[23Nov2025 22:02:03.952] [main/DEBUG] [com.tterrag.registrate.AbstractRegistrate/REGISTRATE.REGISTER]: Registered create:exposed_copper_shingle_stairs to registry ResourceKey[minecraft:root / minecraft:block]
[23Nov2025 22:02:03.953] [main/DEBUG] [com.tterrag.registrate.AbstractRegistrate/REGISTRATE.REGISTER]: Registered create:weathered_copper_shingle_stairs to registry ResourceKey[minecraft:root / minecraft:block]
[23Nov2025 22:02:03.954] [main/DEBUG] [com.tterrag.registrate.AbstractRegistrate/REGISTRATE.REGISTER]: Registered create:oxidized_copper_shingle_stairs to registry ResourceKey[minecraft:root / minecraft:block]
[23Nov2025 22:02:03.954] [main/DEBUG] [com.tterrag.registrate.AbstractRegistrate/REGISTRATE.REGISTER]: Registered create:waxed_copper_shingles to registry ResourceKey[minecraft:root / minecraft:block]
[23Nov2025 22:02:03.954] [main/DEBUG] [com.tterrag.registrate.AbstractRegistrate/REGISTRATE.REGISTER]: Registered create:waxed_exposed_copper_shingles to registry ResourceKey[minecraft:root / minecraft:block]
[23Nov2025 22:02:03.954] [main/DEBUG] [com.tterrag.registrate.AbstractRegistrate/REGISTRATE.REGISTER]: Registered create:waxed_weathered_copper_shingles to registry ResourceKey[minecraft:root / minecraft:block]
[23Nov2025 22:02:03.954] [main/DEBUG] [com.tterrag.registrate.AbstractRegistrate/REGISTRATE.REGISTER]: Registered create:waxed_oxidized_copper_shingles to registry ResourceKey[minecraft:root / minecraft:block]
[23Nov2025 22:02:03.954] [main/DEBUG] [com.tterrag.registrate.AbstractRegistrate/REGISTRATE.REGISTER]: Registered create:waxed_copper_shingle_slab to registry ResourceKey[minecraft:root / minecraft:block]
[23Nov2025 22:02:03.955] [main/DEBUG] [com.tterrag.registrate.AbstractRegistrate/REGISTRATE.REGISTER]: Registered create:waxed_exposed_copper_shingle_slab to registry ResourceKey[minecraft:root / minecraft:block]
[23Nov2025 22:02:03.955] [main/DEBUG] [com.tterrag.registrate.AbstractRegistrate/REGISTRATE.REGISTER]: Registered create:waxed_weathered_copper_shingle_slab to registry ResourceKey[minecraft:root / minecraft:block]
[23Nov2025 22:02:03.955] [main/DEBUG] [com.tterrag.registrate.AbstractRegistrate/REGISTRATE.REGISTER]: Registered create:waxed_oxidized_copper_shingle_slab to registry ResourceKey[minecraft:root / minecraft:block]
[23Nov2025 22:02:03.956] [main/DEBUG] [com.tterrag.registrate.AbstractRegistrate/REGISTRATE.REGISTER]: Registered create:waxed_copper_shingle_stairs to registry ResourceKey[minecraft:root / minecraft:block]
[23Nov2025 22:02:03.957] [main/DEBUG] [com.tterrag.registrate.AbstractRegistrate/REGISTRATE.REGISTER]: Registered create:waxed_exposed_copper_shingle_stairs to registry ResourceKey[minecraft:root / minecraft:block]
[23Nov2025 22:02:03.958] [main/DEBUG] [com.tterrag.registrate.AbstractRegistrate/REGISTRATE.REGISTER]: Registered create:waxed_weathered_copper_shingle_stairs to registry ResourceKey[minecraft:root / minecraft:block]
[23Nov2025 22:02:03.959] [main/DEBUG] [com.tterrag.registrate.AbstractRegistrate/REGISTRATE.REGISTER]: Registered create:waxed_oxidized_copper_shingle_stairs to registry ResourceKey[minecraft:root / minecraft:block]
[23Nov2025 22:02:03.959] [main/DEBUG] [com.tterrag.registrate.AbstractRegistrate/REGISTRATE.REGISTER]: Registered create:copper_tiles to registry ResourceKey[minecraft:root / minecraft:block]
[23Nov2025 22:02:03.959] [main/DEBUG] [com.tterrag.registrate.AbstractRegistrate/REGISTRATE.REGISTER]: Registered create:exposed_copper_tiles to registry ResourceKey[minecraft:root / minecraft:block]
[23Nov2025 22:02:03.959] [main/DEBUG] [com.tterrag.registrate.AbstractRegistrate/REGISTRATE.REGISTER]: Registered create:weathered_copper_tiles to registry ResourceKey[minecraft:root / minecraft:block]
[23Nov2025 22:02:03.959] [main/DEBUG] [com.tterrag.registrate.AbstractRegistrate/REGISTRATE.REGISTER]: Registered create:oxidized_copper_tiles to registry ResourceKey[minecraft:root / minecraft:block]
[23Nov2025 22:02:03.959] [main/DEBUG] [com.tterrag.registrate.AbstractRegistrate/REGISTRATE.REGISTER]: Registered create:copper_tile_slab to registry ResourceKey[minecraft:root / minecraft:block]
[23Nov2025 22:02:03.959] [main/DEBUG] [com.tterrag.registrate.AbstractRegistrate/REGISTRATE.REGISTER]: Registered create:exposed_copper_tile_slab to registry ResourceKey[minecraft:root / minecraft:block]
[23Nov2025 22:02:03.960] [main/DEBUG] [com.tterrag.registrate.AbstractRegistrate/REGISTRATE.REGISTER]: Registered create:weathered_copper_tile_slab to registry ResourceKey[minecraft:root / minecraft:block]
[23Nov2025 22:02:03.960] [main/DEBUG] [com.tterrag.registrate.AbstractRegistrate/REGISTRATE.REGISTER]: Registered create:oxidized_copper_tile_slab to registry ResourceKey[minecraft:root / minecraft:block]
[23Nov2025 22:02:03.961] [main/DEBUG] [com.tterrag.registrate.AbstractRegistrate/REGISTRATE.REGISTER]: Registered create:copper_tile_stairs to registry ResourceKey[minecraft:root / minecraft:block]
[23Nov2025 22:02:03.962] [main/DEBUG] [com.tterrag.registrate.AbstractRegistrate/REGISTRATE.REGISTER]: Registered create:exposed_copper_tile_stairs to registry ResourceKey[minecraft:root / minecraft:block]
[23Nov2025 22:02:03.963] [main/DEBUG] [com.tterrag.registrate.AbstractRegistrate/REGISTRATE.REGISTER]: Registered create:weathered_copper_tile_stairs to registry ResourceKey[minecraft:root / minecraft:block]
[23Nov2025 22:02:03.963] [main/DEBUG] [com.tterrag.registrate.AbstractRegistrate/REGISTRATE.REGISTER]: Registered create:oxidized_copper_tile_stairs to registry ResourceKey[minecraft:root / minecraft:block]
[23Nov2025 22:02:03.964] [main/DEBUG] [com.tterrag.registrate.AbstractRegistrate/REGISTRATE.REGISTER]: Registered create:waxed_copper_tiles to registry ResourceKey[minecraft:root / minecraft:block]
[23Nov2025 22:02:03.964] [main/DEBUG] [com.tterrag.registrate.AbstractRegistrate/REGISTRATE.REGISTER]: Registered create:waxed_exposed_copper_tiles to registry ResourceKey[minecraft:root / minecraft:block]
[23Nov2025 22:02:03.964] [main/DEBUG] [com.tterrag.registrate.AbstractRegistrate/REGISTRATE.REGISTER]: Registered create:waxed_weathered_copper_tiles to registry ResourceKey[minecraft:root / minecraft:block]
[23Nov2025 22:02:03.964] [main/DEBUG] [com.tterrag.registrate.AbstractRegistrate/REGISTRATE.REGISTER]: Registered create:waxed_oxidized_copper_tiles to registry ResourceKey[minecraft:root / minecraft:block]
[23Nov2025 22:02:03.964] [main/DEBUG] [com.tterrag.registrate.AbstractRegistrate/REGISTRATE.REGISTER]: Registered create:waxed_copper_tile_slab to registry ResourceKey[minecraft:root / minecraft:block]
[23Nov2025 22:02:03.964] [main/DEBUG] [com.tterrag.registrate.AbstractRegistrate/REGISTRATE.REGISTER]: Registered create:waxed_exposed_copper_tile_slab to registry ResourceKey[minecraft:root / minecraft:block]
[23Nov2025 22:02:03.965] [main/DEBUG] [com.tterrag.registrate.AbstractRegistrate/REGISTRATE.REGISTER]: Registered create:waxed_weathered_copper_tile_slab to registry ResourceKey[minecraft:root / minecraft:block]
[23Nov2025 22:02:03.965] [main/DEBUG] [com.tterrag.registrate.AbstractRegistrate/REGISTRATE.REGISTER]: Registered create:waxed_oxidized_copper_tile_slab to registry ResourceKey[minecraft:root / minecraft:block]
[23Nov2025 22:02:03.966] [main/DEBUG] [com.tterrag.registrate.AbstractRegistrate/REGISTRATE.REGISTER]: Registered create:waxed_copper_tile_stairs to registry ResourceKey[minecraft:root / minecraft:block]
[23Nov2025 22:02:03.967] [main/DEBUG] [com.tterrag.registrate.AbstractRegistrate/REGISTRATE.REGISTER]: Registered create:waxed_exposed_copper_tile_stairs to registry ResourceKey[minecraft:root / minecraft:block]
[23Nov2025 22:02:03.968] [main/DEBUG] [com.tterrag.registrate.AbstractRegistrate/REGISTRATE.REGISTER]: Registered create:waxed_weathered_copper_tile_stairs to registry ResourceKey[minecraft:root / minecraft:block]
[23Nov2025 22:02:03.968] [main/DEBUG] [com.tterrag.registrate.AbstractRegistrate/REGISTRATE.REGISTER]: Registered create:waxed_oxidized_copper_tile_stairs to registry ResourceKey[minecraft:root / minecraft:block]
[23Nov2025 22:02:03.970] [main/DEBUG] [com.tterrag.registrate.AbstractRegistrate/REGISTRATE.REGISTER]: Registered create:honey to registry ResourceKey[minecraft:root / minecraft:block]
[23Nov2025 22:02:03.971] [main/DEBUG] [com.tterrag.registrate.AbstractRegistrate/REGISTRATE.REGISTER]: Registered create:chocolate to registry ResourceKey[minecraft:root / minecraft:block]
[23Nov2025 22:02:03.971] [main/DEBUG] [com.tterrag.registrate.AbstractRegistrate/REGISTRATE.REGISTER]: Registered create:tiled_glass to registry ResourceKey[minecraft:root / minecraft:block]
[23Nov2025 22:02:03.971] [main/DEBUG] [com.tterrag.registrate.AbstractRegistrate/REGISTRATE.REGISTER]: Registered create:framed_glass to registry ResourceKey[minecraft:root / minecraft:block]
[23Nov2025 22:02:03.972] [main/DEBUG] [com.tterrag.registrate.AbstractRegistrate/REGISTRATE.REGISTER]: Registered create:horizontal_framed_glass to registry ResourceKey[minecraft:root / minecraft:block]
[23Nov2025 22:02:03.972] [main/DEBUG] [com.tterrag.registrate.AbstractRegistrate/REGISTRATE.REGISTER]: Registered create:vertical_framed_glass to registry ResourceKey[minecraft:root / minecraft:block]
[23Nov2025 22:02:03.973] [main/DEBUG] [com.tterrag.registrate.AbstractRegistrate/REGISTRATE.REGISTER]: Registered create:tiled_glass_pane to registry ResourceKey[minecraft:root / minecraft:block]
[23Nov2025 22:02:03.973] [main/DEBUG] [com.tterrag.registrate.AbstractRegistrate/REGISTRATE.REGISTER]: Registered create:framed_glass_pane to registry ResourceKey[minecraft:root / minecraft:block]
[23Nov2025 22:02:03.974] [main/DEBUG] [com.tterrag.registrate.AbstractRegistrate/REGISTRATE.REGISTER]: Registered create:horizontal_framed_glass_pane to registry ResourceKey[minecraft:root / minecraft:block]
[23Nov2025 22:02:03.975] [main/DEBUG] [com.tterrag.registrate.AbstractRegistrate/REGISTRATE.REGISTER]: Registered create:vertical_framed_glass_pane to registry ResourceKey[minecraft:root / minecraft:block]
[23Nov2025 22:02:03.975] [main/DEBUG] [com.tterrag.registrate.AbstractRegistrate/REGISTRATE.REGISTER]: Registered create:oak_window to registry ResourceKey[minecraft:root / minecraft:block]
[23Nov2025 22:02:03.975] [main/DEBUG] [com.tterrag.registrate.AbstractRegistrate/REGISTRATE.REGISTER]: Registered create:spruce_window to registry ResourceKey[minecraft:root / minecraft:block]
[23Nov2025 22:02:03.975] [main/DEBUG] [com.tterrag.registrate.AbstractRegistrate/REGISTRATE.REGISTER]: Registered create:birch_window to registry ResourceKey[minecraft:root / minecraft:block]
[23Nov2025 22:02:03.975] [main/DEBUG] [com.tterrag.registrate.AbstractRegistrate/REGISTRATE.REGISTER]: Registered create:jungle_window to registry ResourceKey[minecraft:root / minecraft:block]
[23Nov2025 22:02:03.975] [main/DEBUG] [com.tterrag.registrate.AbstractRegistrate/REGISTRATE.REGISTER]: Registered create:acacia_window to registry ResourceKey[minecraft:root / minecraft:block]
[23Nov2025 22:02:03.975] [main/DEBUG] [com.tterrag.registrate.AbstractRegistrate/REGISTRATE.REGISTER]: Registered create:dark_oak_window to registry ResourceKey[minecraft:root / minecraft:block]
[23Nov2025 22:02:03.975] [main/DEBUG] [com.tterrag.registrate.AbstractRegistrate/REGISTRATE.REGISTER]: Registered create:mangrove_window to registry ResourceKey[minecraft:root / minecraft:block]
[23Nov2025 22:02:03.975] [main/DEBUG] [com.tterrag.registrate.AbstractRegistrate/REGISTRATE.REGISTER]: Registered create:crimson_window to registry ResourceKey[minecraft:root / minecraft:block]
[23Nov2025 22:02:03.976] [main/DEBUG] [com.tterrag.registrate.AbstractRegistrate/REGISTRATE.REGISTER]: Registered create:warped_window to registry ResourceKey[minecraft:root / minecraft:block]
[23Nov2025 22:02:03.976] [main/DEBUG] [com.tterrag.registrate.AbstractRegistrate/REGISTRATE.REGISTER]: Registered create:cherry_window to registry ResourceKey[minecraft:root / minecraft:block]
[23Nov2025 22:02:03.976] [main/DEBUG] [com.tterrag.registrate.AbstractRegistrate/REGISTRATE.REGISTER]: Registered create:bamboo_window to registry ResourceKey[minecraft:root / minecraft:block]
[23Nov2025 22:02:03.976] [main/DEBUG] [com.tterrag.registrate.AbstractRegistrate/REGISTRATE.REGISTER]: Registered create:ornate_iron_window to registry ResourceKey[minecraft:root / minecraft:block]
[23Nov2025 22:02:03.976] [main/DEBUG] [com.tterrag.registrate.AbstractRegistrate/REGISTRATE.REGISTER]: Registered create:industrial_iron_window to registry ResourceKey[minecraft:root / minecraft:block]
[23Nov2025 22:02:03.976] [main/DEBUG] [com.tterrag.registrate.AbstractRegistrate/REGISTRATE.REGISTER]: Registered create:weathered_iron_window to registry ResourceKey[minecraft:root / minecraft:block]
[23Nov2025 22:02:03.977] [main/DEBUG] [com.tterrag.registrate.AbstractRegistrate/REGISTRATE.REGISTER]: Registered create:oak_window_pane to registry ResourceKey[minecraft:root / minecraft:block]
[23Nov2025 22:02:03.977] [main/DEBUG] [com.tterrag.registrate.AbstractRegistrate/REGISTRATE.REGISTER]: Registered create:spruce_window_pane to registry ResourceKey[minecraft:root / minecraft:block]
[23Nov2025 22:02:03.978] [main/DEBUG] [com.tterrag.registrate.AbstractRegistrate/REGISTRATE.REGISTER]: Registered create:birch_window_pane to registry ResourceKey[minecraft:root / minecraft:block]
[23Nov2025 22:02:03.979] [main/DEBUG] [com.tterrag.registrate.AbstractRegistrate/REGISTRATE.REGISTER]: Registered create:jungle_window_pane to registry ResourceKey[minecraft:root / minecraft:block]
[23Nov2025 22:02:03.979] [main/DEBUG] [com.tterrag.registrate.AbstractRegistrate/REGISTRATE.REGISTER]: Registered create:acacia_window_pane to registry ResourceKey[minecraft:root / minecraft:block]
[23Nov2025 22:02:03.980] [main/DEBUG] [com.tterrag.registrate.AbstractRegistrate/REGISTRATE.REGISTER]: Registered create:dark_oak_window_pane to registry ResourceKey[minecraft:root / minecraft:block]
[23Nov2025 22:02:03.981] [main/DEBUG] [com.tterrag.registrate.AbstractRegistrate/REGISTRATE.REGISTER]: Registered create:mangrove_window_pane to registry ResourceKey[minecraft:root / minecraft:block]
[23Nov2025 22:02:03.981] [main/DEBUG] [com.tterrag.registrate.AbstractRegistrate/REGISTRATE.REGISTER]: Registered create:crimson_window_pane to registry ResourceKey[minecraft:root / minecraft:block]
[23Nov2025 22:02:03.982] [main/DEBUG] [com.tterrag.registrate.AbstractRegistrate/REGISTRATE.REGISTER]: Registered create:warped_window_pane to registry ResourceKey[minecraft:root / minecraft:block]
[23Nov2025 22:02:03.983] [main/DEBUG] [com.tterrag.registrate.AbstractRegistrate/REGISTRATE.REGISTER]: Registered create:cherry_window_pane to registry ResourceKey[minecraft:root / minecraft:block]
[23Nov2025 22:02:03.983] [main/DEBUG] [com.tterrag.registrate.AbstractRegistrate/REGISTRATE.REGISTER]: Registered create:bamboo_window_pane to registry ResourceKey[minecraft:root / minecraft:block]
[23Nov2025 22:02:03.984] [main/DEBUG] [com.tterrag.registrate.AbstractRegistrate/REGISTRATE.REGISTER]: Registered create:ornate_iron_window_pane to registry ResourceKey[minecraft:root / minecraft:block]
[23Nov2025 22:02:03.985] [main/DEBUG] [com.tterrag.registrate.AbstractRegistrate/REGISTRATE.REGISTER]: Registered create:industrial_iron_window_pane to registry ResourceKey[minecraft:root / minecraft:block]
[23Nov2025 22:02:03.985] [main/DEBUG] [com.tterrag.registrate.AbstractRegistrate/REGISTRATE.REGISTER]: Registered create:weathered_iron_window_pane to registry ResourceKey[minecraft:root / minecraft:block]
[23Nov2025 22:02:03.986] [main/DEBUG] [com.tterrag.registrate.AbstractRegistrate/REGISTRATE.REGISTER]: Registered create:cut_granite to registry ResourceKey[minecraft:root / minecraft:block]
[23Nov2025 22:02:03.987] [main/DEBUG] [com.tterrag.registrate.AbstractRegistrate/REGISTRATE.REGISTER]: Registered create:cut_granite_stairs to registry ResourceKey[minecraft:root / minecraft:block]
[23Nov2025 22:02:03.987] [main/DEBUG] [com.tterrag.registrate.AbstractRegistrate/REGISTRATE.REGISTER]: Registered create:cut_granite_slab to registry ResourceKey[minecraft:root / minecraft:block]
[23Nov2025 22:02:03.996] [main/DEBUG] [com.tterrag.registrate.AbstractRegistrate/REGISTRATE.REGISTER]: Registered create:cut_granite_wall to registry ResourceKey[minecraft:root / minecraft:block]
[23Nov2025 22:02:03.997] [main/DEBUG] [com.tterrag.registrate.AbstractRegistrate/REGISTRATE.REGISTER]: Registered create:polished_cut_granite to registry ResourceKey[minecraft:root / minecraft:block]
[23Nov2025 22:02:03.998] [main/DEBUG] [com.tterrag.registrate.AbstractRegistrate/REGISTRATE.REGISTER]: Registered create:polished_cut_granite_stairs to registry ResourceKey[minecraft:root / minecraft:block]
[23Nov2025 22:02:03.998] [main/DEBUG] [com.tterrag.registrate.AbstractRegistrate/REGISTRATE.REGISTER]: Registered create:polished_cut_granite_slab to registry ResourceKey[minecraft:root / minecraft:block]
[23Nov2025 22:02:04.008] [main/DEBUG] [com.tterrag.registrate.AbstractRegistrate/REGISTRATE.REGISTER]: Registered create:polished_cut_granite_wall to registry ResourceKey[minecraft:root / minecraft:block]
[23Nov2025 22:02:04.008] [main/DEBUG] [com.tterrag.registrate.AbstractRegistrate/REGISTRATE.REGISTER]: Registered create:cut_granite_bricks to registry ResourceKey[minecraft:root / minecraft:block]
[23Nov2025 22:02:04.009] [main/DEBUG] [com.tterrag.registrate.AbstractRegistrate/REGISTRATE.REGISTER]: Registered create:cut_granite_brick_stairs to registry ResourceKey[minecraft:root / minecraft:block]
[23Nov2025 22:02:04.009] [main/DEBUG] [com.tterrag.registrate.AbstractRegistrate/REGISTRATE.REGISTER]: Registered create:cut_granite_brick_slab to registry ResourceKey[minecraft:root / minecraft:block]
[23Nov2025 22:02:04.017] [main/DEBUG] [com.tterrag.registrate.AbstractRegistrate/REGISTRATE.REGISTER]: Registered create:cut_granite_brick_wall to registry ResourceKey[minecraft:root / minecraft:block]
[23Nov2025 22:02:04.017] [main/DEBUG] [com.tterrag.registrate.AbstractRegistrate/REGISTRATE.REGISTER]: Registered create:small_granite_bricks to registry ResourceKey[minecraft:root / minecraft:block]
[23Nov2025 22:02:04.018] [main/DEBUG] [com.tterrag.registrate.AbstractRegistrate/REGISTRATE.REGISTER]: Registered create:small_granite_brick_stairs to registry ResourceKey[minecraft:root / minecraft:block]
[23Nov2025 22:02:04.018] [main/DEBUG] [com.tterrag.registrate.AbstractRegistrate/REGISTRATE.REGISTER]: Registered create:small_granite_brick_slab to registry ResourceKey[minecraft:root / minecraft:block]
[23Nov2025 22:02:04.025] [main/DEBUG] [com.tterrag.registrate.AbstractRegistrate/REGISTRATE.REGISTER]: Registered create:small_granite_brick_wall to registry ResourceKey[minecraft:root / minecraft:block]
[23Nov2025 22:02:04.025] [main/DEBUG] [com.tterrag.registrate.AbstractRegistrate/REGISTRATE.REGISTER]: Registered create:layered_granite to registry ResourceKey[minecraft:root / minecraft:block]
[23Nov2025 22:02:04.026] [main/DEBUG] [com.tterrag.registrate.AbstractRegistrate/REGISTRATE.REGISTER]: Registered create:granite_pillar to registry ResourceKey[minecraft:root / minecraft:block]
[23Nov2025 22:02:04.026] [main/DEBUG] [com.tterrag.registrate.AbstractRegistrate/REGISTRATE.REGISTER]: Registered create:cut_diorite to registry ResourceKey[minecraft:root / minecraft:block]
[23Nov2025 22:02:04.027] [main/DEBUG] [com.tterrag.registrate.AbstractRegistrate/REGISTRATE.REGISTER]: Registered create:cut_diorite_stairs to registry ResourceKey[minecraft:root / minecraft:block]
[23Nov2025 22:02:04.027] [main/DEBUG] [com.tterrag.registrate.AbstractRegistrate/REGISTRATE.REGISTER]: Registered create:cut_diorite_slab to registry ResourceKey[minecraft:root / minecraft:block]
[23Nov2025 22:02:04.034] [main/DEBUG] [com.tterrag.registrate.AbstractRegistrate/REGISTRATE.REGISTER]: Registered create:cut_diorite_wall to registry ResourceKey[minecraft:root / minecraft:block]
[23Nov2025 22:02:04.035] [main/DEBUG] [com.tterrag.registrate.AbstractRegistrate/REGISTRATE.REGISTER]: Registered create:polished_cut_diorite to registry ResourceKey[minecraft:root / minecraft:block]
[23Nov2025 22:02:04.036] [main/DEBUG] [com.tterrag.registrate.AbstractRegistrate/REGISTRATE.REGISTER]: Registered create:polished_cut_diorite_stairs to registry ResourceKey[minecraft:root / minecraft:block]
[23Nov2025 22:02:04.036] [main/DEBUG] [com.tterrag.registrate.AbstractRegistrate/REGISTRATE.REGISTER]: Registered create:polished_cut_diorite_slab to registry ResourceKey[minecraft:root / minecraft:block]
[23Nov2025 22:02:04.047] [main/DEBUG] [com.tterrag.registrate.AbstractRegistrate/REGISTRATE.REGISTER]: Registered create:polished_cut_diorite_wall to registry ResourceKey[minecraft:root / minecraft:block]
[23Nov2025 22:02:04.048] [main/DEBUG] [com.tterrag.registrate.AbstractRegistrate/REGISTRATE.REGISTER]: Registered create:cut_diorite_bricks to registry ResourceKey[minecraft:root / minecraft:block]
[23Nov2025 22:02:04.049] [main/DEBUG] [com.tterrag.registrate.AbstractRegistrate/REGISTRATE.REGISTER]: Registered create:cut_diorite_brick_stairs to registry ResourceKey[minecraft:root / minecraft:block]
[23Nov2025 22:02:04.049] [main/DEBUG] [com.tterrag.registrate.AbstractRegistrate/REGISTRATE.REGISTER]: Registered create:cut_diorite_brick_slab to registry ResourceKey[minecraft:root / minecraft:block]
[23Nov2025 22:02:04.060] [main/DEBUG] [com.tterrag.registrate.AbstractRegistrate/REGISTRATE.REGISTER]: Registered create:cut_diorite_brick_wall to registry ResourceKey[minecraft:root / minecraft:block]
[23Nov2025 22:02:04.060] [main/DEBUG] [com.tterrag.registrate.AbstractRegistrate/REGISTRATE.REGISTER]: Registered create:small_diorite_bricks to registry ResourceKey[minecraft:root / minecraft:block]
[23Nov2025 22:02:04.062] [main/DEBUG] [com.tterrag.registrate.AbstractRegistrate/REGISTRATE.REGISTER]: Registered create:small_diorite_brick_stairs to registry ResourceKey[minecraft:root / minecraft:block]
[23Nov2025 22:02:04.062] [main/DEBUG] [com.tterrag.registrate.AbstractRegistrate/REGISTRATE.REGISTER]: Registered create:small_diorite_brick_slab to registry ResourceKey[minecraft:root / minecraft:block]
[23Nov2025 22:02:04.073] [main/DEBUG] [com.tterrag.registrate.AbstractRegistrate/REGISTRATE.REGISTER]: Registered create:small_diorite_brick_wall to registry ResourceKey[minecraft:root / minecraft:block]
[23Nov2025 22:02:04.073] [main/DEBUG] [com.tterrag.registrate.AbstractRegistrate/REGISTRATE.REGISTER]: Registered create:layered_diorite to registry ResourceKey[minecraft:root / minecraft:block]
[23Nov2025 22:02:04.074] [main/DEBUG] [com.tterrag.registrate.AbstractRegistrate/REGISTRATE.REGISTER]: Registered create:diorite_pillar to registry ResourceKey[minecraft:root / minecraft:block]
[23Nov2025 22:02:04.074] [main/DEBUG] [com.tterrag.registrate.AbstractRegistrate/REGISTRATE.REGISTER]: Registered create:cut_andesite to registry ResourceKey[minecraft:root / minecraft:block]
[23Nov2025 22:02:04.075] [main/DEBUG] [com.tterrag.registrate.AbstractRegistrate/REGISTRATE.REGISTER]: Registered create:cut_andesite_stairs to registry ResourceKey[minecraft:root / minecraft:block]
[23Nov2025 22:02:04.075] [main/DEBUG] [com.tterrag.registrate.AbstractRegistrate/REGISTRATE.REGISTER]: Registered create:cut_andesite_slab to registry ResourceKey[minecraft:root / minecraft:block]
[23Nov2025 22:02:04.091] [main/DEBUG] [com.tterrag.registrate.AbstractRegistrate/REGISTRATE.REGISTER]: Registered create:cut_andesite_wall to registry ResourceKey[minecraft:root / minecraft:block]
[23Nov2025 22:02:04.091] [main/DEBUG] [com.tterrag.registrate.AbstractRegistrate/REGISTRATE.REGISTER]: Registered create:polished_cut_andesite to registry ResourceKey[minecraft:root / minecraft:block]
[23Nov2025 22:02:04.093] [main/DEBUG] [com.tterrag.registrate.AbstractRegistrate/REGISTRATE.REGISTER]: Registered create:polished_cut_andesite_stairs to registry ResourceKey[minecraft:root / minecraft:block]
[23Nov2025 22:02:04.093] [main/DEBUG] [com.tterrag.registrate.AbstractRegistrate/REGISTRATE.REGISTER]: Registered create:polished_cut_andesite_slab to registry ResourceKey[minecraft:root / minecraft:block]
[23Nov2025 22:02:04.104] [main/DEBUG] [com.tterrag.registrate.AbstractRegistrate/REGISTRATE.REGISTER]: Registered create:polished_cut_andesite_wall to registry ResourceKey[minecraft:root / minecraft:block]
[23Nov2025 22:02:04.104] [main/DEBUG] [com.tterrag.registrate.AbstractRegistrate/REGISTRATE.REGISTER]: Registered create:cut_andesite_bricks to registry ResourceKey[minecraft:root / minecraft:block]
[23Nov2025 22:02:04.105] [main/DEBUG] [com.tterrag.registrate.AbstractRegistrate/REGISTRATE.REGISTER]: Registered create:cut_andesite_brick_stairs to registry ResourceKey[minecraft:root / minecraft:block]
[23Nov2025 22:02:04.105] [main/DEBUG] [com.tterrag.registrate.AbstractRegistrate/REGISTRATE.REGISTER]: Registered create:cut_andesite_brick_slab to registry ResourceKey[minecraft:root / minecraft:block]
[23Nov2025 22:02:04.112] [main/DEBUG] [com.tterrag.registrate.AbstractRegistrate/REGISTRATE.REGISTER]: Registered create:cut_andesite_brick_wall to registry ResourceKey[minecraft:root / minecraft:block]
[23Nov2025 22:02:04.112] [main/DEBUG] [com.tterrag.registrate.AbstractRegistrate/REGISTRATE.REGISTER]: Registered create:small_andesite_bricks to registry ResourceKey[minecraft:root / minecraft:block]
[23Nov2025 22:02:04.113] [main/DEBUG] [com.tterrag.registrate.AbstractRegistrate/REGISTRATE.REGISTER]: Registered create:small_andesite_brick_stairs to registry ResourceKey[minecraft:root / minecraft:block]
[23Nov2025 22:02:04.113] [main/DEBUG] [com.tterrag.registrate.AbstractRegistrate/REGISTRATE.REGISTER]: Registered create:small_andesite_brick_slab to registry ResourceKey[minecraft:root / minecraft:block]
[23Nov2025 22:02:04.120] [main/DEBUG] [com.tterrag.registrate.AbstractRegistrate/REGISTRATE.REGISTER]: Registered create:small_andesite_brick_wall to registry ResourceKey[minecraft:root / minecraft:block]
[23Nov2025 22:02:04.120] [main/DEBUG] [com.tterrag.registrate.AbstractRegistrate/REGISTRATE.REGISTER]: Registered create:layered_andesite to registry ResourceKey[minecraft:root / minecraft:block]
[23Nov2025 22:02:04.120] [main/DEBUG] [com.tterrag.registrate.AbstractRegistrate/REGISTRATE.REGISTER]: Registered create:andesite_pillar to registry ResourceKey[minecraft:root / minecraft:block]
[23Nov2025 22:02:04.120] [main/DEBUG] [com.tterrag.registrate.AbstractRegistrate/REGISTRATE.REGISTER]: Registered create:cut_calcite to registry ResourceKey[minecraft:root / minecraft:block]
[23Nov2025 22:02:04.121] [main/DEBUG] [com.tterrag.registrate.AbstractRegistrate/REGISTRATE.REGISTER]: Registered create:cut_calcite_stairs to registry ResourceKey[minecraft:root / minecraft:block]
[23Nov2025 22:02:04.122] [main/DEBUG] [com.tterrag.registrate.AbstractRegistrate/REGISTRATE.REGISTER]: Registered create:cut_calcite_slab to registry ResourceKey[minecraft:root / minecraft:block]
[23Nov2025 22:02:04.128] [main/DEBUG] [com.tterrag.registrate.AbstractRegistrate/REGISTRATE.REGISTER]: Registered create:cut_calcite_wall to registry ResourceKey[minecraft:root / minecraft:block]
[23Nov2025 22:02:04.128] [main/DEBUG] [com.tterrag.registrate.AbstractRegistrate/REGISTRATE.REGISTER]: Registered create:polished_cut_calcite to registry ResourceKey[minecraft:root / minecraft:block]
[23Nov2025 22:02:04.129] [main/DEBUG] [com.tterrag.registrate.AbstractRegistrate/REGISTRATE.REGISTER]: Registered create:polished_cut_calcite_stairs to registry ResourceKey[minecraft:root / minecraft:block]
[23Nov2025 22:02:04.130] [main/DEBUG] [com.tterrag.registrate.AbstractRegistrate/REGISTRATE.REGISTER]: Registered create:polished_cut_calcite_slab to registry ResourceKey[minecraft:root / minecraft:block]
[23Nov2025 22:02:04.136] [main/DEBUG] [com.tterrag.registrate.AbstractRegistrate/REGISTRATE.REGISTER]: Registered create:polished_cut_calcite_wall to registry ResourceKey[minecraft:root / minecraft:block]
[23Nov2025 22:02:04.137] [main/DEBUG] [com.tterrag.registrate.AbstractRegistrate/REGISTRATE.REGISTER]: Registered create:cut_calcite_bricks to registry ResourceKey[minecraft:root / minecraft:block]
[23Nov2025 22:02:04.138] [main/DEBUG] [com.tterrag.registrate.AbstractRegistrate/REGISTRATE.REGISTER]: Registered create:cut_calcite_brick_stairs to registry ResourceKey[minecraft:root / minecraft:block]
[23Nov2025 22:02:04.138] [main/DEBUG] [com.tterrag.registrate.AbstractRegistrate/REGISTRATE.REGISTER]: Registered create:cut_calcite_brick_slab to registry ResourceKey[minecraft:root / minecraft:block]
[23Nov2025 22:02:04.145] [main/DEBUG] [com.tterrag.registrate.AbstractRegistrate/REGISTRATE.REGISTER]: Registered create:cut_calcite_brick_wall to registry ResourceKey[minecraft:root / minecraft:block]
[23Nov2025 22:02:04.145] [main/DEBUG] [com.tterrag.registrate.AbstractRegistrate/REGISTRATE.REGISTER]: Registered create:small_calcite_bricks to registry ResourceKey[minecraft:root / minecraft:block]
[23Nov2025 22:02:04.146] [main/DEBUG] [com.tterrag.registrate.AbstractRegistrate/REGISTRATE.REGISTER]: Registered create:small_calcite_brick_stairs to registry ResourceKey[minecraft:root / minecraft:block]
[23Nov2025 22:02:04.146] [main/DEBUG] [com.tterrag.registrate.AbstractRegistrate/REGISTRATE.REGISTER]: Registered create:small_calcite_brick_slab to registry ResourceKey[minecraft:root / minecraft:block]
[23Nov2025 22:02:04.153] [main/DEBUG] [com.tterrag.registrate.AbstractRegistrate/REGISTRATE.REGISTER]: Registered create:small_calcite_brick_wall to registry ResourceKey[minecraft:root / minecraft:block]
[23Nov2025 22:02:04.153] [main/DEBUG] [com.tterrag.registrate.AbstractRegistrate/REGISTRATE.REGISTER]: Registered create:layered_calcite to registry ResourceKey[minecraft:root / minecraft:block]
[23Nov2025 22:02:04.153] [main/DEBUG] [com.tterrag.registrate.AbstractRegistrate/REGISTRATE.REGISTER]: Registered create:calcite_pillar to registry ResourceKey[minecraft:root / minecraft:block]
[23Nov2025 22:02:04.154] [main/DEBUG] [com.tterrag.registrate.AbstractRegistrate/REGISTRATE.REGISTER]: Registered create:cut_dripstone to registry ResourceKey[minecraft:root / minecraft:block]
[23Nov2025 22:02:04.154] [main/DEBUG] [com.tterrag.registrate.AbstractRegistrate/REGISTRATE.REGISTER]: Registered create:cut_dripstone_stairs to registry ResourceKey[minecraft:root / minecraft:block]
[23Nov2025 22:02:04.155] [main/DEBUG] [com.tterrag.registrate.AbstractRegistrate/REGISTRATE.REGISTER]: Registered create:cut_dripstone_slab to registry ResourceKey[minecraft:root / minecraft:block]
[23Nov2025 22:02:04.249] [main/DEBUG] [com.tterrag.registrate.AbstractRegistrate/REGISTRATE.REGISTER]: Registered create:cut_dripstone_wall to registry ResourceKey[minecraft:root / minecraft:block]
[23Nov2025 22:02:04.249] [main/DEBUG] [com.tterrag.registrate.AbstractRegistrate/REGISTRATE.REGISTER]: Registered create:polished_cut_dripstone to registry ResourceKey[minecraft:root / minecraft:block]
[23Nov2025 22:02:04.251] [main/DEBUG] [com.tterrag.registrate.AbstractRegistrate/REGISTRATE.REGISTER]: Registered create:polished_cut_dripstone_stairs to registry ResourceKey[minecraft:root / minecraft:block]
[23Nov2025 22:02:04.251] [main/DEBUG] [com.tterrag.registrate.AbstractRegistrate/REGISTRATE.REGISTER]: Registered create:polished_cut_dripstone_slab to registry ResourceKey[minecraft:root / minecraft:block]
[23Nov2025 22:02:04.260] [main/DEBUG] [com.tterrag.registrate.AbstractRegistrate/REGISTRATE.REGISTER]: Registered create:polished_cut_dripstone_wall to registry ResourceKey[minecraft:root / minecraft:block]
[23Nov2025 22:02:04.260] [main/DEBUG] [com.tterrag.registrate.AbstractRegistrate/REGISTRATE.REGISTER]: Registered create:cut_dripstone_bricks to registry ResourceKey[minecraft:root / minecraft:block]
[23Nov2025 22:02:04.261] [main/DEBUG] [com.tterrag.registrate.AbstractRegistrate/REGISTRATE.REGISTER]: Registered create:cut_dripstone_brick_stairs to registry ResourceKey[minecraft:root / minecraft:block]
[23Nov2025 22:02:04.262] [main/DEBUG] [com.tterrag.registrate.AbstractRegistrate/REGISTRATE.REGISTER]: Registered create:cut_dripstone_brick_slab to registry ResourceKey[minecraft:root / minecraft:block]
[23Nov2025 22:02:04.269] [main/DEBUG] [com.tterrag.registrate.AbstractRegistrate/REGISTRATE.REGISTER]: Registered create:cut_dripstone_brick_wall to registry ResourceKey[minecraft:root / minecraft:block]
[23Nov2025 22:02:04.269] [main/DEBUG] [com.tterrag.registrate.AbstractRegistrate/REGISTRATE.REGISTER]: Registered create:small_dripstone_bricks to registry ResourceKey[minecraft:root / minecraft:block]
[23Nov2025 22:02:04.270] [main/DEBUG] [com.tterrag.registrate.AbstractRegistrate/REGISTRATE.REGISTER]: Registered create:small_dripstone_brick_stairs to registry ResourceKey[minecraft:root / minecraft:block]
[23Nov2025 22:02:04.270] [main/DEBUG] [com.tterrag.registrate.AbstractRegistrate/REGISTRATE.REGISTER]: Registered create:small_dripstone_brick_slab to registry ResourceKey[minecraft:root / minecraft:block]
[23Nov2025 22:02:04.277] [main/DEBUG] [com.tterrag.registrate.AbstractRegistrate/REGISTRATE.REGISTER]: Registered create:small_dripstone_brick_wall to registry ResourceKey[minecraft:root / minecraft:block]
[23Nov2025 22:02:04.278] [main/DEBUG] [com.tterrag.registrate.AbstractRegistrate/REGISTRATE.REGISTER]: Registered create:layered_dripstone to registry ResourceKey[minecraft:root / minecraft:block]
[23Nov2025 22:02:04.278] [main/DEBUG] [com.tterrag.registrate.AbstractRegistrate/REGISTRATE.REGISTER]: Registered create:dripstone_pillar to registry ResourceKey[minecraft:root / minecraft:block]
[23Nov2025 22:02:04.278] [main/DEBUG] [com.tterrag.registrate.AbstractRegistrate/REGISTRATE.REGISTER]: Registered create:cut_deepslate to registry ResourceKey[minecraft:root / minecraft:block]
[23Nov2025 22:02:04.279] [main/DEBUG] [com.tterrag.registrate.AbstractRegistrate/REGISTRATE.REGISTER]: Registered create:cut_deepslate_stairs to registry ResourceKey[minecraft:root / minecraft:block]
[23Nov2025 22:02:04.280] [main/DEBUG] [com.tterrag.registrate.AbstractRegistrate/REGISTRATE.REGISTER]: Registered create:cut_deepslate_slab to registry ResourceKey[minecraft:root / minecraft:block]
[23Nov2025 22:02:04.288] [main/DEBUG] [com.tterrag.registrate.AbstractRegistrate/REGISTRATE.REGISTER]: Registered create:cut_deepslate_wall to registry ResourceKey[minecraft:root / minecraft:block]
[23Nov2025 22:02:04.288] [main/DEBUG] [com.tterrag.registrate.AbstractRegistrate/REGISTRATE.REGISTER]: Registered create:polished_cut_deepslate to registry ResourceKey[minecraft:root / minecraft:block]
[23Nov2025 22:02:04.290] [main/DEBUG] [com.tterrag.registrate.AbstractRegistrate/REGISTRATE.REGISTER]: Registered create:polished_cut_deepslate_stairs to registry ResourceKey[minecraft:root / minecraft:block]
[23Nov2025 22:02:04.290] [main/DEBUG] [com.tterrag.registrate.AbstractRegistrate/REGISTRATE.REGISTER]: Registered create:polished_cut_deepslate_slab to registry ResourceKey[minecraft:root / minecraft:block]
[23Nov2025 22:02:04.303] [main/DEBUG] [com.tterrag.registrate.AbstractRegistrate/REGISTRATE.REGISTER]: Registered create:polished_cut_deepslate_wall to registry ResourceKey[minecraft:root / minecraft:block]
[23Nov2025 22:02:04.304] [main/DEBUG] [com.tterrag.registrate.AbstractRegistrate/REGISTRATE.REGISTER]: Registered create:cut_deepslate_bricks to registry ResourceKey[minecraft:root / minecraft:block]
[23Nov2025 22:02:04.305] [main/DEBUG] [com.tterrag.registrate.AbstractRegistrate/REGISTRATE.REGISTER]: Registered create:cut_deepslate_brick_stairs to registry ResourceKey[minecraft:root / minecraft:block]
[23Nov2025 22:02:04.306] [main/DEBUG] [com.tterrag.registrate.AbstractRegistrate/REGISTRATE.REGISTER]: Registered create:cut_deepslate_brick_slab to registry ResourceKey[minecraft:root / minecraft:block]
[23Nov2025 22:02:04.319] [main/DEBUG] [com.tterrag.registrate.AbstractRegistrate/REGISTRATE.REGISTER]: Registered create:cut_deepslate_brick_wall to registry ResourceKey[minecraft:root / minecraft:block]
[23Nov2025 22:02:04.319] [main/DEBUG] [com.tterrag.registrate.AbstractRegistrate/REGISTRATE.REGISTER]: Registered create:small_deepslate_bricks to registry ResourceKey[minecraft:root / minecraft:block]
[23Nov2025 22:02:04.321] [main/DEBUG] [com.tterrag.registrate.AbstractRegistrate/REGISTRATE.REGISTER]: Registered create:small_deepslate_brick_stairs to registry ResourceKey[minecraft:root / minecraft:block]
[23Nov2025 22:02:04.321] [main/DEBUG] [com.tterrag.registrate.AbstractRegistrate/REGISTRATE.REGISTER]: Registered create:small_deepslate_brick_slab to registry ResourceKey[minecraft:root / minecraft:block]
[23Nov2025 22:02:04.334] [main/DEBUG] [com.tterrag.registrate.AbstractRegistrate/REGISTRATE.REGISTER]: Registered create:small_deepslate_brick_wall to registry ResourceKey[minecraft:root / minecraft:block]
[23Nov2025 22:02:04.334] [main/DEBUG] [com.tterrag.registrate.AbstractRegistrate/REGISTRATE.REGISTER]: Registered create:layered_deepslate to registry ResourceKey[minecraft:root / minecraft:block]
[23Nov2025 22:02:04.335] [main/DEBUG] [com.tterrag.registrate.AbstractRegistrate/REGISTRATE.REGISTER]: Registered create:deepslate_pillar to registry ResourceKey[minecraft:root / minecraft:block]
[23Nov2025 22:02:04.335] [main/DEBUG] [com.tterrag.registrate.AbstractRegistrate/REGISTRATE.REGISTER]: Registered create:cut_tuff to registry ResourceKey[minecraft:root / minecraft:block]
[23Nov2025 22:02:04.337] [main/DEBUG] [com.tterrag.registrate.AbstractRegistrate/REGISTRATE.REGISTER]: Registered create:cut_tuff_stairs to registry ResourceKey[minecraft:root / minecraft:block]
[23Nov2025 22:02:04.337] [main/DEBUG] [com.tterrag.registrate.AbstractRegistrate/REGISTRATE.REGISTER]: Registered create:cut_tuff_slab to registry ResourceKey[minecraft:root / minecraft:block]
[23Nov2025 22:02:04.349] [main/DEBUG] [com.tterrag.registrate.AbstractRegistrate/REGISTRATE.REGISTER]: Registered create:cut_tuff_wall to registry ResourceKey[minecraft:root / minecraft:block]
[23Nov2025 22:02:04.350] [main/DEBUG] [com.tterrag.registrate.AbstractRegistrate/REGISTRATE.REGISTER]: Registered create:polished_cut_tuff to registry ResourceKey[minecraft:root / minecraft:block]
[23Nov2025 22:02:04.353] [main/DEBUG] [com.tterrag.registrate.AbstractRegistrate/REGISTRATE.REGISTER]: Registered create:polished_cut_tuff_stairs to registry ResourceKey[minecraft:root / minecraft:block]
[23Nov2025 22:02:04.353] [main/DEBUG] [com.tterrag.registrate.AbstractRegistrate/REGISTRATE.REGISTER]: Registered create:polished_cut_tuff_slab to registry ResourceKey[minecraft:root / minecraft:block]
[23Nov2025 22:02:04.366] [main/DEBUG] [com.tterrag.registrate.AbstractRegistrate/REGISTRATE.REGISTER]: Registered create:polished_cut_tuff_wall to registry ResourceKey[minecraft:root / minecraft:block]
[23Nov2025 22:02:04.367] [main/DEBUG] [com.tterrag.registrate.AbstractRegistrate/REGISTRATE.REGISTER]: Registered create:cut_tuff_bricks to registry ResourceKey[minecraft:root / minecraft:block]
[23Nov2025 22:02:04.375] [main/DEBUG] [com.tterrag.registrate.AbstractRegistrate/REGISTRATE.REGISTER]: Registered create:cut_tuff_brick_stairs to registry ResourceKey[minecraft:root / minecraft:block]
[23Nov2025 22:02:04.375] [main/DEBUG] [com.tterrag.registrate.AbstractRegistrate/REGISTRATE.REGISTER]: Registered create:cut_tuff_brick_slab to registry ResourceKey[minecraft:root / minecraft:block]
[23Nov2025 22:02:04.386] [main/DEBUG] [com.tterrag.registrate.AbstractRegistrate/REGISTRATE.REGISTER]: Registered create:cut_tuff_brick_wall to registry ResourceKey[minecraft:root / minecraft:block]
[23Nov2025 22:02:04.386] [main/DEBUG] [com.tterrag.registrate.AbstractRegistrate/REGISTRATE.REGISTER]: Registered create:small_tuff_bricks to registry ResourceKey[minecraft:root / minecraft:block]
[23Nov2025 22:02:04.388] [main/DEBUG] [com.tterrag.registrate.AbstractRegistrate/REGISTRATE.REGISTER]: Registered create:small_tuff_brick_stairs to registry ResourceKey[minecraft:root / minecraft:block]
[23Nov2025 22:02:04.388] [main/DEBUG] [com.tterrag.registrate.AbstractRegistrate/REGISTRATE.REGISTER]: Registered create:small_tuff_brick_slab to registry ResourceKey[minecraft:root / minecraft:block]
[23Nov2025 22:02:04.399] [main/DEBUG] [com.tterrag.registrate.AbstractRegistrate/REGISTRATE.REGISTER]: Registered create:small_tuff_brick_wall to registry ResourceKey[minecraft:root / minecraft:block]
[23Nov2025 22:02:04.399] [main/DEBUG] [com.tterrag.registrate.AbstractRegistrate/REGISTRATE.REGISTER]: Registered create:layered_tuff to registry ResourceKey[minecraft:root / minecraft:block]
[23Nov2025 22:02:04.399] [main/DEBUG] [com.tterrag.registrate.AbstractRegistrate/REGISTRATE.REGISTER]: Registered create:tuff_pillar to registry ResourceKey[minecraft:root / minecraft:block]
[23Nov2025 22:02:04.400] [main/DEBUG] [com.tterrag.registrate.AbstractRegistrate/REGISTRATE.REGISTER]: Registered create:asurine to registry ResourceKey[minecraft:root / minecraft:block]
[23Nov2025 22:02:04.400] [main/DEBUG] [com.tterrag.registrate.AbstractRegistrate/REGISTRATE.REGISTER]: Registered create:cut_asurine to registry ResourceKey[minecraft:root / minecraft:block]
[23Nov2025 22:02:04.400] [main/DEBUG] [com.tterrag.registrate.AbstractRegistrate/REGISTRATE.REGISTER]: Registered create:cut_asurine_stairs to registry ResourceKey[minecraft:root / minecraft:block]
[23Nov2025 22:02:04.401] [main/DEBUG] [com.tterrag.registrate.AbstractRegistrate/REGISTRATE.REGISTER]: Registered create:cut_asurine_slab to registry ResourceKey[minecraft:root / minecraft:block]
[23Nov2025 22:02:04.407] [main/DEBUG] [com.tterrag.registrate.AbstractRegistrate/REGISTRATE.REGISTER]: Registered create:cut_asurine_wall to registry ResourceKey[minecraft:root / minecraft:block]
[23Nov2025 22:02:04.407] [main/DEBUG] [com.tterrag.registrate.AbstractRegistrate/REGISTRATE.REGISTER]: Registered create:polished_cut_asurine to registry ResourceKey[minecraft:root / minecraft:block]
[23Nov2025 22:02:04.408] [main/DEBUG] [com.tterrag.registrate.AbstractRegistrate/REGISTRATE.REGISTER]: Registered create:polished_cut_asurine_stairs to registry ResourceKey[minecraft:root / minecraft:block]
[23Nov2025 22:02:04.408] [main/DEBUG] [com.tterrag.registrate.AbstractRegistrate/REGISTRATE.REGISTER]: Registered create:polished_cut_asurine_slab to registry ResourceKey[minecraft:root / minecraft:block]
[23Nov2025 22:02:04.414] [main/DEBUG] [com.tterrag.registrate.AbstractRegistrate/REGISTRATE.REGISTER]: Registered create:polished_cut_asurine_wall to registry ResourceKey[minecraft:root / minecraft:block]
[23Nov2025 22:02:04.414] [main/DEBUG] [com.tterrag.registrate.AbstractRegistrate/REGISTRATE.REGISTER]: Registered create:cut_asurine_bricks to registry ResourceKey[minecraft:root / minecraft:block]
[23Nov2025 22:02:04.415] [main/DEBUG] [com.tterrag.registrate.AbstractRegistrate/REGISTRATE.REGISTER]: Registered create:cut_asurine_brick_stairs to registry ResourceKey[minecraft:root / minecraft:block]
[23Nov2025 22:02:04.415] [main/DEBUG] [com.tterrag.registrate.AbstractRegistrate/REGISTRATE.REGISTER]: Registered create:cut_asurine_brick_slab to registry ResourceKey[minecraft:root / minecraft:block]
[23Nov2025 22:02:04.421] [main/DEBUG] [com.tterrag.registrate.AbstractRegistrate/REGISTRATE.REGISTER]: Registered create:cut_asurine_brick_wall to registry ResourceKey[minecraft:root / minecraft:block]
[23Nov2025 22:02:04.421] [main/DEBUG] [com.tterrag.registrate.AbstractRegistrate/REGISTRATE.REGISTER]: Registered create:small_asurine_bricks to registry ResourceKey[minecraft:root / minecraft:block]
[23Nov2025 22:02:04.421] [main/DEBUG] [com.tterrag.registrate.AbstractRegistrate/REGISTRATE.REGISTER]: Registered create:small_asurine_brick_stairs to registry ResourceKey[minecraft:root / minecraft:block]
[23Nov2025 22:02:04.422] [main/DEBUG] [com.tterrag.registrate.AbstractRegistrate/REGISTRATE.REGISTER]: Registered create:small_asurine_brick_slab to registry ResourceKey[minecraft:root / minecraft:block]
[23Nov2025 22:02:04.427] [main/DEBUG] [com.tterrag.registrate.AbstractRegistrate/REGISTRATE.REGISTER]: Registered create:small_asurine_brick_wall to registry ResourceKey[minecraft:root / minecraft:block]
[23Nov2025 22:02:04.427] [main/DEBUG] [com.tterrag.registrate.AbstractRegistrate/REGISTRATE.REGISTER]: Registered create:layered_asurine to registry ResourceKey[minecraft:root / minecraft:block]
[23Nov2025 22:02:04.428] [main/DEBUG] [com.tterrag.registrate.AbstractRegistrate/REGISTRATE.REGISTER]: Registered create:asurine_pillar to registry ResourceKey[minecraft:root / minecraft:block]
[23Nov2025 22:02:04.428] [main/DEBUG] [com.tterrag.registrate.AbstractRegistrate/REGISTRATE.REGISTER]: Registered create:crimsite to registry ResourceKey[minecraft:root / minecraft:block]
[23Nov2025 22:02:04.428] [main/DEBUG] [com.tterrag.registrate.AbstractRegistrate/REGISTRATE.REGISTER]: Registered create:cut_crimsite to registry ResourceKey[minecraft:root / minecraft:block]
[23Nov2025 22:02:04.429] [main/DEBUG] [com.tterrag.registrate.AbstractRegistrate/REGISTRATE.REGISTER]: Registered create:cut_crimsite_stairs to registry ResourceKey[minecraft:root / minecraft:block]
[23Nov2025 22:02:04.429] [main/DEBUG] [com.tterrag.registrate.AbstractRegistrate/REGISTRATE.REGISTER]: Registered create:cut_crimsite_slab to registry ResourceKey[minecraft:root / minecraft:block]
[23Nov2025 22:02:04.437] [main/DEBUG] [com.tterrag.registrate.AbstractRegistrate/REGISTRATE.REGISTER]: Registered create:cut_crimsite_wall to registry ResourceKey[minecraft:root / minecraft:block]
[23Nov2025 22:02:04.437] [main/DEBUG] [com.tterrag.registrate.AbstractRegistrate/REGISTRATE.REGISTER]: Registered create:polished_cut_crimsite to registry ResourceKey[minecraft:root / minecraft:block]
[23Nov2025 22:02:04.438] [main/DEBUG] [com.tterrag.registrate.AbstractRegistrate/REGISTRATE.REGISTER]: Registered create:polished_cut_crimsite_stairs to registry ResourceKey[minecraft:root / minecraft:block]
[23Nov2025 22:02:04.438] [main/DEBUG] [com.tterrag.registrate.AbstractRegistrate/REGISTRATE.REGISTER]: Registered create:polished_cut_crimsite_slab to registry ResourceKey[minecraft:root / minecraft:block]
[23Nov2025 22:02:04.444] [main/DEBUG] [com.tterrag.registrate.AbstractRegistrate/REGISTRATE.REGISTER]: Registered create:polished_cut_crimsite_wall to registry ResourceKey[minecraft:root / minecraft:block]
[23Nov2025 22:02:04.444] [main/DEBUG] [com.tterrag.registrate.AbstractRegistrate/REGISTRATE.REGISTER]: Registered create:cut_crimsite_bricks to registry ResourceKey[minecraft:root / minecraft:block]
[23Nov2025 22:02:04.445] [main/DEBUG] [com.tterrag.registrate.AbstractRegistrate/REGISTRATE.REGISTER]: Registered create:cut_crimsite_brick_stairs to registry ResourceKey[minecraft:root / minecraft:block]
[23Nov2025 22:02:04.445] [main/DEBUG] [com.tterrag.registrate.AbstractRegistrate/REGISTRATE.REGISTER]: Registered create:cut_crimsite_brick_slab to registry ResourceKey[minecraft:root / minecraft:block]
[23Nov2025 22:02:04.523] [main/DEBUG] [com.tterrag.registrate.AbstractRegistrate/REGISTRATE.REGISTER]: Registered create:cut_crimsite_brick_wall to registry ResourceKey[minecraft:root / minecraft:block]
[23Nov2025 22:02:04.525] [main/DEBUG] [com.tterrag.registrate.AbstractRegistrate/REGISTRATE.REGISTER]: Registered create:small_crimsite_bricks to registry ResourceKey[minecraft:root / minecraft:block]
[23Nov2025 22:02:04.526] [main/DEBUG] [com.tterrag.registrate.AbstractRegistrate/REGISTRATE.REGISTER]: Registered create:small_crimsite_brick_stairs to registry ResourceKey[minecraft:root / minecraft:block]
[23Nov2025 22:02:04.526] [main/DEBUG] [com.tterrag.registrate.AbstractRegistrate/REGISTRATE.REGISTER]: Registered create:small_crimsite_brick_slab to registry ResourceKey[minecraft:root / minecraft:block]
[23Nov2025 22:02:04.533] [main/DEBUG] [com.tterrag.registrate.AbstractRegistrate/REGISTRATE.REGISTER]: Registered create:small_crimsite_brick_wall to registry ResourceKey[minecraft:root / minecraft:block]
[23Nov2025 22:02:04.533] [main/DEBUG] [com.tterrag.registrate.AbstractRegistrate/REGISTRATE.REGISTER]: Registered create:layered_crimsite to registry ResourceKey[minecraft:root / minecraft:block]
[23Nov2025 22:02:04.533] [main/DEBUG] [com.tterrag.registrate.AbstractRegistrate/REGISTRATE.REGISTER]: Registered create:crimsite_pillar to registry ResourceKey[minecraft:root / minecraft:block]
[23Nov2025 22:02:04.534] [main/DEBUG] [com.tterrag.registrate.AbstractRegistrate/REGISTRATE.REGISTER]: Registered create:limestone to registry ResourceKey[minecraft:root / minecraft:block]
[23Nov2025 22:02:04.534] [main/DEBUG] [com.tterrag.registrate.AbstractRegistrate/REGISTRATE.REGISTER]: Registered create:cut_limestone to registry ResourceKey[minecraft:root / minecraft:block]
[23Nov2025 22:02:04.534] [main/DEBUG] [com.tterrag.registrate.AbstractRegistrate/REGISTRATE.REGISTER]: Registered create:cut_limestone_stairs to registry ResourceKey[minecraft:root / minecraft:block]
[23Nov2025 22:02:04.534] [main/DEBUG] [com.tterrag.registrate.AbstractRegistrate/REGISTRATE.REGISTER]: Registered create:cut_limestone_slab to registry ResourceKey[minecraft:root / minecraft:block]
[23Nov2025 22:02:04.539] [main/DEBUG] [com.tterrag.registrate.AbstractRegistrate/REGISTRATE.REGISTER]: Registered create:cut_limestone_wall to registry ResourceKey[minecraft:root / minecraft:block]
[23Nov2025 22:02:04.540] [main/DEBUG] [com.tterrag.registrate.AbstractRegistrate/REGISTRATE.REGISTER]: Registered create:polished_cut_limestone to registry ResourceKey[minecraft:root / minecraft:block]
[23Nov2025 22:02:04.540] [main/DEBUG] [com.tterrag.registrate.AbstractRegistrate/REGISTRATE.REGISTER]: Registered create:polished_cut_limestone_stairs to registry ResourceKey[minecraft:root / minecraft:block]
[23Nov2025 22:02:04.540] [main/DEBUG] [com.tterrag.registrate.AbstractRegistrate/REGISTRATE.REGISTER]: Registered create:polished_cut_limestone_slab to registry ResourceKey[minecraft:root / minecraft:block]
[23Nov2025 22:02:04.545] [main/DEBUG] [com.tterrag.registrate.AbstractRegistrate/REGISTRATE.REGISTER]: Registered create:polished_cut_limestone_wall to registry ResourceKey[minecraft:root / minecraft:block]
[23Nov2025 22:02:04.545] [main/DEBUG] [com.tterrag.registrate.AbstractRegistrate/REGISTRATE.REGISTER]: Registered create:cut_limestone_bricks to registry ResourceKey[minecraft:root / minecraft:block]
[23Nov2025 22:02:04.546] [main/DEBUG] [com.tterrag.registrate.AbstractRegistrate/REGISTRATE.REGISTER]: Registered create:cut_limestone_brick_stairs to registry ResourceKey[minecraft:root / minecraft:block]
[23Nov2025 22:02:04.546] [main/DEBUG] [com.tterrag.registrate.AbstractRegistrate/REGISTRATE.REGISTER]: Registered create:cut_limestone_brick_slab to registry ResourceKey[minecraft:root / minecraft:block]
[23Nov2025 22:02:04.551] [main/DEBUG] [com.tterrag.registrate.AbstractRegistrate/REGISTRATE.REGISTER]: Registered create:cut_limestone_brick_wall to registry ResourceKey[minecraft:root / minecraft:block]
[23Nov2025 22:02:04.551] [main/DEBUG] [com.tterrag.registrate.AbstractRegistrate/REGISTRATE.REGISTER]: Registered create:small_limestone_bricks to registry ResourceKey[minecraft:root / minecraft:block]
[23Nov2025 22:02:04.552] [main/DEBUG] [com.tterrag.registrate.AbstractRegistrate/REGISTRATE.REGISTER]: Registered create:small_limestone_brick_stairs to registry ResourceKey[minecraft:root / minecraft:block]
[23Nov2025 22:02:04.552] [main/DEBUG] [com.tterrag.registrate.AbstractRegistrate/REGISTRATE.REGISTER]: Registered create:small_limestone_brick_slab to registry ResourceKey[minecraft:root / minecraft:block]
[23Nov2025 22:02:04.557] [main/DEBUG] [com.tterrag.registrate.AbstractRegistrate/REGISTRATE.REGISTER]: Registered create:small_limestone_brick_wall to registry ResourceKey[minecraft:root / minecraft:block]
[23Nov2025 22:02:04.557] [main/DEBUG] [com.tterrag.registrate.AbstractRegistrate/REGISTRATE.REGISTER]: Registered create:layered_limestone to registry ResourceKey[minecraft:root / minecraft:block]
[23Nov2025 22:02:04.558] [main/DEBUG] [com.tterrag.registrate.AbstractRegistrate/REGISTRATE.REGISTER]: Registered create:limestone_pillar to registry ResourceKey[minecraft:root / minecraft:block]
[23Nov2025 22:02:04.558] [main/DEBUG] [com.tterrag.registrate.AbstractRegistrate/REGISTRATE.REGISTER]: Registered create:ochrum to registry ResourceKey[minecraft:root / minecraft:block]
[23Nov2025 22:02:04.558] [main/DEBUG] [com.tterrag.registrate.AbstractRegistrate/REGISTRATE.REGISTER]: Registered create:cut_ochrum to registry ResourceKey[minecraft:root / minecraft:block]
[23Nov2025 22:02:04.558] [main/DEBUG] [com.tterrag.registrate.AbstractRegistrate/REGISTRATE.REGISTER]: Registered create:cut_ochrum_stairs to registry ResourceKey[minecraft:root / minecraft:block]
[23Nov2025 22:02:04.559] [main/DEBUG] [com.tterrag.registrate.AbstractRegistrate/REGISTRATE.REGISTER]: Registered create:cut_ochrum_slab to registry ResourceKey[minecraft:root / minecraft:block]
[23Nov2025 22:02:04.563] [main/DEBUG] [com.tterrag.registrate.AbstractRegistrate/REGISTRATE.REGISTER]: Registered create:cut_ochrum_wall to registry ResourceKey[minecraft:root / minecraft:block]
[23Nov2025 22:02:04.563] [main/DEBUG] [com.tterrag.registrate.AbstractRegistrate/REGISTRATE.REGISTER]: Registered create:polished_cut_ochrum to registry ResourceKey[minecraft:root / minecraft:block]
[23Nov2025 22:02:04.564] [main/DEBUG] [com.tterrag.registrate.AbstractRegistrate/REGISTRATE.REGISTER]: Registered create:polished_cut_ochrum_stairs to registry ResourceKey[minecraft:root / minecraft:block]
[23Nov2025 22:02:04.564] [main/DEBUG] [com.tterrag.registrate.AbstractRegistrate/REGISTRATE.REGISTER]: Registered create:polished_cut_ochrum_slab to registry ResourceKey[minecraft:root / minecraft:block]
[23Nov2025 22:02:04.569] [main/DEBUG] [com.tterrag.registrate.AbstractRegistrate/REGISTRATE.REGISTER]: Registered create:polished_cut_ochrum_wall to registry ResourceKey[minecraft:root / minecraft:block]
[23Nov2025 22:02:04.569] [main/DEBUG] [com.tterrag.registrate.AbstractRegistrate/REGISTRATE.REGISTER]: Registered create:cut_ochrum_bricks to registry ResourceKey[minecraft:root / minecraft:block]
[23Nov2025 22:02:04.570] [main/DEBUG] [com.tterrag.registrate.AbstractRegistrate/REGISTRATE.REGISTER]: Registered create:cut_ochrum_brick_stairs to registry ResourceKey[minecraft:root / minecraft:block]
[23Nov2025 22:02:04.570] [main/DEBUG] [com.tterrag.registrate.AbstractRegistrate/REGISTRATE.REGISTER]: Registered create:cut_ochrum_brick_slab to registry ResourceKey[minecraft:root / minecraft:block]
[23Nov2025 22:02:04.575] [main/DEBUG] [com.tterrag.registrate.AbstractRegistrate/REGISTRATE.REGISTER]: Registered create:cut_ochrum_brick_wall to registry ResourceKey[minecraft:root / minecraft:block]
[23Nov2025 22:02:04.575] [main/DEBUG] [com.tterrag.registrate.AbstractRegistrate/REGISTRATE.REGISTER]: Registered create:small_ochrum_bricks to registry ResourceKey[minecraft:root / minecraft:block]
[23Nov2025 22:02:04.576] [main/DEBUG] [com.tterrag.registrate.AbstractRegistrate/REGISTRATE.REGISTER]: Registered create:small_ochrum_brick_stairs to registry ResourceKey[minecraft:root / minecraft:block]
[23Nov2025 22:02:04.576] [main/DEBUG] [com.tterrag.registrate.AbstractRegistrate/REGISTRATE.REGISTER]: Registered create:small_ochrum_brick_slab to registry ResourceKey[minecraft:root / minecraft:block]
[23Nov2025 22:02:04.582] [main/DEBUG] [com.tterrag.registrate.AbstractRegistrate/REGISTRATE.REGISTER]: Registered create:small_ochrum_brick_wall to registry ResourceKey[minecraft:root / minecraft:block]
[23Nov2025 22:02:04.582] [main/DEBUG] [com.tterrag.registrate.AbstractRegistrate/REGISTRATE.REGISTER]: Registered create:layered_ochrum to registry ResourceKey[minecraft:root / minecraft:block]
[23Nov2025 22:02:04.583] [main/DEBUG] [com.tterrag.registrate.AbstractRegistrate/REGISTRATE.REGISTER]: Registered create:ochrum_pillar to registry ResourceKey[minecraft:root / minecraft:block]
[23Nov2025 22:02:04.583] [main/DEBUG] [com.tterrag.registrate.AbstractRegistrate/REGISTRATE.REGISTER]: Registered create:scoria to registry ResourceKey[minecraft:root / minecraft:block]
[23Nov2025 22:02:04.583] [main/DEBUG] [com.tterrag.registrate.AbstractRegistrate/REGISTRATE.REGISTER]: Registered create:cut_scoria to registry ResourceKey[minecraft:root / minecraft:block]
[23Nov2025 22:02:04.584] [main/DEBUG] [com.tterrag.registrate.AbstractRegistrate/REGISTRATE.REGISTER]: Registered create:cut_scoria_stairs to registry ResourceKey[minecraft:root / minecraft:block]
[23Nov2025 22:02:04.584] [main/DEBUG] [com.tterrag.registrate.AbstractRegistrate/REGISTRATE.REGISTER]: Registered create:cut_scoria_slab to registry ResourceKey[minecraft:root / minecraft:block]
[23Nov2025 22:02:04.589] [main/DEBUG] [com.tterrag.registrate.AbstractRegistrate/REGISTRATE.REGISTER]: Registered create:cut_scoria_wall to registry ResourceKey[minecraft:root / minecraft:block]
[23Nov2025 22:02:04.589] [main/DEBUG] [com.tterrag.registrate.AbstractRegistrate/REGISTRATE.REGISTER]: Registered create:polished_cut_scoria to registry ResourceKey[minecraft:root / minecraft:block]
[23Nov2025 22:02:04.590] [main/DEBUG] [com.tterrag.registrate.AbstractRegistrate/REGISTRATE.REGISTER]: Registered create:polished_cut_scoria_stairs to registry ResourceKey[minecraft:root / minecraft:block]
[23Nov2025 22:02:04.590] [main/DEBUG] [com.tterrag.registrate.AbstractRegistrate/REGISTRATE.REGISTER]: Registered create:polished_cut_scoria_slab to registry ResourceKey[minecraft:root / minecraft:block]
[23Nov2025 22:02:04.594] [main/DEBUG] [com.tterrag.registrate.AbstractRegistrate/REGISTRATE.REGISTER]: Registered create:polished_cut_scoria_wall to registry ResourceKey[minecraft:root / minecraft:block]
[23Nov2025 22:02:04.595] [main/DEBUG] [com.tterrag.registrate.AbstractRegistrate/REGISTRATE.REGISTER]: Registered create:cut_scoria_bricks to registry ResourceKey[minecraft:root / minecraft:block]
[23Nov2025 22:02:04.595] [main/DEBUG] [com.tterrag.registrate.AbstractRegistrate/REGISTRATE.REGISTER]: Registered create:cut_scoria_brick_stairs to registry ResourceKey[minecraft:root / minecraft:block]
[23Nov2025 22:02:04.595] [main/DEBUG] [com.tterrag.registrate.AbstractRegistrate/REGISTRATE.REGISTER]: Registered create:cut_scoria_brick_slab to registry ResourceKey[minecraft:root / minecraft:block]
[23Nov2025 22:02:04.600] [main/DEBUG] [com.tterrag.registrate.AbstractRegistrate/REGISTRATE.REGISTER]: Registered create:cut_scoria_brick_wall to registry ResourceKey[minecraft:root / minecraft:block]
[23Nov2025 22:02:04.600] [main/DEBUG] [com.tterrag.registrate.AbstractRegistrate/REGISTRATE.REGISTER]: Registered create:small_scoria_bricks to registry ResourceKey[minecraft:root / minecraft:block]
[23Nov2025 22:02:04.601] [main/DEBUG] [com.tterrag.registrate.AbstractRegistrate/REGISTRATE.REGISTER]: Registered create:small_scoria_brick_stairs to registry ResourceKey[minecraft:root / minecraft:block]
[23Nov2025 22:02:04.601] [main/DEBUG] [com.tterrag.registrate.AbstractRegistrate/REGISTRATE.REGISTER]: Registered create:small_scoria_brick_slab to registry ResourceKey[minecraft:root / minecraft:block]
[23Nov2025 22:02:04.606] [main/DEBUG] [com.tterrag.registrate.AbstractRegistrate/REGISTRATE.REGISTER]: Registered create:small_scoria_brick_wall to registry ResourceKey[minecraft:root / minecraft:block]
[23Nov2025 22:02:04.606] [main/DEBUG] [com.tterrag.registrate.AbstractRegistrate/REGISTRATE.REGISTER]: Registered create:layered_scoria to registry ResourceKey[minecraft:root / minecraft:block]
[23Nov2025 22:02:04.606] [main/DEBUG] [com.tterrag.registrate.AbstractRegistrate/REGISTRATE.REGISTER]: Registered create:scoria_pillar to registry ResourceKey[minecraft:root / minecraft:block]
[23Nov2025 22:02:04.606] [main/DEBUG] [com.tterrag.registrate.AbstractRegistrate/REGISTRATE.REGISTER]: Registered create:scorchia to registry ResourceKey[minecraft:root / minecraft:block]
[23Nov2025 22:02:04.607] [main/DEBUG] [com.tterrag.registrate.AbstractRegistrate/REGISTRATE.REGISTER]: Registered create:cut_scorchia to registry ResourceKey[minecraft:root / minecraft:block]
[23Nov2025 22:02:04.607] [main/DEBUG] [com.tterrag.registrate.AbstractRegistrate/REGISTRATE.REGISTER]: Registered create:cut_scorchia_stairs to registry ResourceKey[minecraft:root / minecraft:block]
[23Nov2025 22:02:04.607] [main/DEBUG] [com.tterrag.registrate.AbstractRegistrate/REGISTRATE.REGISTER]: Registered create:cut_scorchia_slab to registry ResourceKey[minecraft:root / minecraft:block]
[23Nov2025 22:02:04.612] [main/DEBUG] [com.tterrag.registrate.AbstractRegistrate/REGISTRATE.REGISTER]: Registered create:cut_scorchia_wall to registry ResourceKey[minecraft:root / minecraft:block]
[23Nov2025 22:02:04.612] [main/DEBUG] [com.tterrag.registrate.AbstractRegistrate/REGISTRATE.REGISTER]: Registered create:polished_cut_scorchia to registry ResourceKey[minecraft:root / minecraft:block]
[23Nov2025 22:02:04.613] [main/DEBUG] [com.tterrag.registrate.AbstractRegistrate/REGISTRATE.REGISTER]: Registered create:polished_cut_scorchia_stairs to registry ResourceKey[minecraft:root / minecraft:block]
[23Nov2025 22:02:04.613] [main/DEBUG] [com.tterrag.registrate.AbstractRegistrate/REGISTRATE.REGISTER]: Registered create:polished_cut_scorchia_slab to registry ResourceKey[minecraft:root / minecraft:block]
[23Nov2025 22:02:04.617] [main/DEBUG] [com.tterrag.registrate.AbstractRegistrate/REGISTRATE.REGISTER]: Registered create:polished_cut_scorchia_wall to registry ResourceKey[minecraft:root / minecraft:block]
[23Nov2025 22:02:04.618] [main/DEBUG] [com.tterrag.registrate.AbstractRegistrate/REGISTRATE.REGISTER]: Registered create:cut_scorchia_bricks to registry ResourceKey[minecraft:root / minecraft:block]
[23Nov2025 22:02:04.618] [main/DEBUG] [com.tterrag.registrate.AbstractRegistrate/REGISTRATE.REGISTER]: Registered create:cut_scorchia_brick_stairs to registry ResourceKey[minecraft:root / minecraft:block]
[23Nov2025 22:02:04.618] [main/DEBUG] [com.tterrag.registrate.AbstractRegistrate/REGISTRATE.REGISTER]: Registered create:cut_scorchia_brick_slab to registry ResourceKey[minecraft:root / minecraft:block]
[23Nov2025 22:02:04.623] [main/DEBUG] [com.tterrag.registrate.AbstractRegistrate/REGISTRATE.REGISTER]: Registered create:cut_scorchia_brick_wall to registry ResourceKey[minecraft:root / minecraft:block]
[23Nov2025 22:02:04.623] [main/DEBUG] [com.tterrag.registrate.AbstractRegistrate/REGISTRATE.REGISTER]: Registered create:small_scorchia_bricks to registry ResourceKey[minecraft:root / minecraft:block]
[23Nov2025 22:02:04.624] [main/DEBUG] [com.tterrag.registrate.AbstractRegistrate/REGISTRATE.REGISTER]: Registered create:small_scorchia_brick_stairs to registry ResourceKey[minecraft:root / minecraft:block]
[23Nov2025 22:02:04.624] [main/DEBUG] [com.tterrag.registrate.AbstractRegistrate/REGISTRATE.REGISTER]: Registered create:small_scorchia_brick_slab to registry ResourceKey[minecraft:root / minecraft:block]
[23Nov2025 22:02:04.628] [main/DEBUG] [com.tterrag.registrate.AbstractRegistrate/REGISTRATE.REGISTER]: Registered create:small_scorchia_brick_wall to registry ResourceKey[minecraft:root / minecraft:block]
[23Nov2025 22:02:04.628] [main/DEBUG] [com.tterrag.registrate.AbstractRegistrate/REGISTRATE.REGISTER]: Registered create:layered_scorchia to registry ResourceKey[minecraft:root / minecraft:block]
[23Nov2025 22:02:04.629] [main/DEBUG] [com.tterrag.registrate.AbstractRegistrate/REGISTRATE.REGISTER]: Registered create:scorchia_pillar to registry ResourceKey[minecraft:root / minecraft:block]
[23Nov2025 22:02:04.629] [main/DEBUG] [com.tterrag.registrate.AbstractRegistrate/REGISTRATE.REGISTER]: Registered create:veridium to registry ResourceKey[minecraft:root / minecraft:block]
[23Nov2025 22:02:04.629] [main/DEBUG] [com.tterrag.registrate.AbstractRegistrate/REGISTRATE.REGISTER]: Registered create:cut_veridium to registry ResourceKey[minecraft:root / minecraft:block]
[23Nov2025 22:02:04.630] [main/DEBUG] [com.tterrag.registrate.AbstractRegistrate/REGISTRATE.REGISTER]: Registered create:cut_veridium_stairs to registry ResourceKey[minecraft:root / minecraft:block]
[23Nov2025 22:02:04.630] [main/DEBUG] [com.tterrag.registrate.AbstractRegistrate/REGISTRATE.REGISTER]: Registered create:cut_veridium_slab to registry ResourceKey[minecraft:root / minecraft:block]
[23Nov2025 22:02:04.635] [main/DEBUG] [com.tterrag.registrate.AbstractRegistrate/REGISTRATE.REGISTER]: Registered create:cut_veridium_wall to registry ResourceKey[minecraft:root / minecraft:block]
[23Nov2025 22:02:04.635] [main/DEBUG] [com.tterrag.registrate.AbstractRegistrate/REGISTRATE.REGISTER]: Registered create:polished_cut_veridium to registry ResourceKey[minecraft:root / minecraft:block]
[23Nov2025 22:02:04.635] [main/DEBUG] [com.tterrag.registrate.AbstractRegistrate/REGISTRATE.REGISTER]: Registered create:polished_cut_veridium_stairs to registry ResourceKey[minecraft:root / minecraft:block]
[23Nov2025 22:02:04.635] [main/DEBUG] [com.tterrag.registrate.AbstractRegistrate/REGISTRATE.REGISTER]: Registered create:polished_cut_veridium_slab to registry ResourceKey[minecraft:root / minecraft:block]
[23Nov2025 22:02:04.640] [main/DEBUG] [com.tterrag.registrate.AbstractRegistrate/REGISTRATE.REGISTER]: Registered create:polished_cut_veridium_wall to registry ResourceKey[minecraft:root / minecraft:block]
[23Nov2025 22:02:04.640] [main/DEBUG] [com.tterrag.registrate.AbstractRegistrate/REGISTRATE.REGISTER]: Registered create:cut_veridium_bricks to registry ResourceKey[minecraft:root / minecraft:block]
[23Nov2025 22:02:04.641] [main/DEBUG] [com.tterrag.registrate.AbstractRegistrate/REGISTRATE.REGISTER]: Registered create:cut_veridium_brick_stairs to registry ResourceKey[minecraft:root / minecraft:block]
[23Nov2025 22:02:04.641] [main/DEBUG] [com.tterrag.registrate.AbstractRegistrate/REGISTRATE.REGISTER]: Registered create:cut_veridium_brick_slab to registry ResourceKey[minecraft:root / minecraft:block]
[23Nov2025 22:02:04.645] [main/DEBUG] [com.tterrag.registrate.AbstractRegistrate/REGISTRATE.REGISTER]: Registered create:cut_veridium_brick_wall to registry ResourceKey[minecraft:root / minecraft:block]
[23Nov2025 22:02:04.645] [main/DEBUG] [com.tterrag.registrate.AbstractRegistrate/REGISTRATE.REGISTER]: Registered create:small_veridium_bricks to registry ResourceKey[minecraft:root / minecraft:block]
[23Nov2025 22:02:04.646] [main/DEBUG] [com.tterrag.registrate.AbstractRegistrate/REGISTRATE.REGISTER]: Registered create:small_veridium_brick_stairs to registry ResourceKey[minecraft:root / minecraft:block]
[23Nov2025 22:02:04.646] [main/DEBUG] [com.tterrag.registrate.AbstractRegistrate/REGISTRATE.REGISTER]: Registered create:small_veridium_brick_slab to registry ResourceKey[minecraft:root / minecraft:block]
[23Nov2025 22:02:04.651] [main/DEBUG] [com.tterrag.registrate.AbstractRegistrate/REGISTRATE.REGISTER]: Registered create:small_veridium_brick_wall to registry ResourceKey[minecraft:root / minecraft:block]
[23Nov2025 22:02:04.651] [main/DEBUG] [com.tterrag.registrate.AbstractRegistrate/REGISTRATE.REGISTER]: Registered create:layered_veridium to registry ResourceKey[minecraft:root / minecraft:block]
[23Nov2025 22:02:04.651] [main/DEBUG] [com.tterrag.registrate.AbstractRegistrate/REGISTRATE.REGISTER]: Registered create:veridium_pillar to registry ResourceKey[minecraft:root / minecraft:block]
[23Nov2025 22:02:07.606] [main/DEBUG] [io.netty.util.internal.ThreadLocalRandom/]: -Dio.netty.initialSeedUniquifier: 0x0c39aace1ae1f852
[23Nov2025 22:02:07.608] [main/DEBUG] [com.tterrag.registrate.AbstractRegistrate/REGISTRATE.REGISTER]: Registering 699 known objects of type minecraft:item
[23Nov2025 22:02:07.611] [main/DEBUG] [com.tterrag.registrate.AbstractRegistrate/REGISTRATE.REGISTER]: Registered create:schematicannon to registry ResourceKey[minecraft:root / minecraft:item]
[23Nov2025 22:02:07.611] [main/DEBUG] [com.tterrag.registrate.AbstractRegistrate/REGISTRATE.REGISTER]: Registered create:schematic_table to registry ResourceKey[minecraft:root / minecraft:item]
[23Nov2025 22:02:07.611] [main/DEBUG] [com.tterrag.registrate.AbstractRegistrate/REGISTRATE.REGISTER]: Registered create:shaft to registry ResourceKey[minecraft:root / minecraft:item]
[23Nov2025 22:02:07.612] [main/DEBUG] [com.tterrag.registrate.AbstractRegistrate/REGISTRATE.REGISTER]: Registered create:cogwheel to registry ResourceKey[minecraft:root / minecraft:item]
[23Nov2025 22:02:07.613] [main/DEBUG] [com.tterrag.registrate.AbstractRegistrate/REGISTRATE.REGISTER]: Registered create:large_cogwheel to registry ResourceKey[minecraft:root / minecraft:item]
[23Nov2025 22:02:07.613] [main/DEBUG] [com.tterrag.registrate.AbstractRegistrate/REGISTRATE.REGISTER]: Registered create:andesite_encased_shaft to registry ResourceKey[minecraft:root / minecraft:item]
[23Nov2025 22:02:07.613] [main/DEBUG] [com.tterrag.registrate.AbstractRegistrate/REGISTRATE.REGISTER]: Registered create:brass_encased_shaft to registry ResourceKey[minecraft:root / minecraft:item]
[23Nov2025 22:02:07.614] [main/DEBUG] [com.tterrag.registrate.AbstractRegistrate/REGISTRATE.REGISTER]: Registered create:andesite_encased_cogwheel to registry ResourceKey[minecraft:root / minecraft:item]
[23Nov2025 22:02:07.614] [main/DEBUG] [com.tterrag.registrate.AbstractRegistrate/REGISTRATE.REGISTER]: Registered create:brass_encased_cogwheel to registry ResourceKey[minecraft:root / minecraft:item]
[23Nov2025 22:02:07.614] [main/DEBUG] [com.tterrag.registrate.AbstractRegistrate/REGISTRATE.REGISTER]: Registered create:andesite_encased_large_cogwheel to registry ResourceKey[minecraft:root / minecraft:item]
[23Nov2025 22:02:07.614] [main/DEBUG] [com.tterrag.registrate.AbstractRegistrate/REGISTRATE.REGISTER]: Registered create:brass_encased_large_cogwheel to registry ResourceKey[minecraft:root / minecraft:item]
[23Nov2025 22:02:07.614] [main/DEBUG] [com.tterrag.registrate.AbstractRegistrate/REGISTRATE.REGISTER]: Registered create:gearbox to registry ResourceKey[minecraft:root / minecraft:item]
[23Nov2025 22:02:07.614] [main/DEBUG] [com.tterrag.registrate.AbstractRegistrate/REGISTRATE.REGISTER]: Registered create:clutch to registry ResourceKey[minecraft:root / minecraft:item]
[23Nov2025 22:02:07.614] [main/DEBUG] [com.tterrag.registrate.AbstractRegistrate/REGISTRATE.REGISTER]: Registered create:gearshift to registry ResourceKey[minecraft:root / minecraft:item]
[23Nov2025 22:02:07.614] [main/DEBUG] [com.tterrag.registrate.AbstractRegistrate/REGISTRATE.REGISTER]: Registered create:encased_chain_drive to registry ResourceKey[minecraft:root / minecraft:item]
[23Nov2025 22:02:07.614] [main/DEBUG] [com.tterrag.registrate.AbstractRegistrate/REGISTRATE.REGISTER]: Registered create:adjustable_chain_gearshift to registry ResourceKey[minecraft:root / minecraft:item]
[23Nov2025 22:02:07.614] [main/DEBUG] [com.tterrag.registrate.AbstractRegistrate/REGISTRATE.REGISTER]: Registered create:chain_conveyor to registry ResourceKey[minecraft:root / minecraft:item]
[23Nov2025 22:02:07.614] [main/DEBUG] [com.tterrag.registrate.AbstractRegistrate/REGISTRATE.REGISTER]: Registered create:creative_motor to registry ResourceKey[minecraft:root / minecraft:item]
[23Nov2025 22:02:07.614] [main/DEBUG] [com.tterrag.registrate.AbstractRegistrate/REGISTRATE.REGISTER]: Registered create:water_wheel to registry ResourceKey[minecraft:root / minecraft:item]
[23Nov2025 22:02:07.615] [main/DEBUG] [com.tterrag.registrate.AbstractRegistrate/REGISTRATE.REGISTER]: Registered create:large_water_wheel to registry ResourceKey[minecraft:root / minecraft:item]
[23Nov2025 22:02:07.615] [main/DEBUG] [com.tterrag.registrate.AbstractRegistrate/REGISTRATE.REGISTER]: Registered create:encased_fan to registry ResourceKey[minecraft:root / minecraft:item]
[23Nov2025 22:02:07.615] [main/DEBUG] [com.tterrag.registrate.AbstractRegistrate/REGISTRATE.REGISTER]: Registered create:nozzle to registry ResourceKey[minecraft:root / minecraft:item]
[23Nov2025 22:02:07.615] [main/DEBUG] [com.tterrag.registrate.AbstractRegistrate/REGISTRATE.REGISTER]: Registered create:turntable to registry ResourceKey[minecraft:root / minecraft:item]
[23Nov2025 22:02:07.615] [main/DEBUG] [com.tterrag.registrate.AbstractRegistrate/REGISTRATE.REGISTER]: Registered create:hand_crank to registry ResourceKey[minecraft:root / minecraft:item]
[23Nov2025 22:02:07.615] [main/DEBUG] [com.tterrag.registrate.AbstractRegistrate/REGISTRATE.REGISTER]: Registered create:cuckoo_clock to registry ResourceKey[minecraft:root / minecraft:item]
[23Nov2025 22:02:07.615] [main/DEBUG] [com.tterrag.registrate.AbstractRegistrate/REGISTRATE.REGISTER]: Registered create:mysterious_cuckoo_clock to registry ResourceKey[minecraft:root / minecraft:item]
[23Nov2025 22:02:07.615] [main/DEBUG] [com.tterrag.registrate.AbstractRegistrate/REGISTRATE.REGISTER]: Registered create:millstone to registry ResourceKey[minecraft:root / minecraft:item]
[23Nov2025 22:02:07.615] [main/DEBUG] [com.tterrag.registrate.AbstractRegistrate/REGISTRATE.REGISTER]: Registered create:crushing_wheel to registry ResourceKey[minecraft:root / minecraft:item]
[23Nov2025 22:02:07.615] [main/DEBUG] [com.tterrag.registrate.AbstractRegistrate/REGISTRATE.REGISTER]: Registered create:mechanical_press to registry ResourceKey[minecraft:root / minecraft:item]
[23Nov2025 22:02:07.616] [main/DEBUG] [com.tterrag.registrate.AbstractRegistrate/REGISTRATE.REGISTER]: Registered create:mechanical_mixer to registry ResourceKey[minecraft:root / minecraft:item]
[23Nov2025 22:02:07.616] [main/DEBUG] [com.tterrag.registrate.AbstractRegistrate/REGISTRATE.REGISTER]: Registered create:basin to registry ResourceKey[minecraft:root / minecraft:item]
[23Nov2025 22:02:07.616] [main/DEBUG] [com.tterrag.registrate.AbstractRegistrate/REGISTRATE.REGISTER]: Registered create:blaze_burner to registry ResourceKey[minecraft:root / minecraft:item]
[23Nov2025 22:02:07.616] [main/DEBUG] [com.tterrag.registrate.AbstractRegistrate/REGISTRATE.REGISTER]: Registered create:depot to registry ResourceKey[minecraft:root / minecraft:item]
[23Nov2025 22:02:07.616] [main/DEBUG] [com.tterrag.registrate.AbstractRegistrate/REGISTRATE.REGISTER]: Registered create:weighted_ejector to registry ResourceKey[minecraft:root / minecraft:item]
[23Nov2025 22:02:07.616] [main/DEBUG] [com.tterrag.registrate.AbstractRegistrate/REGISTRATE.REGISTER]: Registered create:chute to registry ResourceKey[minecraft:root / minecraft:item]
[23Nov2025 22:02:07.616] [main/DEBUG] [com.tterrag.registrate.AbstractRegistrate/REGISTRATE.REGISTER]: Registered create:smart_chute to registry ResourceKey[minecraft:root / minecraft:item]
[23Nov2025 22:02:07.616] [main/DEBUG] [com.tterrag.registrate.AbstractRegistrate/REGISTRATE.REGISTER]: Registered create:speedometer to registry ResourceKey[minecraft:root / minecraft:item]
[23Nov2025 22:02:07.616] [main/DEBUG] [com.tterrag.registrate.AbstractRegistrate/REGISTRATE.REGISTER]: Registered create:stressometer to registry ResourceKey[minecraft:root / minecraft:item]
[23Nov2025 22:02:07.616] [main/DEBUG] [com.tterrag.registrate.AbstractRegistrate/REGISTRATE.REGISTER]: Registered create:wooden_bracket to registry ResourceKey[minecraft:root / minecraft:item]
[23Nov2025 22:02:07.616] [main/DEBUG] [com.tterrag.registrate.AbstractRegistrate/REGISTRATE.REGISTER]: Registered create:metal_bracket to registry ResourceKey[minecraft:root / minecraft:item]
[23Nov2025 22:02:07.616] [main/DEBUG] [com.tterrag.registrate.AbstractRegistrate/REGISTRATE.REGISTER]: Registered create:fluid_pipe to registry ResourceKey[minecraft:root / minecraft:item]
[23Nov2025 22:02:07.616] [main/DEBUG] [com.tterrag.registrate.AbstractRegistrate/REGISTRATE.REGISTER]: Registered create:mechanical_pump to registry ResourceKey[minecraft:root / minecraft:item]
[23Nov2025 22:02:07.617] [main/DEBUG] [com.tterrag.registrate.AbstractRegistrate/REGISTRATE.REGISTER]: Registered create:smart_fluid_pipe to registry ResourceKey[minecraft:root / minecraft:item]
[23Nov2025 22:02:07.617] [main/DEBUG] [com.tterrag.registrate.AbstractRegistrate/REGISTRATE.REGISTER]: Registered create:fluid_valve to registry ResourceKey[minecraft:root / minecraft:item]
[23Nov2025 22:02:07.617] [main/DEBUG] [com.tterrag.registrate.AbstractRegistrate/REGISTRATE.REGISTER]: Registered create:copper_valve_handle to registry ResourceKey[minecraft:root / minecraft:item]
[23Nov2025 22:02:07.617] [main/DEBUG] [com.tterrag.registrate.AbstractRegistrate/REGISTRATE.REGISTER]: Registered create:white_valve_handle to registry ResourceKey[minecraft:root / minecraft:item]
[23Nov2025 22:02:07.617] [main/DEBUG] [com.tterrag.registrate.AbstractRegistrate/REGISTRATE.REGISTER]: Registered create:orange_valve_handle to registry ResourceKey[minecraft:root / minecraft:item]
[23Nov2025 22:02:07.617] [main/DEBUG] [com.tterrag.registrate.AbstractRegistrate/REGISTRATE.REGISTER]: Registered create:magenta_valve_handle to registry ResourceKey[minecraft:root / minecraft:item]
[23Nov2025 22:02:07.617] [main/DEBUG] [com.tterrag.registrate.AbstractRegistrate/REGISTRATE.REGISTER]: Registered create:light_blue_valve_handle to registry ResourceKey[minecraft:root / minecraft:item]
[23Nov2025 22:02:07.617] [main/DEBUG] [com.tterrag.registrate.AbstractRegistrate/REGISTRATE.REGISTER]: Registered create:yellow_valve_handle to registry ResourceKey[minecraft:root / minecraft:item]
[23Nov2025 22:02:07.617] [main/DEBUG] [com.tterrag.registrate.AbstractRegistrate/REGISTRATE.REGISTER]: Registered create:lime_valve_handle to registry ResourceKey[minecraft:root / minecraft:item]
[23Nov2025 22:02:07.617] [main/DEBUG] [com.tterrag.registrate.AbstractRegistrate/REGISTRATE.REGISTER]: Registered create:pink_valve_handle to registry ResourceKey[minecraft:root / minecraft:item]
[23Nov2025 22:02:07.617] [main/DEBUG] [com.tterrag.registrate.AbstractRegistrate/REGISTRATE.REGISTER]: Registered create:gray_valve_handle to registry ResourceKey[minecraft:root / minecraft:item]
[23Nov2025 22:02:07.617] [main/DEBUG] [com.tterrag.registrate.AbstractRegistrate/REGISTRATE.REGISTER]: Registered create:light_gray_valve_handle to registry ResourceKey[minecraft:root / minecraft:item]
[23Nov2025 22:02:07.617] [main/DEBUG] [com.tterrag.registrate.AbstractRegistrate/REGISTRATE.REGISTER]: Registered create:cyan_valve_handle to registry ResourceKey[minecraft:root / minecraft:item]
[23Nov2025 22:02:07.617] [main/DEBUG] [com.tterrag.registrate.AbstractRegistrate/REGISTRATE.REGISTER]: Registered create:purple_valve_handle to registry ResourceKey[minecraft:root / minecraft:item]
[23Nov2025 22:02:07.618] [main/DEBUG] [com.tterrag.registrate.AbstractRegistrate/REGISTRATE.REGISTER]: Registered create:blue_valve_handle to registry ResourceKey[minecraft:root / minecraft:item]
[23Nov2025 22:02:07.618] [main/DEBUG] [com.tterrag.registrate.AbstractRegistrate/REGISTRATE.REGISTER]: Registered create:brown_valve_handle to registry ResourceKey[minecraft:root / minecraft:item]
[23Nov2025 22:02:07.618] [main/DEBUG] [com.tterrag.registrate.AbstractRegistrate/REGISTRATE.REGISTER]: Registered create:green_valve_handle to registry ResourceKey[minecraft:root / minecraft:item]
[23Nov2025 22:02:07.618] [main/DEBUG] [com.tterrag.registrate.AbstractRegistrate/REGISTRATE.REGISTER]: Registered create:red_valve_handle to registry ResourceKey[minecraft:root / minecraft:item]
[23Nov2025 22:02:07.618] [main/DEBUG] [com.tterrag.registrate.AbstractRegistrate/REGISTRATE.REGISTER]: Registered create:black_valve_handle to registry ResourceKey[minecraft:root / minecraft:item]
[23Nov2025 22:02:07.618] [main/DEBUG] [com.tterrag.registrate.AbstractRegistrate/REGISTRATE.REGISTER]: Registered create:fluid_tank to registry ResourceKey[minecraft:root / minecraft:item]
[23Nov2025 22:02:07.618] [main/DEBUG] [com.tterrag.registrate.AbstractRegistrate/REGISTRATE.REGISTER]: Registered create:creative_fluid_tank to registry ResourceKey[minecraft:root / minecraft:item]
[23Nov2025 22:02:07.618] [main/DEBUG] [com.tterrag.registrate.AbstractRegistrate/REGISTRATE.REGISTER]: Registered create:hose_pulley to registry ResourceKey[minecraft:root / minecraft:item]
[23Nov2025 22:02:07.618] [main/DEBUG] [com.tterrag.registrate.AbstractRegistrate/REGISTRATE.REGISTER]: Registered create:item_drain to registry ResourceKey[minecraft:root / minecraft:item]
[23Nov2025 22:02:07.618] [main/DEBUG] [com.tterrag.registrate.AbstractRegistrate/REGISTRATE.REGISTER]: Registered create:spout to registry ResourceKey[minecraft:root / minecraft:item]
[23Nov2025 22:02:07.618] [main/DEBUG] [com.tterrag.registrate.AbstractRegistrate/REGISTRATE.REGISTER]: Registered create:portable_fluid_interface to registry ResourceKey[minecraft:root / minecraft:item]
[23Nov2025 22:02:07.618] [main/DEBUG] [com.tterrag.registrate.AbstractRegistrate/REGISTRATE.REGISTER]: Registered create:steam_engine to registry ResourceKey[minecraft:root / minecraft:item]
[23Nov2025 22:02:07.618] [main/DEBUG] [com.tterrag.registrate.AbstractRegistrate/REGISTRATE.REGISTER]: Registered create:steam_whistle to registry ResourceKey[minecraft:root / minecraft:item]
[23Nov2025 22:02:07.619] [main/DEBUG] [com.tterrag.registrate.AbstractRegistrate/REGISTRATE.REGISTER]: Registered create:mechanical_piston to registry ResourceKey[minecraft:root / minecraft:item]
[23Nov2025 22:02:07.619] [main/DEBUG] [com.tterrag.registrate.AbstractRegistrate/REGISTRATE.REGISTER]: Registered create:sticky_mechanical_piston to registry ResourceKey[minecraft:root / minecraft:item]
[23Nov2025 22:02:07.619] [main/DEBUG] [com.tterrag.registrate.AbstractRegistrate/REGISTRATE.REGISTER]: Registered create:piston_extension_pole to registry ResourceKey[minecraft:root / minecraft:item]
[23Nov2025 22:02:07.619] [main/DEBUG] [com.tterrag.registrate.AbstractRegistrate/REGISTRATE.REGISTER]: Registered create:gantry_carriage to registry ResourceKey[minecraft:root / minecraft:item]
[23Nov2025 22:02:07.619] [main/DEBUG] [com.tterrag.registrate.AbstractRegistrate/REGISTRATE.REGISTER]: Registered create:gantry_shaft to registry ResourceKey[minecraft:root / minecraft:item]
[23Nov2025 22:02:07.619] [main/DEBUG] [com.tterrag.registrate.AbstractRegistrate/REGISTRATE.REGISTER]: Registered create:windmill_bearing to registry ResourceKey[minecraft:root / minecraft:item]
[23Nov2025 22:02:07.619] [main/DEBUG] [com.tterrag.registrate.AbstractRegistrate/REGISTRATE.REGISTER]: Registered create:mechanical_bearing to registry ResourceKey[minecraft:root / minecraft:item]
[23Nov2025 22:02:07.619] [main/DEBUG] [com.tterrag.registrate.AbstractRegistrate/REGISTRATE.REGISTER]: Registered create:clockwork_bearing to registry ResourceKey[minecraft:root / minecraft:item]
[23Nov2025 22:02:07.619] [main/DEBUG] [com.tterrag.registrate.AbstractRegistrate/REGISTRATE.REGISTER]: Registered create:rope_pulley to registry ResourceKey[minecraft:root / minecraft:item]
[23Nov2025 22:02:07.619] [main/DEBUG] [com.tterrag.registrate.AbstractRegistrate/REGISTRATE.REGISTER]: Registered create:elevator_pulley to registry ResourceKey[minecraft:root / minecraft:item]
[23Nov2025 22:02:07.619] [main/DEBUG] [com.tterrag.registrate.AbstractRegistrate/REGISTRATE.REGISTER]: Registered create:cart_assembler to registry ResourceKey[minecraft:root / minecraft:item]
[23Nov2025 22:02:07.619] [main/DEBUG] [com.tterrag.registrate.AbstractRegistrate/REGISTRATE.REGISTER]: Registered create:controller_rail to registry ResourceKey[minecraft:root / minecraft:item]
[23Nov2025 22:02:07.620] [main/DEBUG] [com.tterrag.registrate.AbstractRegistrate/REGISTRATE.REGISTER]: Registered create:linear_chassis to registry ResourceKey[minecraft:root / minecraft:item]
[23Nov2025 22:02:07.620] [main/DEBUG] [com.tterrag.registrate.AbstractRegistrate/REGISTRATE.REGISTER]: Registered create:secondary_linear_chassis to registry ResourceKey[minecraft:root / minecraft:item]
[23Nov2025 22:02:07.620] [main/DEBUG] [com.tterrag.registrate.AbstractRegistrate/REGISTRATE.REGISTER]: Registered create:radial_chassis to registry ResourceKey[minecraft:root / minecraft:item]
[23Nov2025 22:02:07.620] [main/DEBUG] [com.tterrag.registrate.AbstractRegistrate/REGISTRATE.REGISTER]: Registered create:sticker to registry ResourceKey[minecraft:root / minecraft:item]
[23Nov2025 22:02:07.620] [main/DEBUG] [com.tterrag.registrate.AbstractRegistrate/REGISTRATE.REGISTER]: Registered create:contraption_controls to registry ResourceKey[minecraft:root / minecraft:item]
[23Nov2025 22:02:07.620] [main/DEBUG] [com.tterrag.registrate.AbstractRegistrate/REGISTRATE.REGISTER]: Registered create:mechanical_drill to registry ResourceKey[minecraft:root / minecraft:item]
[23Nov2025 22:02:07.620] [main/DEBUG] [com.tterrag.registrate.AbstractRegistrate/REGISTRATE.REGISTER]: Registered create:mechanical_saw to registry ResourceKey[minecraft:root / minecraft:item]
[23Nov2025 22:02:07.620] [main/DEBUG] [com.tterrag.registrate.AbstractRegistrate/REGISTRATE.REGISTER]: Registered create:deployer to registry ResourceKey[minecraft:root / minecraft:item]
[23Nov2025 22:02:07.620] [main/DEBUG] [com.tterrag.registrate.AbstractRegistrate/REGISTRATE.REGISTER]: Registered create:portable_storage_interface to registry ResourceKey[minecraft:root / minecraft:item]
[23Nov2025 22:02:07.620] [main/DEBUG] [com.tterrag.registrate.AbstractRegistrate/REGISTRATE.REGISTER]: Registered create:redstone_contact to registry ResourceKey[minecraft:root / minecraft:item]
[23Nov2025 22:02:07.620] [main/DEBUG] [com.tterrag.registrate.AbstractRegistrate/REGISTRATE.REGISTER]: Registered create:elevator_contact to registry ResourceKey[minecraft:root / minecraft:item]
[23Nov2025 22:02:07.620] [main/DEBUG] [com.tterrag.registrate.AbstractRegistrate/REGISTRATE.REGISTER]: Registered create:mechanical_harvester to registry ResourceKey[minecraft:root / minecraft:item]
[23Nov2025 22:02:07.620] [main/DEBUG] [com.tterrag.registrate.AbstractRegistrate/REGISTRATE.REGISTER]: Registered create:mechanical_plough to registry ResourceKey[minecraft:root / minecraft:item]
[23Nov2025 22:02:07.621] [main/DEBUG] [com.tterrag.registrate.AbstractRegistrate/REGISTRATE.REGISTER]: Registered create:mechanical_roller to registry ResourceKey[minecraft:root / minecraft:item]
[23Nov2025 22:02:07.621] [main/DEBUG] [com.tterrag.registrate.AbstractRegistrate/REGISTRATE.REGISTER]: Registered create:sail_frame to registry ResourceKey[minecraft:root / minecraft:item]
[23Nov2025 22:02:07.621] [main/DEBUG] [com.tterrag.registrate.AbstractRegistrate/REGISTRATE.REGISTER]: Registered create:white_sail to registry ResourceKey[minecraft:root / minecraft:item]
[23Nov2025 22:02:07.621] [main/DEBUG] [com.tterrag.registrate.AbstractRegistrate/REGISTRATE.REGISTER]: Registered create:andesite_casing to registry ResourceKey[minecraft:root / minecraft:item]
[23Nov2025 22:02:07.621] [main/DEBUG] [com.tterrag.registrate.AbstractRegistrate/REGISTRATE.REGISTER]: Registered create:brass_casing to registry ResourceKey[minecraft:root / minecraft:item]
[23Nov2025 22:02:07.621] [main/DEBUG] [com.tterrag.registrate.AbstractRegistrate/REGISTRATE.REGISTER]: Registered create:copper_casing to registry ResourceKey[minecraft:root / minecraft:item]
[23Nov2025 22:02:07.621] [main/DEBUG] [com.tterrag.registrate.AbstractRegistrate/REGISTRATE.REGISTER]: Registered create:shadow_steel_casing to registry ResourceKey[minecraft:root / minecraft:item]
[23Nov2025 22:02:07.622] [main/DEBUG] [com.tterrag.registrate.AbstractRegistrate/REGISTRATE.REGISTER]: Registered create:refined_radiance_casing to registry ResourceKey[minecraft:root / minecraft:item]
[23Nov2025 22:02:07.622] [main/DEBUG] [com.tterrag.registrate.AbstractRegistrate/REGISTRATE.REGISTER]: Registered create:mechanical_crafter to registry ResourceKey[minecraft:root / minecraft:item]
[23Nov2025 22:02:07.622] [main/DEBUG] [com.tterrag.registrate.AbstractRegistrate/REGISTRATE.REGISTER]: Registered create:sequenced_gearshift to registry ResourceKey[minecraft:root / minecraft:item]
[23Nov2025 22:02:07.622] [main/DEBUG] [com.tterrag.registrate.AbstractRegistrate/REGISTRATE.REGISTER]: Registered create:flywheel to registry ResourceKey[minecraft:root / minecraft:item]
[23Nov2025 22:02:07.622] [main/DEBUG] [com.tterrag.registrate.AbstractRegistrate/REGISTRATE.REGISTER]: Registered create:rotation_speed_controller to registry ResourceKey[minecraft:root / minecraft:item]
[23Nov2025 22:02:07.622] [main/DEBUG] [com.tterrag.registrate.AbstractRegistrate/REGISTRATE.REGISTER]: Registered create:mechanical_arm to registry ResourceKey[minecraft:root / minecraft:item]
[23Nov2025 22:02:07.622] [main/DEBUG] [com.tterrag.registrate.AbstractRegistrate/REGISTRATE.REGISTER]: Registered create:track to registry ResourceKey[minecraft:root / minecraft:item]
[23Nov2025 22:02:07.622] [main/DEBUG] [com.tterrag.registrate.AbstractRegistrate/REGISTRATE.REGISTER]: Registered create:railway_casing to registry ResourceKey[minecraft:root / minecraft:item]
[23Nov2025 22:02:07.622] [main/DEBUG] [com.tterrag.registrate.AbstractRegistrate/REGISTRATE.REGISTER]: Registered create:track_station to registry ResourceKey[minecraft:root / minecraft:item]
[23Nov2025 22:02:07.622] [main/DEBUG] [com.tterrag.registrate.AbstractRegistrate/REGISTRATE.REGISTER]: Registered create:track_signal to registry ResourceKey[minecraft:root / minecraft:item]
[23Nov2025 22:02:07.622] [main/DEBUG] [com.tterrag.registrate.AbstractRegistrate/REGISTRATE.REGISTER]: Registered create:track_observer to registry ResourceKey[minecraft:root / minecraft:item]
[23Nov2025 22:02:07.622] [main/DEBUG] [com.tterrag.registrate.AbstractRegistrate/REGISTRATE.REGISTER]: Registered create:controls to registry ResourceKey[minecraft:root / minecraft:item]
[23Nov2025 22:02:07.622] [main/DEBUG] [com.tterrag.registrate.AbstractRegistrate/REGISTRATE.REGISTER]: Registered create:andesite_funnel to registry ResourceKey[minecraft:root / minecraft:item]
[23Nov2025 22:02:07.623] [main/DEBUG] [com.tterrag.registrate.AbstractRegistrate/REGISTRATE.REGISTER]: Registered create:brass_funnel to registry ResourceKey[minecraft:root / minecraft:item]
[23Nov2025 22:02:07.623] [main/DEBUG] [com.tterrag.registrate.AbstractRegistrate/REGISTRATE.REGISTER]: Registered create:andesite_tunnel to registry ResourceKey[minecraft:root / minecraft:item]
[23Nov2025 22:02:07.623] [main/DEBUG] [com.tterrag.registrate.AbstractRegistrate/REGISTRATE.REGISTER]: Registered create:brass_tunnel to registry ResourceKey[minecraft:root / minecraft:item]
[23Nov2025 22:02:07.623] [main/DEBUG] [com.tterrag.registrate.AbstractRegistrate/REGISTRATE.REGISTER]: Registered create:content_observer to registry ResourceKey[minecraft:root / minecraft:item]
[23Nov2025 22:02:07.623] [main/DEBUG] [com.tterrag.registrate.AbstractRegistrate/REGISTRATE.REGISTER]: Registered create:stockpile_switch to registry ResourceKey[minecraft:root / minecraft:item]
[23Nov2025 22:02:07.623] [main/DEBUG] [com.tterrag.registrate.AbstractRegistrate/REGISTRATE.REGISTER]: Registered create:creative_crate to registry ResourceKey[minecraft:root / minecraft:item]
[23Nov2025 22:02:07.623] [main/DEBUG] [com.tterrag.registrate.AbstractRegistrate/REGISTRATE.REGISTER]: Registered create:item_vault to registry ResourceKey[minecraft:root / minecraft:item]
[23Nov2025 22:02:07.623] [main/DEBUG] [com.tterrag.registrate.AbstractRegistrate/REGISTRATE.REGISTER]: Registered create:item_hatch to registry ResourceKey[minecraft:root / minecraft:item]
[23Nov2025 22:02:07.623] [main/DEBUG] [com.tterrag.registrate.AbstractRegistrate/REGISTRATE.REGISTER]: Registered create:packager to registry ResourceKey[minecraft:root / minecraft:item]
[23Nov2025 22:02:07.623] [main/DEBUG] [com.tterrag.registrate.AbstractRegistrate/REGISTRATE.REGISTER]: Registered create:repackager to registry ResourceKey[minecraft:root / minecraft:item]
[23Nov2025 22:02:07.623] [main/DEBUG] [com.tterrag.registrate.AbstractRegistrate/REGISTRATE.REGISTER]: Registered create:package_frogport to registry ResourceKey[minecraft:root / minecraft:item]
[23Nov2025 22:02:07.623] [main/DEBUG] [com.tterrag.registrate.AbstractRegistrate/REGISTRATE.REGISTER]: Registered create:white_postbox to registry ResourceKey[minecraft:root / minecraft:item]
[23Nov2025 22:02:07.624] [main/DEBUG] [com.tterrag.registrate.AbstractRegistrate/REGISTRATE.REGISTER]: Registered create:orange_postbox to registry ResourceKey[minecraft:root / minecraft:item]
[23Nov2025 22:02:07.624] [main/DEBUG] [com.tterrag.registrate.AbstractRegistrate/REGISTRATE.REGISTER]: Registered create:magenta_postbox to registry ResourceKey[minecraft:root / minecraft:item]
[23Nov2025 22:02:07.624] [main/DEBUG] [com.tterrag.registrate.AbstractRegistrate/REGISTRATE.REGISTER]: Registered create:light_blue_postbox to registry ResourceKey[minecraft:root / minecraft:item]
[23Nov2025 22:02:07.624] [main/DEBUG] [com.tterrag.registrate.AbstractRegistrate/REGISTRATE.REGISTER]: Registered create:yellow_postbox to registry ResourceKey[minecraft:root / minecraft:item]
[23Nov2025 22:02:07.624] [main/DEBUG] [com.tterrag.registrate.AbstractRegistrate/REGISTRATE.REGISTER]: Registered create:lime_postbox to registry ResourceKey[minecraft:root / minecraft:item]
[23Nov2025 22:02:07.624] [main/DEBUG] [com.tterrag.registrate.AbstractRegistrate/REGISTRATE.REGISTER]: Registered create:pink_postbox to registry ResourceKey[minecraft:root / minecraft:item]
[23Nov2025 22:02:07.624] [main/DEBUG] [com.tterrag.registrate.AbstractRegistrate/REGISTRATE.REGISTER]: Registered create:gray_postbox to registry ResourceKey[minecraft:root / minecraft:item]
[23Nov2025 22:02:07.624] [main/DEBUG] [com.tterrag.registrate.AbstractRegistrate/REGISTRATE.REGISTER]: Registered create:light_gray_postbox to registry ResourceKey[minecraft:root / minecraft:item]
[23Nov2025 22:02:07.624] [main/DEBUG] [com.tterrag.registrate.AbstractRegistrate/REGISTRATE.REGISTER]: Registered create:cyan_postbox to registry ResourceKey[minecraft:root / minecraft:item]
[23Nov2025 22:02:07.624] [main/DEBUG] [com.tterrag.registrate.AbstractRegistrate/REGISTRATE.REGISTER]: Registered create:purple_postbox to registry ResourceKey[minecraft:root / minecraft:item]
[23Nov2025 22:02:07.624] [main/DEBUG] [com.tterrag.registrate.AbstractRegistrate/REGISTRATE.REGISTER]: Registered create:blue_postbox to registry ResourceKey[minecraft:root / minecraft:item]
[23Nov2025 22:02:07.624] [main/DEBUG] [com.tterrag.registrate.AbstractRegistrate/REGISTRATE.REGISTER]: Registered create:brown_postbox to registry ResourceKey[minecraft:root / minecraft:item]
[23Nov2025 22:02:07.624] [main/DEBUG] [com.tterrag.registrate.AbstractRegistrate/REGISTRATE.REGISTER]: Registered create:green_postbox to registry ResourceKey[minecraft:root / minecraft:item]
[23Nov2025 22:02:07.624] [main/DEBUG] [com.tterrag.registrate.AbstractRegistrate/REGISTRATE.REGISTER]: Registered create:red_postbox to registry ResourceKey[minecraft:root / minecraft:item]
[23Nov2025 22:02:07.625] [main/DEBUG] [com.tterrag.registrate.AbstractRegistrate/REGISTRATE.REGISTER]: Registered create:black_postbox to registry ResourceKey[minecraft:root / minecraft:item]
[23Nov2025 22:02:07.625] [main/DEBUG] [com.tterrag.registrate.AbstractRegistrate/REGISTRATE.REGISTER]: Registered create:stock_link to registry ResourceKey[minecraft:root / minecraft:item]
[23Nov2025 22:02:07.625] [main/DEBUG] [com.tterrag.registrate.AbstractRegistrate/REGISTRATE.REGISTER]: Registered create:stock_ticker to registry ResourceKey[minecraft:root / minecraft:item]
[23Nov2025 22:02:07.625] [main/DEBUG] [com.tterrag.registrate.AbstractRegistrate/REGISTRATE.REGISTER]: Registered create:redstone_requester to registry ResourceKey[minecraft:root / minecraft:item]
[23Nov2025 22:02:07.625] [main/DEBUG] [com.tterrag.registrate.AbstractRegistrate/REGISTRATE.REGISTER]: Registered create:factory_gauge to registry ResourceKey[minecraft:root / minecraft:item]
[23Nov2025 22:02:07.625] [main/DEBUG] [com.tterrag.registrate.AbstractRegistrate/REGISTRATE.REGISTER]: Registered create:white_table_cloth to registry ResourceKey[minecraft:root / minecraft:item]
[23Nov2025 22:02:07.625] [main/DEBUG] [com.tterrag.registrate.AbstractRegistrate/REGISTRATE.REGISTER]: Registered create:orange_table_cloth to registry ResourceKey[minecraft:root / minecraft:item]
[23Nov2025 22:02:07.625] [main/DEBUG] [com.tterrag.registrate.AbstractRegistrate/REGISTRATE.REGISTER]: Registered create:magenta_table_cloth to registry ResourceKey[minecraft:root / minecraft:item]
[23Nov2025 22:02:07.625] [main/DEBUG] [com.tterrag.registrate.AbstractRegistrate/REGISTRATE.REGISTER]: Registered create:light_blue_table_cloth to registry ResourceKey[minecraft:root / minecraft:item]
[23Nov2025 22:02:07.625] [main/DEBUG] [com.tterrag.registrate.AbstractRegistrate/REGISTRATE.REGISTER]: Registered create:yellow_table_cloth to registry ResourceKey[minecraft:root / minecraft:item]
[23Nov2025 22:02:07.625] [main/DEBUG] [com.tterrag.registrate.AbstractRegistrate/REGISTRATE.REGISTER]: Registered create:lime_table_cloth to registry ResourceKey[minecraft:root / minecraft:item]
[23Nov2025 22:02:07.625] [main/DEBUG] [com.tterrag.registrate.AbstractRegistrate/REGISTRATE.REGISTER]: Registered create:pink_table_cloth to registry ResourceKey[minecraft:root / minecraft:item]
[23Nov2025 22:02:07.625] [main/DEBUG] [com.tterrag.registrate.AbstractRegistrate/REGISTRATE.REGISTER]: Registered create:gray_table_cloth to registry ResourceKey[minecraft:root / minecraft:item]
[23Nov2025 22:02:07.626] [main/DEBUG] [com.tterrag.registrate.AbstractRegistrate/REGISTRATE.REGISTER]: Registered create:light_gray_table_cloth to registry ResourceKey[minecraft:root / minecraft:item]
[23Nov2025 22:02:07.626] [main/DEBUG] [com.tterrag.registrate.AbstractRegistrate/REGISTRATE.REGISTER]: Registered create:cyan_table_cloth to registry ResourceKey[minecraft:root / minecraft:item]
[23Nov2025 22:02:07.626] [main/DEBUG] [com.tterrag.registrate.AbstractRegistrate/REGISTRATE.REGISTER]: Registered create:purple_table_cloth to registry ResourceKey[minecraft:root / minecraft:item]
[23Nov2025 22:02:07.626] [main/DEBUG] [com.tterrag.registrate.AbstractRegistrate/REGISTRATE.REGISTER]: Registered create:blue_table_cloth to registry ResourceKey[minecraft:root / minecraft:item]
[23Nov2025 22:02:07.626] [main/DEBUG] [com.tterrag.registrate.AbstractRegistrate/REGISTRATE.REGISTER]: Registered create:brown_table_cloth to registry ResourceKey[minecraft:root / minecraft:item]
[23Nov2025 22:02:07.626] [main/DEBUG] [com.tterrag.registrate.AbstractRegistrate/REGISTRATE.REGISTER]: Registered create:green_table_cloth to registry ResourceKey[minecraft:root / minecraft:item]
[23Nov2025 22:02:07.626] [main/DEBUG] [com.tterrag.registrate.AbstractRegistrate/REGISTRATE.REGISTER]: Registered create:red_table_cloth to registry ResourceKey[minecraft:root / minecraft:item]
[23Nov2025 22:02:07.626] [main/DEBUG] [com.tterrag.registrate.AbstractRegistrate/REGISTRATE.REGISTER]: Registered create:black_table_cloth to registry ResourceKey[minecraft:root / minecraft:item]
[23Nov2025 22:02:07.626] [main/DEBUG] [com.tterrag.registrate.AbstractRegistrate/REGISTRATE.REGISTER]: Registered create:andesite_table_cloth to registry ResourceKey[minecraft:root / minecraft:item]
[23Nov2025 22:02:07.626] [main/DEBUG] [com.tterrag.registrate.AbstractRegistrate/REGISTRATE.REGISTER]: Registered create:brass_table_cloth to registry ResourceKey[minecraft:root / minecraft:item]
[23Nov2025 22:02:07.626] [main/DEBUG] [com.tterrag.registrate.AbstractRegistrate/REGISTRATE.REGISTER]: Registered create:copper_table_cloth to registry ResourceKey[minecraft:root / minecraft:item]
[23Nov2025 22:02:07.626] [main/DEBUG] [com.tterrag.registrate.AbstractRegistrate/REGISTRATE.REGISTER]: Registered create:display_link to registry ResourceKey[minecraft:root / minecraft:item]
[23Nov2025 22:02:07.626] [main/DEBUG] [com.tterrag.registrate.AbstractRegistrate/REGISTRATE.REGISTER]: Registered create:display_board to registry ResourceKey[minecraft:root / minecraft:item]
[23Nov2025 22:02:07.626] [main/DEBUG] [com.tterrag.registrate.AbstractRegistrate/REGISTRATE.REGISTER]: Registered create:nixie_tube to registry ResourceKey[minecraft:root / minecraft:item]
[23Nov2025 22:02:07.627] [main/DEBUG] [com.tterrag.registrate.AbstractRegistrate/REGISTRATE.REGISTER]: Registered create:rose_quartz_lamp to registry ResourceKey[minecraft:root / minecraft:item]
[23Nov2025 22:02:07.627] [main/DEBUG] [com.tterrag.registrate.AbstractRegistrate/REGISTRATE.REGISTER]: Registered create:redstone_link to registry ResourceKey[minecraft:root / minecraft:item]
[23Nov2025 22:02:07.627] [main/DEBUG] [com.tterrag.registrate.AbstractRegistrate/REGISTRATE.REGISTER]: Registered create:analog_lever to registry ResourceKey[minecraft:root / minecraft:item]
[23Nov2025 22:02:07.627] [main/DEBUG] [com.tterrag.registrate.AbstractRegistrate/REGISTRATE.REGISTER]: Registered create:placard to registry ResourceKey[minecraft:root / minecraft:item]
[23Nov2025 22:02:07.627] [main/DEBUG] [com.tterrag.registrate.AbstractRegistrate/REGISTRATE.REGISTER]: Registered create:pulse_repeater to registry ResourceKey[minecraft:root / minecraft:item]
[23Nov2025 22:02:07.627] [main/DEBUG] [com.tterrag.registrate.AbstractRegistrate/REGISTRATE.REGISTER]: Registered create:pulse_extender to registry ResourceKey[minecraft:root / minecraft:item]
[23Nov2025 22:02:07.627] [main/DEBUG] [com.tterrag.registrate.AbstractRegistrate/REGISTRATE.REGISTER]: Registered create:pulse_timer to registry ResourceKey[minecraft:root / minecraft:item]
[23Nov2025 22:02:07.627] [main/DEBUG] [com.tterrag.registrate.AbstractRegistrate/REGISTRATE.REGISTER]: Registered create:powered_latch to registry ResourceKey[minecraft:root / minecraft:item]
[23Nov2025 22:02:07.627] [main/DEBUG] [com.tterrag.registrate.AbstractRegistrate/REGISTRATE.REGISTER]: Registered create:powered_toggle_latch to registry ResourceKey[minecraft:root / minecraft:item]
[23Nov2025 22:02:07.627] [main/DEBUG] [com.tterrag.registrate.AbstractRegistrate/REGISTRATE.REGISTER]: Registered create:wheat_flour to registry ResourceKey[minecraft:root / minecraft:item]
[23Nov2025 22:02:07.627] [main/DEBUG] [com.tterrag.registrate.AbstractRegistrate/REGISTRATE.REGISTER]: Registered create:dough to registry ResourceKey[minecraft:root / minecraft:item]
[23Nov2025 22:02:07.627] [main/DEBUG] [com.tterrag.registrate.AbstractRegistrate/REGISTRATE.REGISTER]: Registered create:cinder_flour to registry ResourceKey[minecraft:root / minecraft:item]
[23Nov2025 22:02:07.627] [main/DEBUG] [com.tterrag.registrate.AbstractRegistrate/REGISTRATE.REGISTER]: Registered create:rose_quartz to registry ResourceKey[minecraft:root / minecraft:item]
[23Nov2025 22:02:07.627] [main/DEBUG] [com.tterrag.registrate.AbstractRegistrate/REGISTRATE.REGISTER]: Registered create:polished_rose_quartz to registry ResourceKey[minecraft:root / minecraft:item]
[23Nov2025 22:02:07.627] [main/DEBUG] [com.tterrag.registrate.AbstractRegistrate/REGISTRATE.REGISTER]: Registered create:powdered_obsidian to registry ResourceKey[minecraft:root / minecraft:item]
[23Nov2025 22:02:07.627] [main/DEBUG] [com.tterrag.registrate.AbstractRegistrate/REGISTRATE.REGISTER]: Registered create:sturdy_sheet to registry ResourceKey[minecraft:root / minecraft:item]
[23Nov2025 22:02:07.628] [main/DEBUG] [com.tterrag.registrate.AbstractRegistrate/REGISTRATE.REGISTER]: Registered create:propeller to registry ResourceKey[minecraft:root / minecraft:item]
[23Nov2025 22:02:07.628] [main/DEBUG] [com.tterrag.registrate.AbstractRegistrate/REGISTRATE.REGISTER]: Registered create:whisk to registry ResourceKey[minecraft:root / minecraft:item]
[23Nov2025 22:02:07.628] [main/DEBUG] [com.tterrag.registrate.AbstractRegistrate/REGISTRATE.REGISTER]: Registered create:brass_hand to registry ResourceKey[minecraft:root / minecraft:item]
[23Nov2025 22:02:07.628] [main/DEBUG] [com.tterrag.registrate.AbstractRegistrate/REGISTRATE.REGISTER]: Registered create:crafter_slot_cover to registry ResourceKey[minecraft:root / minecraft:item]
[23Nov2025 22:02:07.628] [main/DEBUG] [com.tterrag.registrate.AbstractRegistrate/REGISTRATE.REGISTER]: Registered create:electron_tube to registry ResourceKey[minecraft:root / minecraft:item]
[23Nov2025 22:02:07.628] [main/DEBUG] [com.tterrag.registrate.AbstractRegistrate/REGISTRATE.REGISTER]: Registered create:transmitter to registry ResourceKey[minecraft:root / minecraft:item]
[23Nov2025 22:02:07.628] [main/DEBUG] [com.tterrag.registrate.AbstractRegistrate/REGISTRATE.REGISTER]: Registered create:pulp to registry ResourceKey[minecraft:root / minecraft:item]
[23Nov2025 22:02:07.628] [main/DEBUG] [com.tterrag.registrate.AbstractRegistrate/REGISTRATE.REGISTER]: Registered create:cardboard to registry ResourceKey[minecraft:root / minecraft:item]
[23Nov2025 22:02:07.628] [main/DEBUG] [com.tterrag.registrate.AbstractRegistrate/REGISTRATE.REGISTER]: Registered create:incomplete_precision_mechanism to registry ResourceKey[minecraft:root / minecraft:item]
[23Nov2025 22:02:07.628] [main/DEBUG] [com.tterrag.registrate.AbstractRegistrate/REGISTRATE.REGISTER]: Registered create:unprocessed_obsidian_sheet to registry ResourceKey[minecraft:root / minecraft:item]
[23Nov2025 22:02:07.628] [main/DEBUG] [com.tterrag.registrate.AbstractRegistrate/REGISTRATE.REGISTER]: Registered create:incomplete_track to registry ResourceKey[minecraft:root / minecraft:item]
[23Nov2025 22:02:07.628] [main/DEBUG] [com.tterrag.registrate.AbstractRegistrate/REGISTRATE.REGISTER]: Registered create:precision_mechanism to registry ResourceKey[minecraft:root / minecraft:item]
[23Nov2025 22:02:07.628] [main/DEBUG] [com.tterrag.registrate.AbstractRegistrate/REGISTRATE.REGISTER]: Registered create:blaze_cake_base to registry ResourceKey[minecraft:root / minecraft:item]
[23Nov2025 22:02:07.628] [main/DEBUG] [com.tterrag.registrate.AbstractRegistrate/REGISTRATE.REGISTER]: Registered create:blaze_cake to registry ResourceKey[minecraft:root / minecraft:item]
[23Nov2025 22:02:07.628] [main/DEBUG] [com.tterrag.registrate.AbstractRegistrate/REGISTRATE.REGISTER]: Registered create:creative_blaze_cake to registry ResourceKey[minecraft:root / minecraft:item]
[23Nov2025 22:02:07.629] [main/DEBUG] [com.tterrag.registrate.AbstractRegistrate/REGISTRATE.REGISTER]: Registered create:bar_of_chocolate to registry ResourceKey[minecraft:root / minecraft:item]
[23Nov2025 22:02:07.629] [main/DEBUG] [com.tterrag.registrate.AbstractRegistrate/REGISTRATE.REGISTER]: Registered create:sweet_roll to registry ResourceKey[minecraft:root / minecraft:item]
[23Nov2025 22:02:07.629] [main/DEBUG] [com.tterrag.registrate.AbstractRegistrate/REGISTRATE.REGISTER]: Registered create:chocolate_glazed_berries to registry ResourceKey[minecraft:root / minecraft:item]
[23Nov2025 22:02:07.629] [main/DEBUG] [com.tterrag.registrate.AbstractRegistrate/REGISTRATE.REGISTER]: Registered create:honeyed_apple to registry ResourceKey[minecraft:root / minecraft:item]
[23Nov2025 22:02:07.629] [main/DEBUG] [com.tterrag.registrate.AbstractRegistrate/REGISTRATE.REGISTER]: Registered create:builders_tea to registry ResourceKey[minecraft:root / minecraft:item]
[23Nov2025 22:02:07.630] [main/DEBUG] [com.tterrag.registrate.AbstractRegistrate/REGISTRATE.REGISTER]: Registered create:cardboard_sword to registry ResourceKey[minecraft:root / minecraft:item]
[23Nov2025 22:02:07.630] [main/DEBUG] [com.tterrag.registrate.AbstractRegistrate/REGISTRATE.REGISTER]: Registered create:raw_zinc to registry ResourceKey[minecraft:root / minecraft:item]
[23Nov2025 22:02:07.630] [main/DEBUG] [com.tterrag.registrate.AbstractRegistrate/REGISTRATE.REGISTER]: Registered create:andesite_alloy to registry ResourceKey[minecraft:root / minecraft:item]
[23Nov2025 22:02:07.630] [main/DEBUG] [com.tterrag.registrate.AbstractRegistrate/REGISTRATE.REGISTER]: Registered create:zinc_ingot to registry ResourceKey[minecraft:root / minecraft:item]
[23Nov2025 22:02:07.630] [main/DEBUG] [com.tterrag.registrate.AbstractRegistrate/REGISTRATE.REGISTER]: Registered create:brass_ingot to registry ResourceKey[minecraft:root / minecraft:item]
[23Nov2025 22:02:07.630] [main/DEBUG] [com.tterrag.registrate.AbstractRegistrate/REGISTRATE.REGISTER]: Registered create:chromatic_compound to registry ResourceKey[minecraft:root / minecraft:item]
[23Nov2025 22:02:07.630] [main/DEBUG] [com.tterrag.registrate.AbstractRegistrate/REGISTRATE.REGISTER]: Registered create:shadow_steel to registry ResourceKey[minecraft:root / minecraft:item]
[23Nov2025 22:02:07.631] [main/DEBUG] [com.tterrag.registrate.AbstractRegistrate/REGISTRATE.REGISTER]: Registered create:refined_radiance to registry ResourceKey[minecraft:root / minecraft:item]
[23Nov2025 22:02:07.631] [main/DEBUG] [com.tterrag.registrate.AbstractRegistrate/REGISTRATE.REGISTER]: Registered create:copper_nugget to registry ResourceKey[minecraft:root / minecraft:item]
[23Nov2025 22:02:07.631] [main/DEBUG] [com.tterrag.registrate.AbstractRegistrate/REGISTRATE.REGISTER]: Registered create:zinc_nugget to registry ResourceKey[minecraft:root / minecraft:item]
[23Nov2025 22:02:07.631] [main/DEBUG] [com.tterrag.registrate.AbstractRegistrate/REGISTRATE.REGISTER]: Registered create:brass_nugget to registry ResourceKey[minecraft:root / minecraft:item]
[23Nov2025 22:02:07.631] [main/DEBUG] [com.tterrag.registrate.AbstractRegistrate/REGISTRATE.REGISTER]: Registered create:experience_nugget to registry ResourceKey[minecraft:root / minecraft:item]
[23Nov2025 22:02:07.631] [main/DEBUG] [com.tterrag.registrate.AbstractRegistrate/REGISTRATE.REGISTER]: Registered create:copper_sheet to registry ResourceKey[minecraft:root / minecraft:item]
[23Nov2025 22:02:07.631] [main/DEBUG] [com.tterrag.registrate.AbstractRegistrate/REGISTRATE.REGISTER]: Registered create:brass_sheet to registry ResourceKey[minecraft:root / minecraft:item]
[23Nov2025 22:02:07.631] [main/DEBUG] [com.tterrag.registrate.AbstractRegistrate/REGISTRATE.REGISTER]: Registered create:iron_sheet to registry ResourceKey[minecraft:root / minecraft:item]
[23Nov2025 22:02:07.631] [main/DEBUG] [com.tterrag.registrate.AbstractRegistrate/REGISTRATE.REGISTER]: Registered create:golden_sheet to registry ResourceKey[minecraft:root / minecraft:item]
[23Nov2025 22:02:07.631] [main/DEBUG] [com.tterrag.registrate.AbstractRegistrate/REGISTRATE.REGISTER]: Registered create:crushed_raw_iron to registry ResourceKey[minecraft:root / minecraft:item]
[23Nov2025 22:02:07.631] [main/DEBUG] [com.tterrag.registrate.AbstractRegistrate/REGISTRATE.REGISTER]: Registered create:crushed_raw_gold to registry ResourceKey[minecraft:root / minecraft:item]
[23Nov2025 22:02:07.631] [main/DEBUG] [com.tterrag.registrate.AbstractRegistrate/REGISTRATE.REGISTER]: Registered create:crushed_raw_copper to registry ResourceKey[minecraft:root / minecraft:item]
[23Nov2025 22:02:07.631] [main/DEBUG] [com.tterrag.registrate.AbstractRegistrate/REGISTRATE.REGISTER]: Registered create:crushed_raw_zinc to registry ResourceKey[minecraft:root / minecraft:item]
[23Nov2025 22:02:07.631] [main/DEBUG] [com.tterrag.registrate.AbstractRegistrate/REGISTRATE.REGISTER]: Registered create:crushed_raw_osmium to registry ResourceKey[minecraft:root / minecraft:item]
[23Nov2025 22:02:07.631] [main/DEBUG] [com.tterrag.registrate.AbstractRegistrate/REGISTRATE.REGISTER]: Registered create:crushed_raw_platinum to registry ResourceKey[minecraft:root / minecraft:item]
[23Nov2025 22:02:07.632] [main/DEBUG] [com.tterrag.registrate.AbstractRegistrate/REGISTRATE.REGISTER]: Registered create:crushed_raw_silver to registry ResourceKey[minecraft:root / minecraft:item]
[23Nov2025 22:02:07.632] [main/DEBUG] [com.tterrag.registrate.AbstractRegistrate/REGISTRATE.REGISTER]: Registered create:crushed_raw_tin to registry ResourceKey[minecraft:root / minecraft:item]
[23Nov2025 22:02:07.632] [main/DEBUG] [com.tterrag.registrate.AbstractRegistrate/REGISTRATE.REGISTER]: Registered create:crushed_raw_lead to registry ResourceKey[minecraft:root / minecraft:item]
[23Nov2025 22:02:07.632] [main/DEBUG] [com.tterrag.registrate.AbstractRegistrate/REGISTRATE.REGISTER]: Registered create:crushed_raw_quicksilver to registry ResourceKey[minecraft:root / minecraft:item]
[23Nov2025 22:02:07.632] [main/DEBUG] [com.tterrag.registrate.AbstractRegistrate/REGISTRATE.REGISTER]: Registered create:crushed_raw_aluminum to registry ResourceKey[minecraft:root / minecraft:item]
[23Nov2025 22:02:07.632] [main/DEBUG] [com.tterrag.registrate.AbstractRegistrate/REGISTRATE.REGISTER]: Registered create:crushed_raw_uranium to registry ResourceKey[minecraft:root / minecraft:item]
[23Nov2025 22:02:07.632] [main/DEBUG] [com.tterrag.registrate.AbstractRegistrate/REGISTRATE.REGISTER]: Registered create:crushed_raw_nickel to registry ResourceKey[minecraft:root / minecraft:item]
[23Nov2025 22:02:07.632] [main/DEBUG] [com.tterrag.registrate.AbstractRegistrate/REGISTRATE.REGISTER]: Registered create:belt_connector to registry ResourceKey[minecraft:root / minecraft:item]
[23Nov2025 22:02:07.632] [main/DEBUG] [com.tterrag.registrate.AbstractRegistrate/REGISTRATE.REGISTER]: Registered create:vertical_gearbox to registry ResourceKey[minecraft:root / minecraft:item]
[23Nov2025 22:02:07.632] [main/DEBUG] [com.tterrag.registrate.AbstractRegistrate/REGISTRATE.REGISTER]: Registered create:empty_blaze_burner to registry ResourceKey[minecraft:root / minecraft:item]
[23Nov2025 22:02:07.633] [main/DEBUG] [com.tterrag.registrate.AbstractRegistrate/REGISTRATE.REGISTER]: Registered create:goggles to registry ResourceKey[minecraft:root / minecraft:item]
[23Nov2025 22:02:07.633] [main/DEBUG] [com.tterrag.registrate.AbstractRegistrate/REGISTRATE.REGISTER]: Registered create:super_glue to registry ResourceKey[minecraft:root / minecraft:item]
[23Nov2025 22:02:07.633] [main/DEBUG] [com.tterrag.registrate.AbstractRegistrate/REGISTRATE.REGISTER]: Registered create:minecart_coupling to registry ResourceKey[minecraft:root / minecraft:item]
[23Nov2025 22:02:07.633] [main/DEBUG] [com.tterrag.registrate.AbstractRegistrate/REGISTRATE.REGISTER]: Registered create:crafting_blueprint to registry ResourceKey[minecraft:root / minecraft:item]
[23Nov2025 22:02:07.633] [main/DEBUG] [com.tterrag.registrate.AbstractRegistrate/REGISTRATE.REGISTER]: Registered create:copper_backtank_placeable to registry ResourceKey[minecraft:root / minecraft:item]
[23Nov2025 22:02:07.633] [main/DEBUG] [com.tterrag.registrate.AbstractRegistrate/REGISTRATE.REGISTER]: Registered create:netherite_backtank_placeable to registry ResourceKey[minecraft:root / minecraft:item]
[23Nov2025 22:02:07.635] [main/DEBUG] [com.tterrag.registrate.AbstractRegistrate/REGISTRATE.REGISTER]: Registered create:copper_backtank to registry ResourceKey[minecraft:root / minecraft:item]
[23Nov2025 22:02:07.635] [main/DEBUG] [com.tterrag.registrate.AbstractRegistrate/REGISTRATE.REGISTER]: Registered create:netherite_backtank to registry ResourceKey[minecraft:root / minecraft:item]
[23Nov2025 22:02:07.635] [main/DEBUG] [com.tterrag.registrate.AbstractRegistrate/REGISTRATE.REGISTER]: Registered create:copper_diving_helmet to registry ResourceKey[minecraft:root / minecraft:item]
[23Nov2025 22:02:07.635] [main/DEBUG] [com.tterrag.registrate.AbstractRegistrate/REGISTRATE.REGISTER]: Registered create:netherite_diving_helmet to registry ResourceKey[minecraft:root / minecraft:item]
[23Nov2025 22:02:07.635] [main/DEBUG] [com.tterrag.registrate.AbstractRegistrate/REGISTRATE.REGISTER]: Registered create:copper_diving_boots to registry ResourceKey[minecraft:root / minecraft:item]
[23Nov2025 22:02:07.635] [main/DEBUG] [com.tterrag.registrate.AbstractRegistrate/REGISTRATE.REGISTER]: Registered create:netherite_diving_boots to registry ResourceKey[minecraft:root / minecraft:item]
[23Nov2025 22:02:07.636] [main/DEBUG] [com.tterrag.registrate.AbstractRegistrate/REGISTRATE.REGISTER]: Registered create:cardboard_helmet to registry ResourceKey[minecraft:root / minecraft:item]
[23Nov2025 22:02:07.636] [main/DEBUG] [com.tterrag.registrate.AbstractRegistrate/REGISTRATE.REGISTER]: Registered create:cardboard_chestplate to registry ResourceKey[minecraft:root / minecraft:item]
[23Nov2025 22:02:07.636] [main/DEBUG] [com.tterrag.registrate.AbstractRegistrate/REGISTRATE.REGISTER]: Registered create:cardboard_leggings to registry ResourceKey[minecraft:root / minecraft:item]
[23Nov2025 22:02:07.636] [main/DEBUG] [com.tterrag.registrate.AbstractRegistrate/REGISTRATE.REGISTER]: Registered create:cardboard_boots to registry ResourceKey[minecraft:root / minecraft:item]
[23Nov2025 22:02:07.636] [main/DEBUG] [com.tterrag.registrate.AbstractRegistrate/REGISTRATE.REGISTER]: Registered create:sand_paper to registry ResourceKey[minecraft:root / minecraft:item]
[23Nov2025 22:02:07.637] [main/DEBUG] [com.tterrag.registrate.AbstractRegistrate/REGISTRATE.REGISTER]: Registered create:red_sand_paper to registry ResourceKey[minecraft:root / minecraft:item]
[23Nov2025 22:02:07.637] [main/DEBUG] [com.tterrag.registrate.AbstractRegistrate/REGISTRATE.REGISTER]: Registered create:wrench to registry ResourceKey[minecraft:root / minecraft:item]
[23Nov2025 22:02:07.637] [main/DEBUG] [com.tterrag.registrate.AbstractRegistrate/REGISTRATE.REGISTER]: Registered create:minecart_contraption to registry ResourceKey[minecraft:root / minecraft:item]
[23Nov2025 22:02:07.637] [main/DEBUG] [com.tterrag.registrate.AbstractRegistrate/REGISTRATE.REGISTER]: Registered create:furnace_minecart_contraption to registry ResourceKey[minecraft:root / minecraft:item]
[23Nov2025 22:02:07.637] [main/DEBUG] [com.tterrag.registrate.AbstractRegistrate/REGISTRATE.REGISTER]: Registered create:chest_minecart_contraption to registry ResourceKey[minecraft:root / minecraft:item]
[23Nov2025 22:02:07.637] [main/DEBUG] [com.tterrag.registrate.AbstractRegistrate/REGISTRATE.REGISTER]: Registered create:linked_controller to registry ResourceKey[minecraft:root / minecraft:item]
[23Nov2025 22:02:07.637] [main/DEBUG] [com.tterrag.registrate.AbstractRegistrate/REGISTRATE.REGISTER]: Registered create:potato_cannon to registry ResourceKey[minecraft:root / minecraft:item]
[23Nov2025 22:02:07.637] [main/DEBUG] [com.tterrag.registrate.AbstractRegistrate/REGISTRATE.REGISTER]: Registered create:extendo_grip to registry ResourceKey[minecraft:root / minecraft:item]
[23Nov2025 22:02:07.637] [main/DEBUG] [com.tterrag.registrate.AbstractRegistrate/REGISTRATE.REGISTER]: Registered create:wand_of_symmetry to registry ResourceKey[minecraft:root / minecraft:item]
[23Nov2025 22:02:07.638] [main/DEBUG] [com.tterrag.registrate.AbstractRegistrate/REGISTRATE.REGISTER]: Registered create:handheld_worldshaper to registry ResourceKey[minecraft:root / minecraft:item]
[23Nov2025 22:02:07.638] [main/DEBUG] [com.tterrag.registrate.AbstractRegistrate/REGISTRATE.REGISTER]: Registered create:tree_fertilizer to registry ResourceKey[minecraft:root / minecraft:item]
[23Nov2025 22:02:07.638] [main/DEBUG] [com.tterrag.registrate.AbstractRegistrate/REGISTRATE.REGISTER]: Registered create:cardboard_package_12x12 to registry ResourceKey[minecraft:root / minecraft:item]
[23Nov2025 22:02:07.638] [main/DEBUG] [com.tterrag.registrate.AbstractRegistrate/REGISTRATE.REGISTER]: Registered create:cardboard_package_10x12 to registry ResourceKey[minecraft:root / minecraft:item]
[23Nov2025 22:02:07.638] [main/DEBUG] [com.tterrag.registrate.AbstractRegistrate/REGISTRATE.REGISTER]: Registered create:cardboard_package_10x8 to registry ResourceKey[minecraft:root / minecraft:item]
[23Nov2025 22:02:07.638] [main/DEBUG] [com.tterrag.registrate.AbstractRegistrate/REGISTRATE.REGISTER]: Registered create:cardboard_package_12x10 to registry ResourceKey[minecraft:root / minecraft:item]
[23Nov2025 22:02:07.638] [main/DEBUG] [com.tterrag.registrate.AbstractRegistrate/REGISTRATE.REGISTER]: Registered create:rare_creeper_package to registry ResourceKey[minecraft:root / minecraft:item]
[23Nov2025 22:02:07.638] [main/DEBUG] [com.tterrag.registrate.AbstractRegistrate/REGISTRATE.REGISTER]: Registered create:rare_darcy_package to registry ResourceKey[minecraft:root / minecraft:item]
[23Nov2025 22:02:07.638] [main/DEBUG] [com.tterrag.registrate.AbstractRegistrate/REGISTRATE.REGISTER]: Registered create:rare_evan_package to registry ResourceKey[minecraft:root / minecraft:item]
[23Nov2025 22:02:07.639] [main/DEBUG] [com.tterrag.registrate.AbstractRegistrate/REGISTRATE.REGISTER]: Registered create:rare_jinx_package to registry ResourceKey[minecraft:root / minecraft:item]
[23Nov2025 22:02:07.639] [main/DEBUG] [com.tterrag.registrate.AbstractRegistrate/REGISTRATE.REGISTER]: Registered create:rare_kryppers_package to registry ResourceKey[minecraft:root / minecraft:item]
[23Nov2025 22:02:07.639] [main/DEBUG] [com.tterrag.registrate.AbstractRegistrate/REGISTRATE.REGISTER]: Registered create:rare_simi_package to registry ResourceKey[minecraft:root / minecraft:item]
[23Nov2025 22:02:07.639] [main/DEBUG] [com.tterrag.registrate.AbstractRegistrate/REGISTRATE.REGISTER]: Registered create:rare_starlotte_package to registry ResourceKey[minecraft:root / minecraft:item]
[23Nov2025 22:02:07.639] [main/DEBUG] [com.tterrag.registrate.AbstractRegistrate/REGISTRATE.REGISTER]: Registered create:rare_thunder_package to registry ResourceKey[minecraft:root / minecraft:item]
[23Nov2025 22:02:07.639] [main/DEBUG] [com.tterrag.registrate.AbstractRegistrate/REGISTRATE.REGISTER]: Registered create:rare_up_package to registry ResourceKey[minecraft:root / minecraft:item]
[23Nov2025 22:02:07.639] [main/DEBUG] [com.tterrag.registrate.AbstractRegistrate/REGISTRATE.REGISTER]: Registered create:rare_vector_package to registry ResourceKey[minecraft:root / minecraft:item]
[23Nov2025 22:02:07.640] [main/DEBUG] [com.tterrag.registrate.AbstractRegistrate/REGISTRATE.REGISTER]: Registered create:filter to registry ResourceKey[minecraft:root / minecraft:item]
[23Nov2025 22:02:07.640] [main/DEBUG] [com.tterrag.registrate.AbstractRegistrate/REGISTRATE.REGISTER]: Registered create:attribute_filter to registry ResourceKey[minecraft:root / minecraft:item]
[23Nov2025 22:02:07.641] [main/DEBUG] [com.tterrag.registrate.AbstractRegistrate/REGISTRATE.REGISTER]: Registered create:package_filter to registry ResourceKey[minecraft:root / minecraft:item]
[23Nov2025 22:02:07.641] [main/DEBUG] [com.tterrag.registrate.AbstractRegistrate/REGISTRATE.REGISTER]: Registered create:schedule to registry ResourceKey[minecraft:root / minecraft:item]
[23Nov2025 22:02:07.641] [main/DEBUG] [com.tterrag.registrate.AbstractRegistrate/REGISTRATE.REGISTER]: Registered create:shopping_list to registry ResourceKey[minecraft:root / minecraft:item]
[23Nov2025 22:02:07.641] [main/DEBUG] [com.tterrag.registrate.AbstractRegistrate/REGISTRATE.REGISTER]: Registered create:empty_schematic to registry ResourceKey[minecraft:root / minecraft:item]
[23Nov2025 22:02:07.641] [main/DEBUG] [com.tterrag.registrate.AbstractRegistrate/REGISTRATE.REGISTER]: Registered create:schematic_and_quill to registry ResourceKey[minecraft:root / minecraft:item]
[23Nov2025 22:02:07.641] [main/DEBUG] [com.tterrag.registrate.AbstractRegistrate/REGISTRATE.REGISTER]: Registered create:schematic to registry ResourceKey[minecraft:root / minecraft:item]
[23Nov2025 22:02:07.641] [main/DEBUG] [com.tterrag.registrate.AbstractRegistrate/REGISTRATE.REGISTER]: Registered create:peculiar_bell to registry ResourceKey[minecraft:root / minecraft:item]
[23Nov2025 22:02:07.642] [main/DEBUG] [com.tterrag.registrate.AbstractRegistrate/REGISTRATE.REGISTER]: Registered create:haunted_bell to registry ResourceKey[minecraft:root / minecraft:item]
[23Nov2025 22:02:07.642] [main/DEBUG] [com.tterrag.registrate.AbstractRegistrate/REGISTRATE.REGISTER]: Registered create:desk_bell to registry ResourceKey[minecraft:root / minecraft:item]
[23Nov2025 22:02:07.642] [main/DEBUG] [com.tterrag.registrate.AbstractRegistrate/REGISTRATE.REGISTER]: Registered create:white_toolbox to registry ResourceKey[minecraft:root / minecraft:item]
[23Nov2025 22:02:07.642] [main/DEBUG] [com.tterrag.registrate.AbstractRegistrate/REGISTRATE.REGISTER]: Registered create:orange_toolbox to registry ResourceKey[minecraft:root / minecraft:item]
[23Nov2025 22:02:07.642] [main/DEBUG] [com.tterrag.registrate.AbstractRegistrate/REGISTRATE.REGISTER]: Registered create:magenta_toolbox to registry ResourceKey[minecraft:root / minecraft:item]
[23Nov2025 22:02:07.642] [main/DEBUG] [com.tterrag.registrate.AbstractRegistrate/REGISTRATE.REGISTER]: Registered create:light_blue_toolbox to registry ResourceKey[minecraft:root / minecraft:item]
[23Nov2025 22:02:07.642] [main/DEBUG] [com.tterrag.registrate.AbstractRegistrate/REGISTRATE.REGISTER]: Registered create:yellow_toolbox to registry ResourceKey[minecraft:root / minecraft:item]
[23Nov2025 22:02:07.642] [main/DEBUG] [com.tterrag.registrate.AbstractRegistrate/REGISTRATE.REGISTER]: Registered create:lime_toolbox to registry ResourceKey[minecraft:root / minecraft:item]
[23Nov2025 22:02:07.642] [main/DEBUG] [com.tterrag.registrate.AbstractRegistrate/REGISTRATE.REGISTER]: Registered create:pink_toolbox to registry ResourceKey[minecraft:root / minecraft:item]
[23Nov2025 22:02:07.642] [main/DEBUG] [com.tterrag.registrate.AbstractRegistrate/REGISTRATE.REGISTER]: Registered create:gray_toolbox to registry ResourceKey[minecraft:root / minecraft:item]
[23Nov2025 22:02:07.642] [main/DEBUG] [com.tterrag.registrate.AbstractRegistrate/REGISTRATE.REGISTER]: Registered create:light_gray_toolbox to registry ResourceKey[minecraft:root / minecraft:item]
[23Nov2025 22:02:07.642] [main/DEBUG] [com.tterrag.registrate.AbstractRegistrate/REGISTRATE.REGISTER]: Registered create:cyan_toolbox to registry ResourceKey[minecraft:root / minecraft:item]
[23Nov2025 22:02:07.642] [main/DEBUG] [com.tterrag.registrate.AbstractRegistrate/REGISTRATE.REGISTER]: Registered create:purple_toolbox to registry ResourceKey[minecraft:root / minecraft:item]
[23Nov2025 22:02:07.642] [main/DEBUG] [com.tterrag.registrate.AbstractRegistrate/REGISTRATE.REGISTER]: Registered create:blue_toolbox to registry ResourceKey[minecraft:root / minecraft:item]
[23Nov2025 22:02:07.643] [main/DEBUG] [com.tterrag.registrate.AbstractRegistrate/REGISTRATE.REGISTER]: Registered create:brown_toolbox to registry ResourceKey[minecraft:root / minecraft:item]
[23Nov2025 22:02:07.643] [main/DEBUG] [com.tterrag.registrate.AbstractRegistrate/REGISTRATE.REGISTER]: Registered create:green_toolbox to registry ResourceKey[minecraft:root / minecraft:item]
[23Nov2025 22:02:07.643] [main/DEBUG] [com.tterrag.registrate.AbstractRegistrate/REGISTRATE.REGISTER]: Registered create:red_toolbox to registry ResourceKey[minecraft:root / minecraft:item]
[23Nov2025 22:02:07.643] [main/DEBUG] [com.tterrag.registrate.AbstractRegistrate/REGISTRATE.REGISTER]: Registered create:black_toolbox to registry ResourceKey[minecraft:root / minecraft:item]
[23Nov2025 22:02:07.643] [main/DEBUG] [com.tterrag.registrate.AbstractRegistrate/REGISTRATE.REGISTER]: Registered create:clipboard to registry ResourceKey[minecraft:root / minecraft:item]
[23Nov2025 22:02:07.643] [main/DEBUG] [com.tterrag.registrate.AbstractRegistrate/REGISTRATE.REGISTER]: Registered create:andesite_ladder to registry ResourceKey[minecraft:root / minecraft:item]
[23Nov2025 22:02:07.643] [main/DEBUG] [com.tterrag.registrate.AbstractRegistrate/REGISTRATE.REGISTER]: Registered create:brass_ladder to registry ResourceKey[minecraft:root / minecraft:item]
[23Nov2025 22:02:07.643] [main/DEBUG] [com.tterrag.registrate.AbstractRegistrate/REGISTRATE.REGISTER]: Registered create:copper_ladder to registry ResourceKey[minecraft:root / minecraft:item]
[23Nov2025 22:02:07.643] [main/DEBUG] [com.tterrag.registrate.AbstractRegistrate/REGISTRATE.REGISTER]: Registered create:andesite_bars to registry ResourceKey[minecraft:root / minecraft:item]
[23Nov2025 22:02:07.643] [main/DEBUG] [com.tterrag.registrate.AbstractRegistrate/REGISTRATE.REGISTER]: Registered create:brass_bars to registry ResourceKey[minecraft:root / minecraft:item]
[23Nov2025 22:02:07.643] [main/DEBUG] [com.tterrag.registrate.AbstractRegistrate/REGISTRATE.REGISTER]: Registered create:copper_bars to registry ResourceKey[minecraft:root / minecraft:item]
[23Nov2025 22:02:07.643] [main/DEBUG] [com.tterrag.registrate.AbstractRegistrate/REGISTRATE.REGISTER]: Registered create:andesite_scaffolding to registry ResourceKey[minecraft:root / minecraft:item]
[23Nov2025 22:02:07.644] [main/DEBUG] [com.tterrag.registrate.AbstractRegistrate/REGISTRATE.REGISTER]: Registered create:brass_scaffolding to registry ResourceKey[minecraft:root / minecraft:item]
[23Nov2025 22:02:07.644] [main/DEBUG] [com.tterrag.registrate.AbstractRegistrate/REGISTRATE.REGISTER]: Registered create:copper_scaffolding to registry ResourceKey[minecraft:root / minecraft:item]
[23Nov2025 22:02:07.644] [main/DEBUG] [com.tterrag.registrate.AbstractRegistrate/REGISTRATE.REGISTER]: Registered create:metal_girder to registry ResourceKey[minecraft:root / minecraft:item]
[23Nov2025 22:02:07.644] [main/DEBUG] [com.tterrag.registrate.AbstractRegistrate/REGISTRATE.REGISTER]: Registered create:copycat_step to registry ResourceKey[minecraft:root / minecraft:item]
[23Nov2025 22:02:07.644] [main/DEBUG] [com.tterrag.registrate.AbstractRegistrate/REGISTRATE.REGISTER]: Registered create:copycat_panel to registry ResourceKey[minecraft:root / minecraft:item]
[23Nov2025 22:02:07.644] [main/DEBUG] [com.tterrag.registrate.AbstractRegistrate/REGISTRATE.REGISTER]: Registered create:white_seat to registry ResourceKey[minecraft:root / minecraft:item]
[23Nov2025 22:02:07.644] [main/DEBUG] [com.tterrag.registrate.AbstractRegistrate/REGISTRATE.REGISTER]: Registered create:orange_seat to registry ResourceKey[minecraft:root / minecraft:item]
[23Nov2025 22:02:07.644] [main/DEBUG] [com.tterrag.registrate.AbstractRegistrate/REGISTRATE.REGISTER]: Registered create:magenta_seat to registry ResourceKey[minecraft:root / minecraft:item]
[23Nov2025 22:02:07.644] [main/DEBUG] [com.tterrag.registrate.AbstractRegistrate/REGISTRATE.REGISTER]: Registered create:light_blue_seat to registry ResourceKey[minecraft:root / minecraft:item]
[23Nov2025 22:02:07.644] [main/DEBUG] [com.tterrag.registrate.AbstractRegistrate/REGISTRATE.REGISTER]: Registered create:yellow_seat to registry ResourceKey[minecraft:root / minecraft:item]
[23Nov2025 22:02:07.644] [main/DEBUG] [com.tterrag.registrate.AbstractRegistrate/REGISTRATE.REGISTER]: Registered create:lime_seat to registry ResourceKey[minecraft:root / minecraft:item]
[23Nov2025 22:02:07.644] [main/DEBUG] [com.tterrag.registrate.AbstractRegistrate/REGISTRATE.REGISTER]: Registered create:pink_seat to registry ResourceKey[minecraft:root / minecraft:item]
[23Nov2025 22:02:07.644] [main/DEBUG] [com.tterrag.registrate.AbstractRegistrate/REGISTRATE.REGISTER]: Registered create:gray_seat to registry ResourceKey[minecraft:root / minecraft:item]
[23Nov2025 22:02:07.644] [main/DEBUG] [com.tterrag.registrate.AbstractRegistrate/REGISTRATE.REGISTER]: Registered create:light_gray_seat to registry ResourceKey[minecraft:root / minecraft:item]
[23Nov2025 22:02:07.644] [main/DEBUG] [com.tterrag.registrate.AbstractRegistrate/REGISTRATE.REGISTER]: Registered create:cyan_seat to registry ResourceKey[minecraft:root / minecraft:item]
[23Nov2025 22:02:07.645] [main/DEBUG] [com.tterrag.registrate.AbstractRegistrate/REGISTRATE.REGISTER]: Registered create:purple_seat to registry ResourceKey[minecraft:root / minecraft:item]
[23Nov2025 22:02:07.645] [main/DEBUG] [com.tterrag.registrate.AbstractRegistrate/REGISTRATE.REGISTER]: Registered create:blue_seat to registry ResourceKey[minecraft:root / minecraft:item]
[23Nov2025 22:02:07.645] [main/DEBUG] [com.tterrag.registrate.AbstractRegistrate/REGISTRATE.REGISTER]: Registered create:brown_seat to registry ResourceKey[minecraft:root / minecraft:item]
[23Nov2025 22:02:07.645] [main/DEBUG] [com.tterrag.registrate.AbstractRegistrate/REGISTRATE.REGISTER]: Registered create:green_seat to registry ResourceKey[minecraft:root / minecraft:item]
[23Nov2025 22:02:07.645] [main/DEBUG] [com.tterrag.registrate.AbstractRegistrate/REGISTRATE.REGISTER]: Registered create:red_seat to registry ResourceKey[minecraft:root / minecraft:item]
[23Nov2025 22:02:07.645] [main/DEBUG] [com.tterrag.registrate.AbstractRegistrate/REGISTRATE.REGISTER]: Registered create:black_seat to registry ResourceKey[minecraft:root / minecraft:item]
[23Nov2025 22:02:07.645] [main/DEBUG] [com.tterrag.registrate.AbstractRegistrate/REGISTRATE.REGISTER]: Registered create:andesite_door to registry ResourceKey[minecraft:root / minecraft:item]
[23Nov2025 22:02:07.645] [main/DEBUG] [com.tterrag.registrate.AbstractRegistrate/REGISTRATE.REGISTER]: Registered create:brass_door to registry ResourceKey[minecraft:root / minecraft:item]
[23Nov2025 22:02:07.645] [main/DEBUG] [com.tterrag.registrate.AbstractRegistrate/REGISTRATE.REGISTER]: Registered create:copper_door to registry ResourceKey[minecraft:root / minecraft:item]
[23Nov2025 22:02:07.645] [main/DEBUG] [com.tterrag.registrate.AbstractRegistrate/REGISTRATE.REGISTER]: Registered create:train_door to registry ResourceKey[minecraft:root / minecraft:item]
[23Nov2025 22:02:07.645] [main/DEBUG] [com.tterrag.registrate.AbstractRegistrate/REGISTRATE.REGISTER]: Registered create:train_trapdoor to registry ResourceKey[minecraft:root / minecraft:item]
[23Nov2025 22:02:07.645] [main/DEBUG] [com.tterrag.registrate.AbstractRegistrate/REGISTRATE.REGISTER]: Registered create:framed_glass_door to registry ResourceKey[minecraft:root / minecraft:item]
[23Nov2025 22:02:07.645] [main/DEBUG] [com.tterrag.registrate.AbstractRegistrate/REGISTRATE.REGISTER]: Registered create:framed_glass_trapdoor to registry ResourceKey[minecraft:root / minecraft:item]
[23Nov2025 22:02:07.645] [main/DEBUG] [com.tterrag.registrate.AbstractRegistrate/REGISTRATE.REGISTER]: Registered create:zinc_ore to registry ResourceKey[minecraft:root / minecraft:item]
[23Nov2025 22:02:07.646] [main/DEBUG] [com.tterrag.registrate.AbstractRegistrate/REGISTRATE.REGISTER]: Registered create:deepslate_zinc_ore to registry ResourceKey[minecraft:root / minecraft:item]
[23Nov2025 22:02:07.646] [main/DEBUG] [com.tterrag.registrate.AbstractRegistrate/REGISTRATE.REGISTER]: Registered create:raw_zinc_block to registry ResourceKey[minecraft:root / minecraft:item]
[23Nov2025 22:02:07.646] [main/DEBUG] [com.tterrag.registrate.AbstractRegistrate/REGISTRATE.REGISTER]: Registered create:zinc_block to registry ResourceKey[minecraft:root / minecraft:item]
[23Nov2025 22:02:07.646] [main/DEBUG] [com.tterrag.registrate.AbstractRegistrate/REGISTRATE.REGISTER]: Registered create:andesite_alloy_block to registry ResourceKey[minecraft:root / minecraft:item]
[23Nov2025 22:02:07.646] [main/DEBUG] [com.tterrag.registrate.AbstractRegistrate/REGISTRATE.REGISTER]: Registered create:industrial_iron_block to registry ResourceKey[minecraft:root / minecraft:item]
[23Nov2025 22:02:07.646] [main/DEBUG] [com.tterrag.registrate.AbstractRegistrate/REGISTRATE.REGISTER]: Registered create:weathered_iron_block to registry ResourceKey[minecraft:root / minecraft:item]
[23Nov2025 22:02:07.646] [main/DEBUG] [com.tterrag.registrate.AbstractRegistrate/REGISTRATE.REGISTER]: Registered create:brass_block to registry ResourceKey[minecraft:root / minecraft:item]
[23Nov2025 22:02:07.646] [main/DEBUG] [com.tterrag.registrate.AbstractRegistrate/REGISTRATE.REGISTER]: Registered create:cardboard_block to registry ResourceKey[minecraft:root / minecraft:item]
[23Nov2025 22:02:07.646] [main/DEBUG] [com.tterrag.registrate.AbstractRegistrate/REGISTRATE.REGISTER]: Registered create:bound_cardboard_block to registry ResourceKey[minecraft:root / minecraft:item]
[23Nov2025 22:02:07.646] [main/DEBUG] [com.tterrag.registrate.AbstractRegistrate/REGISTRATE.REGISTER]: Registered create:experience_block to registry ResourceKey[minecraft:root / minecraft:item]
[23Nov2025 22:02:07.646] [main/DEBUG] [com.tterrag.registrate.AbstractRegistrate/REGISTRATE.REGISTER]: Registered create:rose_quartz_block to registry ResourceKey[minecraft:root / minecraft:item]
[23Nov2025 22:02:07.646] [main/DEBUG] [com.tterrag.registrate.AbstractRegistrate/REGISTRATE.REGISTER]: Registered create:rose_quartz_tiles to registry ResourceKey[minecraft:root / minecraft:item]
[23Nov2025 22:02:07.646] [main/DEBUG] [com.tterrag.registrate.AbstractRegistrate/REGISTRATE.REGISTER]: Registered create:small_rose_quartz_tiles to registry ResourceKey[minecraft:root / minecraft:item]
[23Nov2025 22:02:07.647] [main/DEBUG] [com.tterrag.registrate.AbstractRegistrate/REGISTRATE.REGISTER]: Registered create:copper_shingles to registry ResourceKey[minecraft:root / minecraft:item]
[23Nov2025 22:02:07.647] [main/DEBUG] [com.tterrag.registrate.AbstractRegistrate/REGISTRATE.REGISTER]: Registered create:exposed_copper_shingles to registry ResourceKey[minecraft:root / minecraft:item]
[23Nov2025 22:02:07.647] [main/DEBUG] [com.tterrag.registrate.AbstractRegistrate/REGISTRATE.REGISTER]: Registered create:weathered_copper_shingles to registry ResourceKey[minecraft:root / minecraft:item]
[23Nov2025 22:02:07.647] [main/DEBUG] [com.tterrag.registrate.AbstractRegistrate/REGISTRATE.REGISTER]: Registered create:oxidized_copper_shingles to registry ResourceKey[minecraft:root / minecraft:item]
[23Nov2025 22:02:07.647] [main/DEBUG] [com.tterrag.registrate.AbstractRegistrate/REGISTRATE.REGISTER]: Registered create:copper_shingle_slab to registry ResourceKey[minecraft:root / minecraft:item]
[23Nov2025 22:02:07.647] [main/DEBUG] [com.tterrag.registrate.AbstractRegistrate/REGISTRATE.REGISTER]: Registered create:exposed_copper_shingle_slab to registry ResourceKey[minecraft:root / minecraft:item]
[23Nov2025 22:02:07.647] [main/DEBUG] [com.tterrag.registrate.AbstractRegistrate/REGISTRATE.REGISTER]: Registered create:weathered_copper_shingle_slab to registry ResourceKey[minecraft:root / minecraft:item]
[23Nov2025 22:02:07.647] [main/DEBUG] [com.tterrag.registrate.AbstractRegistrate/REGISTRATE.REGISTER]: Registered create:oxidized_copper_shingle_slab to registry ResourceKey[minecraft:root / minecraft:item]
[23Nov2025 22:02:07.647] [main/DEBUG] [com.tterrag.registrate.AbstractRegistrate/REGISTRATE.REGISTER]: Registered create:copper_shingle_stairs to registry ResourceKey[minecraft:root / minecraft:item]
[23Nov2025 22:02:07.647] [main/DEBUG] [com.tterrag.registrate.AbstractRegistrate/REGISTRATE.REGISTER]: Registered create:exposed_copper_shingle_stairs to registry ResourceKey[minecraft:root / minecraft:item]
[23Nov2025 22:02:07.647] [main/DEBUG] [com.tterrag.registrate.AbstractRegistrate/REGISTRATE.REGISTER]: Registered create:weathered_copper_shingle_stairs to registry ResourceKey[minecraft:root / minecraft:item]
[23Nov2025 22:02:07.647] [main/DEBUG] [com.tterrag.registrate.AbstractRegistrate/REGISTRATE.REGISTER]: Registered create:oxidized_copper_shingle_stairs to registry ResourceKey[minecraft:root / minecraft:item]
[23Nov2025 22:02:07.648] [main/DEBUG] [com.tterrag.registrate.AbstractRegistrate/REGISTRATE.REGISTER]: Registered create:waxed_copper_shingles to registry ResourceKey[minecraft:root / minecraft:item]
[23Nov2025 22:02:07.648] [main/DEBUG] [com.tterrag.registrate.AbstractRegistrate/REGISTRATE.REGISTER]: Registered create:waxed_exposed_copper_shingles to registry ResourceKey[minecraft:root / minecraft:item]
[23Nov2025 22:02:07.648] [main/DEBUG] [com.tterrag.registrate.AbstractRegistrate/REGISTRATE.REGISTER]: Registered create:waxed_weathered_copper_shingles to registry ResourceKey[minecraft:root / minecraft:item]
[23Nov2025 22:02:07.648] [main/DEBUG] [com.tterrag.registrate.AbstractRegistrate/REGISTRATE.REGISTER]: Registered create:waxed_oxidized_copper_shingles to registry ResourceKey[minecraft:root / minecraft:item]
[23Nov2025 22:02:07.648] [main/DEBUG] [com.tterrag.registrate.AbstractRegistrate/REGISTRATE.REGISTER]: Registered create:waxed_copper_shingle_slab to registry ResourceKey[minecraft:root / minecraft:item]
[23Nov2025 22:02:07.648] [main/DEBUG] [com.tterrag.registrate.AbstractRegistrate/REGISTRATE.REGISTER]: Registered create:waxed_exposed_copper_shingle_slab to registry ResourceKey[minecraft:root / minecraft:item]
[23Nov2025 22:02:07.648] [main/DEBUG] [com.tterrag.registrate.AbstractRegistrate/REGISTRATE.REGISTER]: Registered create:waxed_weathered_copper_shingle_slab to registry ResourceKey[minecraft:root / minecraft:item]
[23Nov2025 22:02:07.648] [main/DEBUG] [com.tterrag.registrate.AbstractRegistrate/REGISTRATE.REGISTER]: Registered create:waxed_oxidized_copper_shingle_slab to registry ResourceKey[minecraft:root / minecraft:item]
[23Nov2025 22:02:07.648] [main/DEBUG] [com.tterrag.registrate.AbstractRegistrate/REGISTRATE.REGISTER]: Registered create:waxed_copper_shingle_stairs to registry ResourceKey[minecraft:root / minecraft:item]
[23Nov2025 22:02:07.648] [main/DEBUG] [com.tterrag.registrate.AbstractRegistrate/REGISTRATE.REGISTER]: Registered create:waxed_exposed_copper_shingle_stairs to registry ResourceKey[minecraft:root / minecraft:item]
[23Nov2025 22:02:07.648] [main/DEBUG] [com.tterrag.registrate.AbstractRegistrate/REGISTRATE.REGISTER]: Registered create:waxed_weathered_copper_shingle_stairs to registry ResourceKey[minecraft:root / minecraft:item]
[23Nov2025 22:02:07.648] [main/DEBUG] [com.tterrag.registrate.AbstractRegistrate/REGISTRATE.REGISTER]: Registered create:waxed_oxidized_copper_shingle_stairs to registry ResourceKey[minecraft:root / minecraft:item]
[23Nov2025 22:02:07.648] [main/DEBUG] [com.tterrag.registrate.AbstractRegistrate/REGISTRATE.REGISTER]: Registered create:copper_tiles to registry ResourceKey[minecraft:root / minecraft:item]
[23Nov2025 22:02:07.649] [main/DEBUG] [com.tterrag.registrate.AbstractRegistrate/REGISTRATE.REGISTER]: Registered create:exposed_copper_tiles to registry ResourceKey[minecraft:root / minecraft:item]
[23Nov2025 22:02:07.649] [main/DEBUG] [com.tterrag.registrate.AbstractRegistrate/REGISTRATE.REGISTER]: Registered create:weathered_copper_tiles to registry ResourceKey[minecraft:root / minecraft:item]
[23Nov2025 22:02:07.649] [main/DEBUG] [com.tterrag.registrate.AbstractRegistrate/REGISTRATE.REGISTER]: Registered create:oxidized_copper_tiles to registry ResourceKey[minecraft:root / minecraft:item]
[23Nov2025 22:02:07.649] [main/DEBUG] [com.tterrag.registrate.AbstractRegistrate/REGISTRATE.REGISTER]: Registered create:copper_tile_slab to registry ResourceKey[minecraft:root / minecraft:item]
[23Nov2025 22:02:07.649] [main/DEBUG] [com.tterrag.registrate.AbstractRegistrate/REGISTRATE.REGISTER]: Registered create:exposed_copper_tile_slab to registry ResourceKey[minecraft:root / minecraft:item]
[23Nov2025 22:02:07.649] [main/DEBUG] [com.tterrag.registrate.AbstractRegistrate/REGISTRATE.REGISTER]: Registered create:weathered_copper_tile_slab to registry ResourceKey[minecraft:root / minecraft:item]
[23Nov2025 22:02:07.649] [main/DEBUG] [com.tterrag.registrate.AbstractRegistrate/REGISTRATE.REGISTER]: Registered create:oxidized_copper_tile_slab to registry ResourceKey[minecraft:root / minecraft:item]
[23Nov2025 22:02:07.649] [main/DEBUG] [com.tterrag.registrate.AbstractRegistrate/REGISTRATE.REGISTER]: Registered create:copper_tile_stairs to registry ResourceKey[minecraft:root / minecraft:item]
[23Nov2025 22:02:07.649] [main/DEBUG] [com.tterrag.registrate.AbstractRegistrate/REGISTRATE.REGISTER]: Registered create:exposed_copper_tile_stairs to registry ResourceKey[minecraft:root / minecraft:item]
[23Nov2025 22:02:07.649] [main/DEBUG] [com.tterrag.registrate.AbstractRegistrate/REGISTRATE.REGISTER]: Registered create:weathered_copper_tile_stairs to registry ResourceKey[minecraft:root / minecraft:item]
[23Nov2025 22:02:07.649] [main/DEBUG] [com.tterrag.registrate.AbstractRegistrate/REGISTRATE.REGISTER]: Registered create:oxidized_copper_tile_stairs to registry ResourceKey[minecraft:root / minecraft:item]
[23Nov2025 22:02:07.649] [main/DEBUG] [com.tterrag.registrate.AbstractRegistrate/REGISTRATE.REGISTER]: Registered create:waxed_copper_tiles to registry ResourceKey[minecraft:root / minecraft:item]
[23Nov2025 22:02:07.650] [main/DEBUG] [com.tterrag.registrate.AbstractRegistrate/REGISTRATE.REGISTER]: Registered create:waxed_exposed_copper_tiles to registry ResourceKey[minecraft:root / minecraft:item]
[23Nov2025 22:02:07.650] [main/DEBUG] [com.tterrag.registrate.AbstractRegistrate/REGISTRATE.REGISTER]: Registered create:waxed_weathered_copper_tiles to registry ResourceKey[minecraft:root / minecraft:item]
[23Nov2025 22:02:07.650] [main/DEBUG] [com.tterrag.registrate.AbstractRegistrate/REGISTRATE.REGISTER]: Registered create:waxed_oxidized_copper_tiles to registry ResourceKey[minecraft:root / minecraft:item]
[23Nov2025 22:02:07.650] [main/DEBUG] [com.tterrag.registrate.AbstractRegistrate/REGISTRATE.REGISTER]: Registered create:waxed_copper_tile_slab to registry ResourceKey[minecraft:root / minecraft:item]
[23Nov2025 22:02:07.650] [main/DEBUG] [com.tterrag.registrate.AbstractRegistrate/REGISTRATE.REGISTER]: Registered create:waxed_exposed_copper_tile_slab to registry ResourceKey[minecraft:root / minecraft:item]
[23Nov2025 22:02:07.650] [main/DEBUG] [com.tterrag.registrate.AbstractRegistrate/REGISTRATE.REGISTER]: Registered create:waxed_weathered_copper_tile_slab to registry ResourceKey[minecraft:root / minecraft:item]
[23Nov2025 22:02:07.650] [main/DEBUG] [com.tterrag.registrate.AbstractRegistrate/REGISTRATE.REGISTER]: Registered create:waxed_oxidized_copper_tile_slab to registry ResourceKey[minecraft:root / minecraft:item]
[23Nov2025 22:02:07.650] [main/DEBUG] [com.tterrag.registrate.AbstractRegistrate/REGISTRATE.REGISTER]: Registered create:waxed_copper_tile_stairs to registry ResourceKey[minecraft:root / minecraft:item]
[23Nov2025 22:02:07.650] [main/DEBUG] [com.tterrag.registrate.AbstractRegistrate/REGISTRATE.REGISTER]: Registered create:waxed_exposed_copper_tile_stairs to registry ResourceKey[minecraft:root / minecraft:item]
[23Nov2025 22:02:07.650] [main/DEBUG] [com.tterrag.registrate.AbstractRegistrate/REGISTRATE.REGISTER]: Registered create:waxed_weathered_copper_tile_stairs to registry ResourceKey[minecraft:root / minecraft:item]
[23Nov2025 22:02:07.650] [main/DEBUG] [com.tterrag.registrate.AbstractRegistrate/REGISTRATE.REGISTER]: Registered create:waxed_oxidized_copper_tile_stairs to registry ResourceKey[minecraft:root / minecraft:item]
[23Nov2025 22:02:07.651] [main/DEBUG] [com.tterrag.registrate.AbstractRegistrate/REGISTRATE.REGISTER]: Registered create:honey_bucket to registry ResourceKey[minecraft:root / minecraft:item]
[23Nov2025 22:02:07.651] [main/DEBUG] [com.tterrag.registrate.AbstractRegistrate/REGISTRATE.REGISTER]: Registered create:chocolate_bucket to registry ResourceKey[minecraft:root / minecraft:item]
[23Nov2025 22:02:07.651] [main/DEBUG] [com.tterrag.registrate.AbstractRegistrate/REGISTRATE.REGISTER]: Registered create:tiled_glass to registry ResourceKey[minecraft:root / minecraft:item]
[23Nov2025 22:02:07.651] [main/DEBUG] [com.tterrag.registrate.AbstractRegistrate/REGISTRATE.REGISTER]: Registered create:framed_glass to registry ResourceKey[minecraft:root / minecraft:item]
[23Nov2025 22:02:07.651] [main/DEBUG] [com.tterrag.registrate.AbstractRegistrate/REGISTRATE.REGISTER]: Registered create:horizontal_framed_glass to registry ResourceKey[minecraft:root / minecraft:item]
[23Nov2025 22:02:07.651] [main/DEBUG] [com.tterrag.registrate.AbstractRegistrate/REGISTRATE.REGISTER]: Registered create:vertical_framed_glass to registry ResourceKey[minecraft:root / minecraft:item]
[23Nov2025 22:02:07.651] [main/DEBUG] [com.tterrag.registrate.AbstractRegistrate/REGISTRATE.REGISTER]: Registered create:tiled_glass_pane to registry ResourceKey[minecraft:root / minecraft:item]
[23Nov2025 22:02:07.651] [main/DEBUG] [com.tterrag.registrate.AbstractRegistrate/REGISTRATE.REGISTER]: Registered create:framed_glass_pane to registry ResourceKey[minecraft:root / minecraft:item]
[23Nov2025 22:02:07.651] [main/DEBUG] [com.tterrag.registrate.AbstractRegistrate/REGISTRATE.REGISTER]: Registered create:horizontal_framed_glass_pane to registry ResourceKey[minecraft:root / minecraft:item]
[23Nov2025 22:02:07.652] [main/DEBUG] [com.tterrag.registrate.AbstractRegistrate/REGISTRATE.REGISTER]: Registered create:vertical_framed_glass_pane to registry ResourceKey[minecraft:root / minecraft:item]
[23Nov2025 22:02:07.652] [main/DEBUG] [com.tterrag.registrate.AbstractRegistrate/REGISTRATE.REGISTER]: Registered create:oak_window to registry ResourceKey[minecraft:root / minecraft:item]
[23Nov2025 22:02:07.652] [main/DEBUG] [com.tterrag.registrate.AbstractRegistrate/REGISTRATE.REGISTER]: Registered create:spruce_window to registry ResourceKey[minecraft:root / minecraft:item]
[23Nov2025 22:02:07.652] [main/DEBUG] [com.tterrag.registrate.AbstractRegistrate/REGISTRATE.REGISTER]: Registered create:birch_window to registry ResourceKey[minecraft:root / minecraft:item]
[23Nov2025 22:02:07.652] [main/DEBUG] [com.tterrag.registrate.AbstractRegistrate/REGISTRATE.REGISTER]: Registered create:jungle_window to registry ResourceKey[minecraft:root / minecraft:item]
[23Nov2025 22:02:07.652] [main/DEBUG] [com.tterrag.registrate.AbstractRegistrate/REGISTRATE.REGISTER]: Registered create:acacia_window to registry ResourceKey[minecraft:root / minecraft:item]
[23Nov2025 22:02:07.652] [main/DEBUG] [com.tterrag.registrate.AbstractRegistrate/REGISTRATE.REGISTER]: Registered create:dark_oak_window to registry ResourceKey[minecraft:root / minecraft:item]
[23Nov2025 22:02:07.652] [main/DEBUG] [com.tterrag.registrate.AbstractRegistrate/REGISTRATE.REGISTER]: Registered create:mangrove_window to registry ResourceKey[minecraft:root / minecraft:item]
[23Nov2025 22:02:07.652] [main/DEBUG] [com.tterrag.registrate.AbstractRegistrate/REGISTRATE.REGISTER]: Registered create:crimson_window to registry ResourceKey[minecraft:root / minecraft:item]
[23Nov2025 22:02:07.652] [main/DEBUG] [com.tterrag.registrate.AbstractRegistrate/REGISTRATE.REGISTER]: Registered create:warped_window to registry ResourceKey[minecraft:root / minecraft:item]
[23Nov2025 22:02:07.652] [main/DEBUG] [com.tterrag.registrate.AbstractRegistrate/REGISTRATE.REGISTER]: Registered create:cherry_window to registry ResourceKey[minecraft:root / minecraft:item]
[23Nov2025 22:02:07.652] [main/DEBUG] [com.tterrag.registrate.AbstractRegistrate/REGISTRATE.REGISTER]: Registered create:bamboo_window to registry ResourceKey[minecraft:root / minecraft:item]
[23Nov2025 22:02:07.652] [main/DEBUG] [com.tterrag.registrate.AbstractRegistrate/REGISTRATE.REGISTER]: Registered create:ornate_iron_window to registry ResourceKey[minecraft:root / minecraft:item]
[23Nov2025 22:02:07.653] [main/DEBUG] [com.tterrag.registrate.AbstractRegistrate/REGISTRATE.REGISTER]: Registered create:industrial_iron_window to registry ResourceKey[minecraft:root / minecraft:item]
[23Nov2025 22:02:07.653] [main/DEBUG] [com.tterrag.registrate.AbstractRegistrate/REGISTRATE.REGISTER]: Registered create:weathered_iron_window to registry ResourceKey[minecraft:root / minecraft:item]
[23Nov2025 22:02:07.653] [main/DEBUG] [com.tterrag.registrate.AbstractRegistrate/REGISTRATE.REGISTER]: Registered create:oak_window_pane to registry ResourceKey[minecraft:root / minecraft:item]
[23Nov2025 22:02:07.653] [main/DEBUG] [com.tterrag.registrate.AbstractRegistrate/REGISTRATE.REGISTER]: Registered create:spruce_window_pane to registry ResourceKey[minecraft:root / minecraft:item]
[23Nov2025 22:02:07.653] [main/DEBUG] [com.tterrag.registrate.AbstractRegistrate/REGISTRATE.REGISTER]: Registered create:birch_window_pane to registry ResourceKey[minecraft:root / minecraft:item]
[23Nov2025 22:02:07.653] [main/DEBUG] [com.tterrag.registrate.AbstractRegistrate/REGISTRATE.REGISTER]: Registered create:jungle_window_pane to registry ResourceKey[minecraft:root / minecraft:item]
[23Nov2025 22:02:07.653] [main/DEBUG] [com.tterrag.registrate.AbstractRegistrate/REGISTRATE.REGISTER]: Registered create:acacia_window_pane to registry ResourceKey[minecraft:root / minecraft:item]
[23Nov2025 22:02:07.653] [main/DEBUG] [com.tterrag.registrate.AbstractRegistrate/REGISTRATE.REGISTER]: Registered create:dark_oak_window_pane to registry ResourceKey[minecraft:root / minecraft:item]
[23Nov2025 22:02:07.653] [main/DEBUG] [com.tterrag.registrate.AbstractRegistrate/REGISTRATE.REGISTER]: Registered create:mangrove_window_pane to registry ResourceKey[minecraft:root / minecraft:item]
[23Nov2025 22:02:07.653] [main/DEBUG] [com.tterrag.registrate.AbstractRegistrate/REGISTRATE.REGISTER]: Registered create:crimson_window_pane to registry ResourceKey[minecraft:root / minecraft:item]
[23Nov2025 22:02:07.653] [main/DEBUG] [com.tterrag.registrate.AbstractRegistrate/REGISTRATE.REGISTER]: Registered create:warped_window_pane to registry ResourceKey[minecraft:root / minecraft:item]
[23Nov2025 22:02:07.653] [main/DEBUG] [com.tterrag.registrate.AbstractRegistrate/REGISTRATE.REGISTER]: Registered create:cherry_window_pane to registry ResourceKey[minecraft:root / minecraft:item]
[23Nov2025 22:02:07.653] [main/DEBUG] [com.tterrag.registrate.AbstractRegistrate/REGISTRATE.REGISTER]: Registered create:bamboo_window_pane to registry ResourceKey[minecraft:root / minecraft:item]
[23Nov2025 22:02:07.653] [main/DEBUG] [com.tterrag.registrate.AbstractRegistrate/REGISTRATE.REGISTER]: Registered create:ornate_iron_window_pane to registry ResourceKey[minecraft:root / minecraft:item]
[23Nov2025 22:02:07.654] [main/DEBUG] [com.tterrag.registrate.AbstractRegistrate/REGISTRATE.REGISTER]: Registered create:industrial_iron_window_pane to registry ResourceKey[minecraft:root / minecraft:item]
[23Nov2025 22:02:07.654] [main/DEBUG] [com.tterrag.registrate.AbstractRegistrate/REGISTRATE.REGISTER]: Registered create:weathered_iron_window_pane to registry ResourceKey[minecraft:root / minecraft:item]
[23Nov2025 22:02:07.654] [main/DEBUG] [com.tterrag.registrate.AbstractRegistrate/REGISTRATE.REGISTER]: Registered create:cut_granite to registry ResourceKey[minecraft:root / minecraft:item]
[23Nov2025 22:02:07.654] [main/DEBUG] [com.tterrag.registrate.AbstractRegistrate/REGISTRATE.REGISTER]: Registered create:cut_granite_stairs to registry ResourceKey[minecraft:root / minecraft:item]
[23Nov2025 22:02:07.654] [main/DEBUG] [com.tterrag.registrate.AbstractRegistrate/REGISTRATE.REGISTER]: Registered create:cut_granite_slab to registry ResourceKey[minecraft:root / minecraft:item]
[23Nov2025 22:02:07.654] [main/DEBUG] [com.tterrag.registrate.AbstractRegistrate/REGISTRATE.REGISTER]: Registered create:cut_granite_wall to registry ResourceKey[minecraft:root / minecraft:item]
[23Nov2025 22:02:07.654] [main/DEBUG] [com.tterrag.registrate.AbstractRegistrate/REGISTRATE.REGISTER]: Registered create:polished_cut_granite to registry ResourceKey[minecraft:root / minecraft:item]
[23Nov2025 22:02:07.654] [main/DEBUG] [com.tterrag.registrate.AbstractRegistrate/REGISTRATE.REGISTER]: Registered create:polished_cut_granite_stairs to registry ResourceKey[minecraft:root / minecraft:item]
[23Nov2025 22:02:07.654] [main/DEBUG] [com.tterrag.registrate.AbstractRegistrate/REGISTRATE.REGISTER]: Registered create:polished_cut_granite_slab to registry ResourceKey[minecraft:root / minecraft:item]
[23Nov2025 22:02:07.654] [main/DEBUG] [com.tterrag.registrate.AbstractRegistrate/REGISTRATE.REGISTER]: Registered create:polished_cut_granite_wall to registry ResourceKey[minecraft:root / minecraft:item]
[23Nov2025 22:02:07.654] [main/DEBUG] [com.tterrag.registrate.AbstractRegistrate/REGISTRATE.REGISTER]: Registered create:cut_granite_bricks to registry ResourceKey[minecraft:root / minecraft:item]
[23Nov2025 22:02:07.654] [main/DEBUG] [com.tterrag.registrate.AbstractRegistrate/REGISTRATE.REGISTER]: Registered create:cut_granite_brick_stairs to registry ResourceKey[minecraft:root / minecraft:item]
[23Nov2025 22:02:07.654] [main/DEBUG] [com.tterrag.registrate.AbstractRegistrate/REGISTRATE.REGISTER]: Registered create:cut_granite_brick_slab to registry ResourceKey[minecraft:root / minecraft:item]
[23Nov2025 22:02:07.655] [main/DEBUG] [com.tterrag.registrate.AbstractRegistrate/REGISTRATE.REGISTER]: Registered create:cut_granite_brick_wall to registry ResourceKey[minecraft:root / minecraft:item]
[23Nov2025 22:02:07.655] [main/DEBUG] [com.tterrag.registrate.AbstractRegistrate/REGISTRATE.REGISTER]: Registered create:small_granite_bricks to registry ResourceKey[minecraft:root / minecraft:item]
[23Nov2025 22:02:07.655] [main/DEBUG] [com.tterrag.registrate.AbstractRegistrate/REGISTRATE.REGISTER]: Registered create:small_granite_brick_stairs to registry ResourceKey[minecraft:root / minecraft:item]
[23Nov2025 22:02:07.655] [main/DEBUG] [com.tterrag.registrate.AbstractRegistrate/REGISTRATE.REGISTER]: Registered create:small_granite_brick_slab to registry ResourceKey[minecraft:root / minecraft:item]
[23Nov2025 22:02:07.655] [main/DEBUG] [com.tterrag.registrate.AbstractRegistrate/REGISTRATE.REGISTER]: Registered create:small_granite_brick_wall to registry ResourceKey[minecraft:root / minecraft:item]
[23Nov2025 22:02:07.655] [main/DEBUG] [com.tterrag.registrate.AbstractRegistrate/REGISTRATE.REGISTER]: Registered create:layered_granite to registry ResourceKey[minecraft:root / minecraft:item]
[23Nov2025 22:02:07.655] [main/DEBUG] [com.tterrag.registrate.AbstractRegistrate/REGISTRATE.REGISTER]: Registered create:granite_pillar to registry ResourceKey[minecraft:root / minecraft:item]
[23Nov2025 22:02:07.655] [main/DEBUG] [com.tterrag.registrate.AbstractRegistrate/REGISTRATE.REGISTER]: Registered create:cut_diorite to registry ResourceKey[minecraft:root / minecraft:item]
[23Nov2025 22:02:07.655] [main/DEBUG] [com.tterrag.registrate.AbstractRegistrate/REGISTRATE.REGISTER]: Registered create:cut_diorite_stairs to registry ResourceKey[minecraft:root / minecraft:item]
[23Nov2025 22:02:07.655] [main/DEBUG] [com.tterrag.registrate.AbstractRegistrate/REGISTRATE.REGISTER]: Registered create:cut_diorite_slab to registry ResourceKey[minecraft:root / minecraft:item]
[23Nov2025 22:02:07.655] [main/DEBUG] [com.tterrag.registrate.AbstractRegistrate/REGISTRATE.REGISTER]: Registered create:cut_diorite_wall to registry ResourceKey[minecraft:root / minecraft:item]
[23Nov2025 22:02:07.655] [main/DEBUG] [com.tterrag.registrate.AbstractRegistrate/REGISTRATE.REGISTER]: Registered create:polished_cut_diorite to registry ResourceKey[minecraft:root / minecraft:item]
[23Nov2025 22:02:07.655] [main/DEBUG] [com.tterrag.registrate.AbstractRegistrate/REGISTRATE.REGISTER]: Registered create:polished_cut_diorite_stairs to registry ResourceKey[minecraft:root / minecraft:item]
[23Nov2025 22:02:07.655] [main/DEBUG] [com.tterrag.registrate.AbstractRegistrate/REGISTRATE.REGISTER]: Registered create:polished_cut_diorite_slab to registry ResourceKey[minecraft:root / minecraft:item]
[23Nov2025 22:02:07.656] [main/DEBUG] [com.tterrag.registrate.AbstractRegistrate/REGISTRATE.REGISTER]: Registered create:polished_cut_diorite_wall to registry ResourceKey[minecraft:root / minecraft:item]
[23Nov2025 22:02:07.656] [main/DEBUG] [com.tterrag.registrate.AbstractRegistrate/REGISTRATE.REGISTER]: Registered create:cut_diorite_bricks to registry ResourceKey[minecraft:root / minecraft:item]
[23Nov2025 22:02:07.656] [main/DEBUG] [com.tterrag.registrate.AbstractRegistrate/REGISTRATE.REGISTER]: Registered create:cut_diorite_brick_stairs to registry ResourceKey[minecraft:root / minecraft:item]
[23Nov2025 22:02:07.656] [main/DEBUG] [com.tterrag.registrate.AbstractRegistrate/REGISTRATE.REGISTER]: Registered create:cut_diorite_brick_slab to registry ResourceKey[minecraft:root / minecraft:item]
[23Nov2025 22:02:07.656] [main/DEBUG] [com.tterrag.registrate.AbstractRegistrate/REGISTRATE.REGISTER]: Registered create:cut_diorite_brick_wall to registry ResourceKey[minecraft:root / minecraft:item]
[23Nov2025 22:02:07.656] [main/DEBUG] [com.tterrag.registrate.AbstractRegistrate/REGISTRATE.REGISTER]: Registered create:small_diorite_bricks to registry ResourceKey[minecraft:root / minecraft:item]
[23Nov2025 22:02:07.656] [main/DEBUG] [com.tterrag.registrate.AbstractRegistrate/REGISTRATE.REGISTER]: Registered create:small_diorite_brick_stairs to registry ResourceKey[minecraft:root / minecraft:item]
[23Nov2025 22:02:07.656] [main/DEBUG] [com.tterrag.registrate.AbstractRegistrate/REGISTRATE.REGISTER]: Registered create:small_diorite_brick_slab to registry ResourceKey[minecraft:root / minecraft:item]
[23Nov2025 22:02:07.656] [main/DEBUG] [com.tterrag.registrate.AbstractRegistrate/REGISTRATE.REGISTER]: Registered create:small_diorite_brick_wall to registry ResourceKey[minecraft:root / minecraft:item]
[23Nov2025 22:02:07.656] [main/DEBUG] [com.tterrag.registrate.AbstractRegistrate/REGISTRATE.REGISTER]: Registered create:layered_diorite to registry ResourceKey[minecraft:root / minecraft:item]
[23Nov2025 22:02:07.656] [main/DEBUG] [com.tterrag.registrate.AbstractRegistrate/REGISTRATE.REGISTER]: Registered create:diorite_pillar to registry ResourceKey[minecraft:root / minecraft:item]
[23Nov2025 22:02:07.656] [main/DEBUG] [com.tterrag.registrate.AbstractRegistrate/REGISTRATE.REGISTER]: Registered create:cut_andesite to registry ResourceKey[minecraft:root / minecraft:item]
[23Nov2025 22:02:07.656] [main/DEBUG] [com.tterrag.registrate.AbstractRegistrate/REGISTRATE.REGISTER]: Registered create:cut_andesite_stairs to registry ResourceKey[minecraft:root / minecraft:item]
[23Nov2025 22:02:07.657] [main/DEBUG] [com.tterrag.registrate.AbstractRegistrate/REGISTRATE.REGISTER]: Registered create:cut_andesite_slab to registry ResourceKey[minecraft:root / minecraft:item]
[23Nov2025 22:02:07.657] [main/DEBUG] [com.tterrag.registrate.AbstractRegistrate/REGISTRATE.REGISTER]: Registered create:cut_andesite_wall to registry ResourceKey[minecraft:root / minecraft:item]
[23Nov2025 22:02:07.657] [main/DEBUG] [com.tterrag.registrate.AbstractRegistrate/REGISTRATE.REGISTER]: Registered create:polished_cut_andesite to registry ResourceKey[minecraft:root / minecraft:item]
[23Nov2025 22:02:07.657] [main/DEBUG] [com.tterrag.registrate.AbstractRegistrate/REGISTRATE.REGISTER]: Registered create:polished_cut_andesite_stairs to registry ResourceKey[minecraft:root / minecraft:item]
[23Nov2025 22:02:07.657] [main/DEBUG] [com.tterrag.registrate.AbstractRegistrate/REGISTRATE.REGISTER]: Registered create:polished_cut_andesite_slab to registry ResourceKey[minecraft:root / minecraft:item]
[23Nov2025 22:02:07.657] [main/DEBUG] [com.tterrag.registrate.AbstractRegistrate/REGISTRATE.REGISTER]: Registered create:polished_cut_andesite_wall to registry ResourceKey[minecraft:root / minecraft:item]
[23Nov2025 22:02:07.657] [main/DEBUG] [com.tterrag.registrate.AbstractRegistrate/REGISTRATE.REGISTER]: Registered create:cut_andesite_bricks to registry ResourceKey[minecraft:root / minecraft:item]
[23Nov2025 22:02:07.657] [main/DEBUG] [com.tterrag.registrate.AbstractRegistrate/REGISTRATE.REGISTER]: Registered create:cut_andesite_brick_stairs to registry ResourceKey[minecraft:root / minecraft:item]
[23Nov2025 22:02:07.657] [main/DEBUG] [com.tterrag.registrate.AbstractRegistrate/REGISTRATE.REGISTER]: Registered create:cut_andesite_brick_slab to registry ResourceKey[minecraft:root / minecraft:item]
[23Nov2025 22:02:07.657] [main/DEBUG] [com.tterrag.registrate.AbstractRegistrate/REGISTRATE.REGISTER]: Registered create:cut_andesite_brick_wall to registry ResourceKey[minecraft:root / minecraft:item]
[23Nov2025 22:02:07.657] [main/DEBUG] [com.tterrag.registrate.AbstractRegistrate/REGISTRATE.REGISTER]: Registered create:small_andesite_bricks to registry ResourceKey[minecraft:root / minecraft:item]
[23Nov2025 22:02:07.657] [main/DEBUG] [com.tterrag.registrate.AbstractRegistrate/REGISTRATE.REGISTER]: Registered create:small_andesite_brick_stairs to registry ResourceKey[minecraft:root / minecraft:item]
[23Nov2025 22:02:07.657] [main/DEBUG] [com.tterrag.registrate.AbstractRegistrate/REGISTRATE.REGISTER]: Registered create:small_andesite_brick_slab to registry ResourceKey[minecraft:root / minecraft:item]
[23Nov2025 22:02:07.657] [main/DEBUG] [com.tterrag.registrate.AbstractRegistrate/REGISTRATE.REGISTER]: Registered create:small_andesite_brick_wall to registry ResourceKey[minecraft:root / minecraft:item]
[23Nov2025 22:02:07.658] [main/DEBUG] [com.tterrag.registrate.AbstractRegistrate/REGISTRATE.REGISTER]: Registered create:layered_andesite to registry ResourceKey[minecraft:root / minecraft:item]
[23Nov2025 22:02:07.658] [main/DEBUG] [com.tterrag.registrate.AbstractRegistrate/REGISTRATE.REGISTER]: Registered create:andesite_pillar to registry ResourceKey[minecraft:root / minecraft:item]
[23Nov2025 22:02:07.658] [main/DEBUG] [com.tterrag.registrate.AbstractRegistrate/REGISTRATE.REGISTER]: Registered create:cut_calcite to registry ResourceKey[minecraft:root / minecraft:item]
[23Nov2025 22:02:07.658] [main/DEBUG] [com.tterrag.registrate.AbstractRegistrate/REGISTRATE.REGISTER]: Registered create:cut_calcite_stairs to registry ResourceKey[minecraft:root / minecraft:item]
[23Nov2025 22:02:07.658] [main/DEBUG] [com.tterrag.registrate.AbstractRegistrate/REGISTRATE.REGISTER]: Registered create:cut_calcite_slab to registry ResourceKey[minecraft:root / minecraft:item]
[23Nov2025 22:02:07.658] [main/DEBUG] [com.tterrag.registrate.AbstractRegistrate/REGISTRATE.REGISTER]: Registered create:cut_calcite_wall to registry ResourceKey[minecraft:root / minecraft:item]
[23Nov2025 22:02:07.658] [main/DEBUG] [com.tterrag.registrate.AbstractRegistrate/REGISTRATE.REGISTER]: Registered create:polished_cut_calcite to registry ResourceKey[minecraft:root / minecraft:item]
[23Nov2025 22:02:07.658] [main/DEBUG] [com.tterrag.registrate.AbstractRegistrate/REGISTRATE.REGISTER]: Registered create:polished_cut_calcite_stairs to registry ResourceKey[minecraft:root / minecraft:item]
[23Nov2025 22:02:07.658] [main/DEBUG] [com.tterrag.registrate.AbstractRegistrate/REGISTRATE.REGISTER]: Registered create:polished_cut_calcite_slab to registry ResourceKey[minecraft:root / minecraft:item]
[23Nov2025 22:02:07.658] [main/DEBUG] [com.tterrag.registrate.AbstractRegistrate/REGISTRATE.REGISTER]: Registered create:polished_cut_calcite_wall to registry ResourceKey[minecraft:root / minecraft:item]
[23Nov2025 22:02:07.658] [main/DEBUG] [com.tterrag.registrate.AbstractRegistrate/REGISTRATE.REGISTER]: Registered create:cut_calcite_bricks to registry ResourceKey[minecraft:root / minecraft:item]
[23Nov2025 22:02:07.658] [main/DEBUG] [com.tterrag.registrate.AbstractRegistrate/REGISTRATE.REGISTER]: Registered create:cut_calcite_brick_stairs to registry ResourceKey[minecraft:root / minecraft:item]
[23Nov2025 22:02:07.658] [main/DEBUG] [com.tterrag.registrate.AbstractRegistrate/REGISTRATE.REGISTER]: Registered create:cut_calcite_brick_slab to registry ResourceKey[minecraft:root / minecraft:item]
[23Nov2025 22:02:07.659] [main/DEBUG] [com.tterrag.registrate.AbstractRegistrate/REGISTRATE.REGISTER]: Registered create:cut_calcite_brick_wall to registry ResourceKey[minecraft:root / minecraft:item]
[23Nov2025 22:02:07.659] [main/DEBUG] [com.tterrag.registrate.AbstractRegistrate/REGISTRATE.REGISTER]: Registered create:small_calcite_bricks to registry ResourceKey[minecraft:root / minecraft:item]
[23Nov2025 22:02:07.659] [main/DEBUG] [com.tterrag.registrate.AbstractRegistrate/REGISTRATE.REGISTER]: Registered create:small_calcite_brick_stairs to registry ResourceKey[minecraft:root / minecraft:item]
[23Nov2025 22:02:07.659] [main/DEBUG] [com.tterrag.registrate.AbstractRegistrate/REGISTRATE.REGISTER]: Registered create:small_calcite_brick_slab to registry ResourceKey[minecraft:root / minecraft:item]
[23Nov2025 22:02:07.659] [main/DEBUG] [com.tterrag.registrate.AbstractRegistrate/REGISTRATE.REGISTER]: Registered create:small_calcite_brick_wall to registry ResourceKey[minecraft:root / minecraft:item]
[23Nov2025 22:02:07.659] [main/DEBUG] [com.tterrag.registrate.AbstractRegistrate/REGISTRATE.REGISTER]: Registered create:layered_calcite to registry ResourceKey[minecraft:root / minecraft:item]
[23Nov2025 22:02:07.659] [main/DEBUG] [com.tterrag.registrate.AbstractRegistrate/REGISTRATE.REGISTER]: Registered create:calcite_pillar to registry ResourceKey[minecraft:root / minecraft:item]
[23Nov2025 22:02:07.659] [main/DEBUG] [com.tterrag.registrate.AbstractRegistrate/REGISTRATE.REGISTER]: Registered create:cut_dripstone to registry ResourceKey[minecraft:root / minecraft:item]
[23Nov2025 22:02:07.659] [main/DEBUG] [com.tterrag.registrate.AbstractRegistrate/REGISTRATE.REGISTER]: Registered create:cut_dripstone_stairs to registry ResourceKey[minecraft:root / minecraft:item]
[23Nov2025 22:02:07.659] [main/DEBUG] [com.tterrag.registrate.AbstractRegistrate/REGISTRATE.REGISTER]: Registered create:cut_dripstone_slab to registry ResourceKey[minecraft:root / minecraft:item]
[23Nov2025 22:02:07.659] [main/DEBUG] [com.tterrag.registrate.AbstractRegistrate/REGISTRATE.REGISTER]: Registered create:cut_dripstone_wall to registry ResourceKey[minecraft:root / minecraft:item]
[23Nov2025 22:02:07.659] [main/DEBUG] [com.tterrag.registrate.AbstractRegistrate/REGISTRATE.REGISTER]: Registered create:polished_cut_dripstone to registry ResourceKey[minecraft:root / minecraft:item]
[23Nov2025 22:02:07.660] [main/DEBUG] [com.tterrag.registrate.AbstractRegistrate/REGISTRATE.REGISTER]: Registered create:polished_cut_dripstone_stairs to registry ResourceKey[minecraft:root / minecraft:item]
[23Nov2025 22:02:07.660] [main/DEBUG] [com.tterrag.registrate.AbstractRegistrate/REGISTRATE.REGISTER]: Registered create:polished_cut_dripstone_slab to registry ResourceKey[minecraft:root / minecraft:item]
[23Nov2025 22:02:07.660] [main/DEBUG] [com.tterrag.registrate.AbstractRegistrate/REGISTRATE.REGISTER]: Registered create:polished_cut_dripstone_wall to registry ResourceKey[minecraft:root / minecraft:item]
[23Nov2025 22:02:07.660] [main/DEBUG] [com.tterrag.registrate.AbstractRegistrate/REGISTRATE.REGISTER]: Registered create:cut_dripstone_bricks to registry ResourceKey[minecraft:root / minecraft:item]
[23Nov2025 22:02:07.660] [main/DEBUG] [com.tterrag.registrate.AbstractRegistrate/REGISTRATE.REGISTER]: Registered create:cut_dripstone_brick_stairs to registry ResourceKey[minecraft:root / minecraft:item]
[23Nov2025 22:02:07.660] [main/DEBUG] [com.tterrag.registrate.AbstractRegistrate/REGISTRATE.REGISTER]: Registered create:cut_dripstone_brick_slab to registry ResourceKey[minecraft:root / minecraft:item]
[23Nov2025 22:02:07.660] [main/DEBUG] [com.tterrag.registrate.AbstractRegistrate/REGISTRATE.REGISTER]: Registered create:cut_dripstone_brick_wall to registry ResourceKey[minecraft:root / minecraft:item]
[23Nov2025 22:02:07.660] [main/DEBUG] [com.tterrag.registrate.AbstractRegistrate/REGISTRATE.REGISTER]: Registered create:small_dripstone_bricks to registry ResourceKey[minecraft:root / minecraft:item]
[23Nov2025 22:02:07.660] [main/DEBUG] [com.tterrag.registrate.AbstractRegistrate/REGISTRATE.REGISTER]: Registered create:small_dripstone_brick_stairs to registry ResourceKey[minecraft:root / minecraft:item]
[23Nov2025 22:02:07.660] [main/DEBUG] [com.tterrag.registrate.AbstractRegistrate/REGISTRATE.REGISTER]: Registered create:small_dripstone_brick_slab to registry ResourceKey[minecraft:root / minecraft:item]
[23Nov2025 22:02:07.660] [main/DEBUG] [com.tterrag.registrate.AbstractRegistrate/REGISTRATE.REGISTER]: Registered create:small_dripstone_brick_wall to registry ResourceKey[minecraft:root / minecraft:item]
[23Nov2025 22:02:07.660] [main/DEBUG] [com.tterrag.registrate.AbstractRegistrate/REGISTRATE.REGISTER]: Registered create:layered_dripstone to registry ResourceKey[minecraft:root / minecraft:item]
[23Nov2025 22:02:07.660] [main/DEBUG] [com.tterrag.registrate.AbstractRegistrate/REGISTRATE.REGISTER]: Registered create:dripstone_pillar to registry ResourceKey[minecraft:root / minecraft:item]
[23Nov2025 22:02:07.660] [main/DEBUG] [com.tterrag.registrate.AbstractRegistrate/REGISTRATE.REGISTER]: Registered create:cut_deepslate to registry ResourceKey[minecraft:root / minecraft:item]
[23Nov2025 22:02:07.660] [main/DEBUG] [com.tterrag.registrate.AbstractRegistrate/REGISTRATE.REGISTER]: Registered create:cut_deepslate_stairs to registry ResourceKey[minecraft:root / minecraft:item]
[23Nov2025 22:02:07.661] [main/DEBUG] [com.tterrag.registrate.AbstractRegistrate/REGISTRATE.REGISTER]: Registered create:cut_deepslate_slab to registry ResourceKey[minecraft:root / minecraft:item]
[23Nov2025 22:02:07.661] [main/DEBUG] [com.tterrag.registrate.AbstractRegistrate/REGISTRATE.REGISTER]: Registered create:cut_deepslate_wall to registry ResourceKey[minecraft:root / minecraft:item]
[23Nov2025 22:02:07.661] [main/DEBUG] [com.tterrag.registrate.AbstractRegistrate/REGISTRATE.REGISTER]: Registered create:polished_cut_deepslate to registry ResourceKey[minecraft:root / minecraft:item]
[23Nov2025 22:02:07.661] [main/DEBUG] [com.tterrag.registrate.AbstractRegistrate/REGISTRATE.REGISTER]: Registered create:polished_cut_deepslate_stairs to registry ResourceKey[minecraft:root / minecraft:item]
[23Nov2025 22:02:07.661] [main/DEBUG] [com.tterrag.registrate.AbstractRegistrate/REGISTRATE.REGISTER]: Registered create:polished_cut_deepslate_slab to registry ResourceKey[minecraft:root / minecraft:item]
[23Nov2025 22:02:07.661] [main/DEBUG] [com.tterrag.registrate.AbstractRegistrate/REGISTRATE.REGISTER]: Registered create:polished_cut_deepslate_wall to registry ResourceKey[minecraft:root / minecraft:item]
[23Nov2025 22:02:07.661] [main/DEBUG] [com.tterrag.registrate.AbstractRegistrate/REGISTRATE.REGISTER]: Registered create:cut_deepslate_bricks to registry ResourceKey[minecraft:root / minecraft:item]
[23Nov2025 22:02:07.661] [main/DEBUG] [com.tterrag.registrate.AbstractRegistrate/REGISTRATE.REGISTER]: Registered create:cut_deepslate_brick_stairs to registry ResourceKey[minecraft:root / minecraft:item]
[23Nov2025 22:02:07.661] [main/DEBUG] [com.tterrag.registrate.AbstractRegistrate/REGISTRATE.REGISTER]: Registered create:cut_deepslate_brick_slab to registry ResourceKey[minecraft:root / minecraft:item]
[23Nov2025 22:02:07.661] [main/DEBUG] [com.tterrag.registrate.AbstractRegistrate/REGISTRATE.REGISTER]: Registered create:cut_deepslate_brick_wall to registry ResourceKey[minecraft:root / minecraft:item]
[23Nov2025 22:02:07.661] [main/DEBUG] [com.tterrag.registrate.AbstractRegistrate/REGISTRATE.REGISTER]: Registered create:small_deepslate_bricks to registry ResourceKey[minecraft:root / minecraft:item]
[23Nov2025 22:02:07.661] [main/DEBUG] [com.tterrag.registrate.AbstractRegistrate/REGISTRATE.REGISTER]: Registered create:small_deepslate_brick_stairs to registry ResourceKey[minecraft:root / minecraft:item]
[23Nov2025 22:02:07.661] [main/DEBUG] [com.tterrag.registrate.AbstractRegistrate/REGISTRATE.REGISTER]: Registered create:small_deepslate_brick_slab to registry ResourceKey[minecraft:root / minecraft:item]
[23Nov2025 22:02:07.661] [main/DEBUG] [com.tterrag.registrate.AbstractRegistrate/REGISTRATE.REGISTER]: Registered create:small_deepslate_brick_wall to registry ResourceKey[minecraft:root / minecraft:item]
[23Nov2025 22:02:07.661] [main/DEBUG] [com.tterrag.registrate.AbstractRegistrate/REGISTRATE.REGISTER]: Registered create:layered_deepslate to registry ResourceKey[minecraft:root / minecraft:item]
[23Nov2025 22:02:07.661] [main/DEBUG] [com.tterrag.registrate.AbstractRegistrate/REGISTRATE.REGISTER]: Registered create:deepslate_pillar to registry ResourceKey[minecraft:root / minecraft:item]
[23Nov2025 22:02:07.662] [main/DEBUG] [com.tterrag.registrate.AbstractRegistrate/REGISTRATE.REGISTER]: Registered create:cut_tuff to registry ResourceKey[minecraft:root / minecraft:item]
[23Nov2025 22:02:07.662] [main/DEBUG] [com.tterrag.registrate.AbstractRegistrate/REGISTRATE.REGISTER]: Registered create:cut_tuff_stairs to registry ResourceKey[minecraft:root / minecraft:item]
[23Nov2025 22:02:07.662] [main/DEBUG] [com.tterrag.registrate.AbstractRegistrate/REGISTRATE.REGISTER]: Registered create:cut_tuff_slab to registry ResourceKey[minecraft:root / minecraft:item]
[23Nov2025 22:02:07.662] [main/DEBUG] [com.tterrag.registrate.AbstractRegistrate/REGISTRATE.REGISTER]: Registered create:cut_tuff_wall to registry ResourceKey[minecraft:root / minecraft:item]
[23Nov2025 22:02:07.662] [main/DEBUG] [com.tterrag.registrate.AbstractRegistrate/REGISTRATE.REGISTER]: Registered create:polished_cut_tuff to registry ResourceKey[minecraft:root / minecraft:item]
[23Nov2025 22:02:07.662] [main/DEBUG] [com.tterrag.registrate.AbstractRegistrate/REGISTRATE.REGISTER]: Registered create:polished_cut_tuff_stairs to registry ResourceKey[minecraft:root / minecraft:item]
[23Nov2025 22:02:07.662] [main/DEBUG] [com.tterrag.registrate.AbstractRegistrate/REGISTRATE.REGISTER]: Registered create:polished_cut_tuff_slab to registry ResourceKey[minecraft:root / minecraft:item]
[23Nov2025 22:02:07.662] [main/DEBUG] [com.tterrag.registrate.AbstractRegistrate/REGISTRATE.REGISTER]: Registered create:polished_cut_tuff_wall to registry ResourceKey[minecraft:root / minecraft:item]
[23Nov2025 22:02:07.662] [main/DEBUG] [com.tterrag.registrate.AbstractRegistrate/REGISTRATE.REGISTER]: Registered create:cut_tuff_bricks to registry ResourceKey[minecraft:root / minecraft:item]
[23Nov2025 22:02:07.662] [main/DEBUG] [com.tterrag.registrate.AbstractRegistrate/REGISTRATE.REGISTER]: Registered create:cut_tuff_brick_stairs to registry ResourceKey[minecraft:root / minecraft:item]
[23Nov2025 22:02:07.662] [main/DEBUG] [com.tterrag.registrate.AbstractRegistrate/REGISTRATE.REGISTER]: Registered create:cut_tuff_brick_slab to registry ResourceKey[minecraft:root / minecraft:item]
[23Nov2025 22:02:07.662] [main/DEBUG] [com.tterrag.registrate.AbstractRegistrate/REGISTRATE.REGISTER]: Registered create:cut_tuff_brick_wall to registry ResourceKey[minecraft:root / minecraft:item]
[23Nov2025 22:02:07.662] [main/DEBUG] [com.tterrag.registrate.AbstractRegistrate/REGISTRATE.REGISTER]: Registered create:small_tuff_bricks to registry ResourceKey[minecraft:root / minecraft:item]
[23Nov2025 22:02:07.662] [main/DEBUG] [com.tterrag.registrate.AbstractRegistrate/REGISTRATE.REGISTER]: Registered create:small_tuff_brick_stairs to registry ResourceKey[minecraft:root / minecraft:item]
[23Nov2025 22:02:07.662] [main/DEBUG] [com.tterrag.registrate.AbstractRegistrate/REGISTRATE.REGISTER]: Registered create:small_tuff_brick_slab to registry ResourceKey[minecraft:root / minecraft:item]
[23Nov2025 22:02:07.662] [main/DEBUG] [com.tterrag.registrate.AbstractRegistrate/REGISTRATE.REGISTER]: Registered create:small_tuff_brick_wall to registry ResourceKey[minecraft:root / minecraft:item]
[23Nov2025 22:02:07.663] [main/DEBUG] [com.tterrag.registrate.AbstractRegistrate/REGISTRATE.REGISTER]: Registered create:layered_tuff to registry ResourceKey[minecraft:root / minecraft:item]
[23Nov2025 22:02:07.663] [main/DEBUG] [com.tterrag.registrate.AbstractRegistrate/REGISTRATE.REGISTER]: Registered create:tuff_pillar to registry ResourceKey[minecraft:root / minecraft:item]
[23Nov2025 22:02:07.663] [main/DEBUG] [com.tterrag.registrate.AbstractRegistrate/REGISTRATE.REGISTER]: Registered create:asurine to registry ResourceKey[minecraft:root / minecraft:item]
[23Nov2025 22:02:07.663] [main/DEBUG] [com.tterrag.registrate.AbstractRegistrate/REGISTRATE.REGISTER]: Registered create:cut_asurine to registry ResourceKey[minecraft:root / minecraft:item]
[23Nov2025 22:02:07.663] [main/DEBUG] [com.tterrag.registrate.AbstractRegistrate/REGISTRATE.REGISTER]: Registered create:cut_asurine_stairs to registry ResourceKey[minecraft:root / minecraft:item]
[23Nov2025 22:02:07.663] [main/DEBUG] [com.tterrag.registrate.AbstractRegistrate/REGISTRATE.REGISTER]: Registered create:cut_asurine_slab to registry ResourceKey[minecraft:root / minecraft:item]
[23Nov2025 22:02:07.663] [main/DEBUG] [com.tterrag.registrate.AbstractRegistrate/REGISTRATE.REGISTER]: Registered create:cut_asurine_wall to registry ResourceKey[minecraft:root / minecraft:item]
[23Nov2025 22:02:07.663] [main/DEBUG] [com.tterrag.registrate.AbstractRegistrate/REGISTRATE.REGISTER]: Registered create:polished_cut_asurine to registry ResourceKey[minecraft:root / minecraft:item]
[23Nov2025 22:02:07.663] [main/DEBUG] [com.tterrag.registrate.AbstractRegistrate/REGISTRATE.REGISTER]: Registered create:polished_cut_asurine_stairs to registry ResourceKey[minecraft:root / minecraft:item]
[23Nov2025 22:02:07.663] [main/DEBUG] [com.tterrag.registrate.AbstractRegistrate/REGISTRATE.REGISTER]: Registered create:polished_cut_asurine_slab to registry ResourceKey[minecraft:root / minecraft:item]
[23Nov2025 22:02:07.663] [main/DEBUG] [com.tterrag.registrate.AbstractRegistrate/REGISTRATE.REGISTER]: Registered create:polished_cut_asurine_wall to registry ResourceKey[minecraft:root / minecraft:item]
[23Nov2025 22:02:07.663] [main/DEBUG] [com.tterrag.registrate.AbstractRegistrate/REGISTRATE.REGISTER]: Registered create:cut_asurine_bricks to registry ResourceKey[minecraft:root / minecraft:item]
[23Nov2025 22:02:07.663] [main/DEBUG] [com.tterrag.registrate.AbstractRegistrate/REGISTRATE.REGISTER]: Registered create:cut_asurine_brick_stairs to registry ResourceKey[minecraft:root / minecraft:item]
[23Nov2025 22:02:07.663] [main/DEBUG] [com.tterrag.registrate.AbstractRegistrate/REGISTRATE.REGISTER]: Registered create:cut_asurine_brick_slab to registry ResourceKey[minecraft:root / minecraft:item]
[23Nov2025 22:02:07.663] [main/DEBUG] [com.tterrag.registrate.AbstractRegistrate/REGISTRATE.REGISTER]: Registered create:cut_asurine_brick_wall to registry ResourceKey[minecraft:root / minecraft:item]
[23Nov2025 22:02:07.663] [main/DEBUG] [com.tterrag.registrate.AbstractRegistrate/REGISTRATE.REGISTER]: Registered create:small_asurine_bricks to registry ResourceKey[minecraft:root / minecraft:item]
[23Nov2025 22:02:07.663] [main/DEBUG] [com.tterrag.registrate.AbstractRegistrate/REGISTRATE.REGISTER]: Registered create:small_asurine_brick_stairs to registry ResourceKey[minecraft:root / minecraft:item]
[23Nov2025 22:02:07.664] [main/DEBUG] [com.tterrag.registrate.AbstractRegistrate/REGISTRATE.REGISTER]: Registered create:small_asurine_brick_slab to registry ResourceKey[minecraft:root / minecraft:item]
[23Nov2025 22:02:07.664] [main/DEBUG] [com.tterrag.registrate.AbstractRegistrate/REGISTRATE.REGISTER]: Registered create:small_asurine_brick_wall to registry ResourceKey[minecraft:root / minecraft:item]
[23Nov2025 22:02:07.664] [main/DEBUG] [com.tterrag.registrate.AbstractRegistrate/REGISTRATE.REGISTER]: Registered create:layered_asurine to registry ResourceKey[minecraft:root / minecraft:item]
[23Nov2025 22:02:07.664] [main/DEBUG] [com.tterrag.registrate.AbstractRegistrate/REGISTRATE.REGISTER]: Registered create:asurine_pillar to registry ResourceKey[minecraft:root / minecraft:item]
[23Nov2025 22:02:07.664] [main/DEBUG] [com.tterrag.registrate.AbstractRegistrate/REGISTRATE.REGISTER]: Registered create:crimsite to registry ResourceKey[minecraft:root / minecraft:item]
[23Nov2025 22:02:07.664] [main/DEBUG] [com.tterrag.registrate.AbstractRegistrate/REGISTRATE.REGISTER]: Registered create:cut_crimsite to registry ResourceKey[minecraft:root / minecraft:item]
[23Nov2025 22:02:07.664] [main/DEBUG] [com.tterrag.registrate.AbstractRegistrate/REGISTRATE.REGISTER]: Registered create:cut_crimsite_stairs to registry ResourceKey[minecraft:root / minecraft:item]
[23Nov2025 22:02:07.664] [main/DEBUG] [com.tterrag.registrate.AbstractRegistrate/REGISTRATE.REGISTER]: Registered create:cut_crimsite_slab to registry ResourceKey[minecraft:root / minecraft:item]
[23Nov2025 22:02:07.664] [main/DEBUG] [com.tterrag.registrate.AbstractRegistrate/REGISTRATE.REGISTER]: Registered create:cut_crimsite_wall to registry ResourceKey[minecraft:root / minecraft:item]
[23Nov2025 22:02:07.664] [main/DEBUG] [com.tterrag.registrate.AbstractRegistrate/REGISTRATE.REGISTER]: Registered create:polished_cut_crimsite to registry ResourceKey[minecraft:root / minecraft:item]
[23Nov2025 22:02:07.664] [main/DEBUG] [com.tterrag.registrate.AbstractRegistrate/REGISTRATE.REGISTER]: Registered create:polished_cut_crimsite_stairs to registry ResourceKey[minecraft:root / minecraft:item]
[23Nov2025 22:02:07.665] [main/DEBUG] [com.tterrag.registrate.AbstractRegistrate/REGISTRATE.REGISTER]: Registered create:polished_cut_crimsite_slab to registry ResourceKey[minecraft:root / minecraft:item]
[23Nov2025 22:02:07.665] [main/DEBUG] [com.tterrag.registrate.AbstractRegistrate/REGISTRATE.REGISTER]: Registered create:polished_cut_crimsite_wall to registry ResourceKey[minecraft:root / minecraft:item]
[23Nov2025 22:02:07.665] [main/DEBUG] [com.tterrag.registrate.AbstractRegistrate/REGISTRATE.REGISTER]: Registered create:cut_crimsite_bricks to registry ResourceKey[minecraft:root / minecraft:item]
[23Nov2025 22:02:07.665] [main/DEBUG] [com.tterrag.registrate.AbstractRegistrate/REGISTRATE.REGISTER]: Registered create:cut_crimsite_brick_stairs to registry ResourceKey[minecraft:root / minecraft:item]
[23Nov2025 22:02:07.665] [main/DEBUG] [com.tterrag.registrate.AbstractRegistrate/REGISTRATE.REGISTER]: Registered create:cut_crimsite_brick_slab to registry ResourceKey[minecraft:root / minecraft:item]
[23Nov2025 22:02:07.665] [main/DEBUG] [com.tterrag.registrate.AbstractRegistrate/REGISTRATE.REGISTER]: Registered create:cut_crimsite_brick_wall to registry ResourceKey[minecraft:root / minecraft:item]
[23Nov2025 22:02:07.665] [main/DEBUG] [com.tterrag.registrate.AbstractRegistrate/REGISTRATE.REGISTER]: Registered create:small_crimsite_bricks to registry ResourceKey[minecraft:root / minecraft:item]
[23Nov2025 22:02:07.665] [main/DEBUG] [com.tterrag.registrate.AbstractRegistrate/REGISTRATE.REGISTER]: Registered create:small_crimsite_brick_stairs to registry ResourceKey[minecraft:root / minecraft:item]
[23Nov2025 22:02:07.665] [main/DEBUG] [com.tterrag.registrate.AbstractRegistrate/REGISTRATE.REGISTER]: Registered create:small_crimsite_brick_slab to registry ResourceKey[minecraft:root / minecraft:item]
[23Nov2025 22:02:07.665] [main/DEBUG] [com.tterrag.registrate.AbstractRegistrate/REGISTRATE.REGISTER]: Registered create:small_crimsite_brick_wall to registry ResourceKey[minecraft:root / minecraft:item]
[23Nov2025 22:02:07.665] [main/DEBUG] [com.tterrag.registrate.AbstractRegistrate/REGISTRATE.REGISTER]: Registered create:layered_crimsite to registry ResourceKey[minecraft:root / minecraft:item]
[23Nov2025 22:02:07.665] [main/DEBUG] [com.tterrag.registrate.AbstractRegistrate/REGISTRATE.REGISTER]: Registered create:crimsite_pillar to registry ResourceKey[minecraft:root / minecraft:item]
[23Nov2025 22:02:07.665] [main/DEBUG] [com.tterrag.registrate.AbstractRegistrate/REGISTRATE.REGISTER]: Registered create:limestone to registry ResourceKey[minecraft:root / minecraft:item]
[23Nov2025 22:02:07.665] [main/DEBUG] [com.tterrag.registrate.AbstractRegistrate/REGISTRATE.REGISTER]: Registered create:cut_limestone to registry ResourceKey[minecraft:root / minecraft:item]
[23Nov2025 22:02:07.665] [main/DEBUG] [com.tterrag.registrate.AbstractRegistrate/REGISTRATE.REGISTER]: Registered create:cut_limestone_stairs to registry ResourceKey[minecraft:root / minecraft:item]
[23Nov2025 22:02:07.666] [main/DEBUG] [com.tterrag.registrate.AbstractRegistrate/REGISTRATE.REGISTER]: Registered create:cut_limestone_slab to registry ResourceKey[minecraft:root / minecraft:item]
[23Nov2025 22:02:07.666] [main/DEBUG] [com.tterrag.registrate.AbstractRegistrate/REGISTRATE.REGISTER]: Registered create:cut_limestone_wall to registry ResourceKey[minecraft:root / minecraft:item]
[23Nov2025 22:02:07.666] [main/DEBUG] [com.tterrag.registrate.AbstractRegistrate/REGISTRATE.REGISTER]: Registered create:polished_cut_limestone to registry ResourceKey[minecraft:root / minecraft:item]
[23Nov2025 22:02:07.666] [main/DEBUG] [com.tterrag.registrate.AbstractRegistrate/REGISTRATE.REGISTER]: Registered create:polished_cut_limestone_stairs to registry ResourceKey[minecraft:root / minecraft:item]
[23Nov2025 22:02:07.666] [main/DEBUG] [com.tterrag.registrate.AbstractRegistrate/REGISTRATE.REGISTER]: Registered create:polished_cut_limestone_slab to registry ResourceKey[minecraft:root / minecraft:item]
[23Nov2025 22:02:07.666] [main/DEBUG] [com.tterrag.registrate.AbstractRegistrate/REGISTRATE.REGISTER]: Registered create:polished_cut_limestone_wall to registry ResourceKey[minecraft:root / minecraft:item]
[23Nov2025 22:02:07.666] [main/DEBUG] [com.tterrag.registrate.AbstractRegistrate/REGISTRATE.REGISTER]: Registered create:cut_limestone_bricks to registry ResourceKey[minecraft:root / minecraft:item]
[23Nov2025 22:02:07.666] [main/DEBUG] [com.tterrag.registrate.AbstractRegistrate/REGISTRATE.REGISTER]: Registered create:cut_limestone_brick_stairs to registry ResourceKey[minecraft:root / minecraft:item]
[23Nov2025 22:02:07.666] [main/DEBUG] [com.tterrag.registrate.AbstractRegistrate/REGISTRATE.REGISTER]: Registered create:cut_limestone_brick_slab to registry ResourceKey[minecraft:root / minecraft:item]
[23Nov2025 22:02:07.666] [main/DEBUG] [com.tterrag.registrate.AbstractRegistrate/REGISTRATE.REGISTER]: Registered create:cut_limestone_brick_wall to registry ResourceKey[minecraft:root / minecraft:item]
[23Nov2025 22:02:07.666] [main/DEBUG] [com.tterrag.registrate.AbstractRegistrate/REGISTRATE.REGISTER]: Registered create:small_limestone_bricks to registry ResourceKey[minecraft:root / minecraft:item]
[23Nov2025 22:02:07.666] [main/DEBUG] [com.tterrag.registrate.AbstractRegistrate/REGISTRATE.REGISTER]: Registered create:small_limestone_brick_stairs to registry ResourceKey[minecraft:root / minecraft:item]
[23Nov2025 22:02:07.666] [main/DEBUG] [com.tterrag.registrate.AbstractRegistrate/REGISTRATE.REGISTER]: Registered create:small_limestone_brick_slab to registry ResourceKey[minecraft:root / minecraft:item]
[23Nov2025 22:02:07.666] [main/DEBUG] [com.tterrag.registrate.AbstractRegistrate/REGISTRATE.REGISTER]: Registered create:small_limestone_brick_wall to registry ResourceKey[minecraft:root / minecraft:item]
[23Nov2025 22:02:07.666] [main/DEBUG] [com.tterrag.registrate.AbstractRegistrate/REGISTRATE.REGISTER]: Registered create:layered_limestone to registry ResourceKey[minecraft:root / minecraft:item]
[23Nov2025 22:02:07.667] [main/DEBUG] [com.tterrag.registrate.AbstractRegistrate/REGISTRATE.REGISTER]: Registered create:limestone_pillar to registry ResourceKey[minecraft:root / minecraft:item]
[23Nov2025 22:02:07.667] [main/DEBUG] [com.tterrag.registrate.AbstractRegistrate/REGISTRATE.REGISTER]: Registered create:ochrum to registry ResourceKey[minecraft:root / minecraft:item]
[23Nov2025 22:02:07.667] [main/DEBUG] [com.tterrag.registrate.AbstractRegistrate/REGISTRATE.REGISTER]: Registered create:cut_ochrum to registry ResourceKey[minecraft:root / minecraft:item]
[23Nov2025 22:02:07.667] [main/DEBUG] [com.tterrag.registrate.AbstractRegistrate/REGISTRATE.REGISTER]: Registered create:cut_ochrum_stairs to registry ResourceKey[minecraft:root / minecraft:item]
[23Nov2025 22:02:07.667] [main/DEBUG] [com.tterrag.registrate.AbstractRegistrate/REGISTRATE.REGISTER]: Registered create:cut_ochrum_slab to registry ResourceKey[minecraft:root / minecraft:item]
[23Nov2025 22:02:07.667] [main/DEBUG] [com.tterrag.registrate.AbstractRegistrate/REGISTRATE.REGISTER]: Registered create:cut_ochrum_wall to registry ResourceKey[minecraft:root / minecraft:item]
[23Nov2025 22:02:07.667] [main/DEBUG] [com.tterrag.registrate.AbstractRegistrate/REGISTRATE.REGISTER]: Registered create:polished_cut_ochrum to registry ResourceKey[minecraft:root / minecraft:item]
[23Nov2025 22:02:07.667] [main/DEBUG] [com.tterrag.registrate.AbstractRegistrate/REGISTRATE.REGISTER]: Registered create:polished_cut_ochrum_stairs to registry ResourceKey[minecraft:root / minecraft:item]
[23Nov2025 22:02:07.667] [main/DEBUG] [com.tterrag.registrate.AbstractRegistrate/REGISTRATE.REGISTER]: Registered create:polished_cut_ochrum_slab to registry ResourceKey[minecraft:root / minecraft:item]
[23Nov2025 22:02:07.667] [main/DEBUG] [com.tterrag.registrate.AbstractRegistrate/REGISTRATE.REGISTER]: Registered create:polished_cut_ochrum_wall to registry ResourceKey[minecraft:root / minecraft:item]
[23Nov2025 22:02:07.667] [main/DEBUG] [com.tterrag.registrate.AbstractRegistrate/REGISTRATE.REGISTER]: Registered create:cut_ochrum_bricks to registry ResourceKey[minecraft:root / minecraft:item]
[23Nov2025 22:02:07.667] [main/DEBUG] [com.tterrag.registrate.AbstractRegistrate/REGISTRATE.REGISTER]: Registered create:cut_ochrum_brick_stairs to registry ResourceKey[minecraft:root / minecraft:item]
[23Nov2025 22:02:07.667] [main/DEBUG] [com.tterrag.registrate.AbstractRegistrate/REGISTRATE.REGISTER]: Registered create:cut_ochrum_brick_slab to registry ResourceKey[minecraft:root / minecraft:item]
[23Nov2025 22:02:07.668] [main/DEBUG] [com.tterrag.registrate.AbstractRegistrate/REGISTRATE.REGISTER]: Registered create:cut_ochrum_brick_wall to registry ResourceKey[minecraft:root / minecraft:item]
[23Nov2025 22:02:07.668] [main/DEBUG] [com.tterrag.registrate.AbstractRegistrate/REGISTRATE.REGISTER]: Registered create:small_ochrum_bricks to registry ResourceKey[minecraft:root / minecraft:item]
[23Nov2025 22:02:07.668] [main/DEBUG] [com.tterrag.registrate.AbstractRegistrate/REGISTRATE.REGISTER]: Registered create:small_ochrum_brick_stairs to registry ResourceKey[minecraft:root / minecraft:item]
[23Nov2025 22:02:07.668] [main/DEBUG] [com.tterrag.registrate.AbstractRegistrate/REGISTRATE.REGISTER]: Registered create:small_ochrum_brick_slab to registry ResourceKey[minecraft:root / minecraft:item]
[23Nov2025 22:02:07.668] [main/DEBUG] [com.tterrag.registrate.AbstractRegistrate/REGISTRATE.REGISTER]: Registered create:small_ochrum_brick_wall to registry ResourceKey[minecraft:root / minecraft:item]
[23Nov2025 22:02:07.668] [main/DEBUG] [com.tterrag.registrate.AbstractRegistrate/REGISTRATE.REGISTER]: Registered create:layered_ochrum to registry ResourceKey[minecraft:root / minecraft:item]
[23Nov2025 22:02:07.668] [main/DEBUG] [com.tterrag.registrate.AbstractRegistrate/REGISTRATE.REGISTER]: Registered create:ochrum_pillar to registry ResourceKey[minecraft:root / minecraft:item]
[23Nov2025 22:02:07.668] [main/DEBUG] [com.tterrag.registrate.AbstractRegistrate/REGISTRATE.REGISTER]: Registered create:scoria to registry ResourceKey[minecraft:root / minecraft:item]
[23Nov2025 22:02:07.668] [main/DEBUG] [com.tterrag.registrate.AbstractRegistrate/REGISTRATE.REGISTER]: Registered create:cut_scoria to registry ResourceKey[minecraft:root / minecraft:item]
[23Nov2025 22:02:07.668] [main/DEBUG] [com.tterrag.registrate.AbstractRegistrate/REGISTRATE.REGISTER]: Registered create:cut_scoria_stairs to registry ResourceKey[minecraft:root / minecraft:item]
[23Nov2025 22:02:07.668] [main/DEBUG] [com.tterrag.registrate.AbstractRegistrate/REGISTRATE.REGISTER]: Registered create:cut_scoria_slab to registry ResourceKey[minecraft:root / minecraft:item]
[23Nov2025 22:02:07.668] [main/DEBUG] [com.tterrag.registrate.AbstractRegistrate/REGISTRATE.REGISTER]: Registered create:cut_scoria_wall to registry ResourceKey[minecraft:root / minecraft:item]
[23Nov2025 22:02:07.668] [main/DEBUG] [com.tterrag.registrate.AbstractRegistrate/REGISTRATE.REGISTER]: Registered create:polished_cut_scoria to registry ResourceKey[minecraft:root / minecraft:item]
[23Nov2025 22:02:07.668] [main/DEBUG] [com.tterrag.registrate.AbstractRegistrate/REGISTRATE.REGISTER]: Registered create:polished_cut_scoria_stairs to registry ResourceKey[minecraft:root / minecraft:item]
[23Nov2025 22:02:07.668] [main/DEBUG] [com.tterrag.registrate.AbstractRegistrate/REGISTRATE.REGISTER]: Registered create:polished_cut_scoria_slab to registry ResourceKey[minecraft:root / minecraft:item]
[23Nov2025 22:02:07.668] [main/DEBUG] [com.tterrag.registrate.AbstractRegistrate/REGISTRATE.REGISTER]: Registered create:polished_cut_scoria_wall to registry ResourceKey[minecraft:root / minecraft:item]
[23Nov2025 22:02:07.669] [main/DEBUG] [com.tterrag.registrate.AbstractRegistrate/REGISTRATE.REGISTER]: Registered create:cut_scoria_bricks to registry ResourceKey[minecraft:root / minecraft:item]
[23Nov2025 22:02:07.669] [main/DEBUG] [com.tterrag.registrate.AbstractRegistrate/REGISTRATE.REGISTER]: Registered create:cut_scoria_brick_stairs to registry ResourceKey[minecraft:root / minecraft:item]
[23Nov2025 22:02:07.669] [main/DEBUG] [com.tterrag.registrate.AbstractRegistrate/REGISTRATE.REGISTER]: Registered create:cut_scoria_brick_slab to registry ResourceKey[minecraft:root / minecraft:item]
[23Nov2025 22:02:07.669] [main/DEBUG] [com.tterrag.registrate.AbstractRegistrate/REGISTRATE.REGISTER]: Registered create:cut_scoria_brick_wall to registry ResourceKey[minecraft:root / minecraft:item]
[23Nov2025 22:02:07.669] [main/DEBUG] [com.tterrag.registrate.AbstractRegistrate/REGISTRATE.REGISTER]: Registered create:small_scoria_bricks to registry ResourceKey[minecraft:root / minecraft:item]
[23Nov2025 22:02:07.669] [main/DEBUG] [com.tterrag.registrate.AbstractRegistrate/REGISTRATE.REGISTER]: Registered create:small_scoria_brick_stairs to registry ResourceKey[minecraft:root / minecraft:item]
[23Nov2025 22:02:07.669] [main/DEBUG] [com.tterrag.registrate.AbstractRegistrate/REGISTRATE.REGISTER]: Registered create:small_scoria_brick_slab to registry ResourceKey[minecraft:root / minecraft:item]
[23Nov2025 22:02:07.669] [main/DEBUG] [com.tterrag.registrate.AbstractRegistrate/REGISTRATE.REGISTER]: Registered create:small_scoria_brick_wall to registry ResourceKey[minecraft:root / minecraft:item]
[23Nov2025 22:02:07.669] [main/DEBUG] [com.tterrag.registrate.AbstractRegistrate/REGISTRATE.REGISTER]: Registered create:layered_scoria to registry ResourceKey[minecraft:root / minecraft:item]
[23Nov2025 22:02:07.669] [main/DEBUG] [com.tterrag.registrate.AbstractRegistrate/REGISTRATE.REGISTER]: Registered create:scoria_pillar to registry ResourceKey[minecraft:root / minecraft:item]
[23Nov2025 22:02:07.669] [main/DEBUG] [com.tterrag.registrate.AbstractRegistrate/REGISTRATE.REGISTER]: Registered create:scorchia to registry ResourceKey[minecraft:root / minecraft:item]
[23Nov2025 22:02:07.669] [main/DEBUG] [com.tterrag.registrate.AbstractRegistrate/REGISTRATE.REGISTER]: Registered create:cut_scorchia to registry ResourceKey[minecraft:root / minecraft:item]
[23Nov2025 22:02:07.669] [main/DEBUG] [com.tterrag.registrate.AbstractRegistrate/REGISTRATE.REGISTER]: Registered create:cut_scorchia_stairs to registry ResourceKey[minecraft:root / minecraft:item]
[23Nov2025 22:02:07.669] [main/DEBUG] [com.tterrag.registrate.AbstractRegistrate/REGISTRATE.REGISTER]: Registered create:cut_scorchia_slab to registry ResourceKey[minecraft:root / minecraft:item]
[23Nov2025 22:02:07.670] [main/DEBUG] [com.tterrag.registrate.AbstractRegistrate/REGISTRATE.REGISTER]: Registered create:cut_scorchia_wall to registry ResourceKey[minecraft:root / minecraft:item]
[23Nov2025 22:02:07.670] [main/DEBUG] [com.tterrag.registrate.AbstractRegistrate/REGISTRATE.REGISTER]: Registered create:polished_cut_scorchia to registry ResourceKey[minecraft:root / minecraft:item]
[23Nov2025 22:02:07.670] [main/DEBUG] [com.tterrag.registrate.AbstractRegistrate/REGISTRATE.REGISTER]: Registered create:polished_cut_scorchia_stairs to registry ResourceKey[minecraft:root / minecraft:item]
[23Nov2025 22:02:07.670] [main/DEBUG] [com.tterrag.registrate.AbstractRegistrate/REGISTRATE.REGISTER]: Registered create:polished_cut_scorchia_slab to registry ResourceKey[minecraft:root / minecraft:item]
[23Nov2025 22:02:07.670] [main/DEBUG] [com.tterrag.registrate.AbstractRegistrate/REGISTRATE.REGISTER]: Registered create:polished_cut_scorchia_wall to registry ResourceKey[minecraft:root / minecraft:item]
[23Nov2025 22:02:07.670] [main/DEBUG] [com.tterrag.registrate.AbstractRegistrate/REGISTRATE.REGISTER]: Registered create:cut_scorchia_bricks to registry ResourceKey[minecraft:root / minecraft:item]
[23Nov2025 22:02:07.670] [main/DEBUG] [com.tterrag.registrate.AbstractRegistrate/REGISTRATE.REGISTER]: Registered create:cut_scorchia_brick_stairs to registry ResourceKey[minecraft:root / minecraft:item]
[23Nov2025 22:02:07.670] [main/DEBUG] [com.tterrag.registrate.AbstractRegistrate/REGISTRATE.REGISTER]: Registered create:cut_scorchia_brick_slab to registry ResourceKey[minecraft:root / minecraft:item]
[23Nov2025 22:02:07.670] [main/DEBUG] [com.tterrag.registrate.AbstractRegistrate/REGISTRATE.REGISTER]: Registered create:cut_scorchia_brick_wall to registry ResourceKey[minecraft:root / minecraft:item]
[23Nov2025 22:02:07.670] [main/DEBUG] [com.tterrag.registrate.AbstractRegistrate/REGISTRATE.REGISTER]: Registered create:small_scorchia_bricks to registry ResourceKey[minecraft:root / minecraft:item]
[23Nov2025 22:02:07.670] [main/DEBUG] [com.tterrag.registrate.AbstractRegistrate/REGISTRATE.REGISTER]: Registered create:small_scorchia_brick_stairs to registry ResourceKey[minecraft:root / minecraft:item]
[23Nov2025 22:02:07.670] [main/DEBUG] [com.tterrag.registrate.AbstractRegistrate/REGISTRATE.REGISTER]: Registered create:small_scorchia_brick_slab to registry ResourceKey[minecraft:root / minecraft:item]
[23Nov2025 22:02:07.670] [main/DEBUG] [com.tterrag.registrate.AbstractRegistrate/REGISTRATE.REGISTER]: Registered create:small_scorchia_brick_wall to registry ResourceKey[minecraft:root / minecraft:item]
[23Nov2025 22:02:07.670] [main/DEBUG] [com.tterrag.registrate.AbstractRegistrate/REGISTRATE.REGISTER]: Registered create:layered_scorchia to registry ResourceKey[minecraft:root / minecraft:item]
[23Nov2025 22:02:07.670] [main/DEBUG] [com.tterrag.registrate.AbstractRegistrate/REGISTRATE.REGISTER]: Registered create:scorchia_pillar to registry ResourceKey[minecraft:root / minecraft:item]
[23Nov2025 22:02:07.671] [main/DEBUG] [com.tterrag.registrate.AbstractRegistrate/REGISTRATE.REGISTER]: Registered create:veridium to registry ResourceKey[minecraft:root / minecraft:item]
[23Nov2025 22:02:07.671] [main/DEBUG] [com.tterrag.registrate.AbstractRegistrate/REGISTRATE.REGISTER]: Registered create:cut_veridium to registry ResourceKey[minecraft:root / minecraft:item]
[23Nov2025 22:02:07.671] [main/DEBUG] [com.tterrag.registrate.AbstractRegistrate/REGISTRATE.REGISTER]: Registered create:cut_veridium_stairs to registry ResourceKey[minecraft:root / minecraft:item]
[23Nov2025 22:02:07.671] [main/DEBUG] [com.tterrag.registrate.AbstractRegistrate/REGISTRATE.REGISTER]: Registered create:cut_veridium_slab to registry ResourceKey[minecraft:root / minecraft:item]
[23Nov2025 22:02:07.671] [main/DEBUG] [com.tterrag.registrate.AbstractRegistrate/REGISTRATE.REGISTER]: Registered create:cut_veridium_wall to registry ResourceKey[minecraft:root / minecraft:item]
[23Nov2025 22:02:07.671] [main/DEBUG] [com.tterrag.registrate.AbstractRegistrate/REGISTRATE.REGISTER]: Registered create:polished_cut_veridium to registry ResourceKey[minecraft:root / minecraft:item]
[23Nov2025 22:02:07.671] [main/DEBUG] [com.tterrag.registrate.AbstractRegistrate/REGISTRATE.REGISTER]: Registered create:polished_cut_veridium_stairs to registry ResourceKey[minecraft:root / minecraft:item]
[23Nov2025 22:02:07.671] [main/DEBUG] [com.tterrag.registrate.AbstractRegistrate/REGISTRATE.REGISTER]: Registered create:polished_cut_veridium_slab to registry ResourceKey[minecraft:root / minecraft:item]
[23Nov2025 22:02:07.671] [main/DEBUG] [com.tterrag.registrate.AbstractRegistrate/REGISTRATE.REGISTER]: Registered create:polished_cut_veridium_wall to registry ResourceKey[minecraft:root / minecraft:item]
[23Nov2025 22:02:07.671] [main/DEBUG] [com.tterrag.registrate.AbstractRegistrate/REGISTRATE.REGISTER]: Registered create:cut_veridium_bricks to registry ResourceKey[minecraft:root / minecraft:item]
[23Nov2025 22:02:07.671] [main/DEBUG] [com.tterrag.registrate.AbstractRegistrate/REGISTRATE.REGISTER]: Registered create:cut_veridium_brick_stairs to registry ResourceKey[minecraft:root / minecraft:item]
[23Nov2025 22:02:07.671] [main/DEBUG] [com.tterrag.registrate.AbstractRegistrate/REGISTRATE.REGISTER]: Registered create:cut_veridium_brick_slab to registry ResourceKey[minecraft:root / minecraft:item]
[23Nov2025 22:02:07.672] [main/DEBUG] [com.tterrag.registrate.AbstractRegistrate/REGISTRATE.REGISTER]: Registered create:cut_veridium_brick_wall to registry ResourceKey[minecraft:root / minecraft:item]
[23Nov2025 22:02:07.672] [main/DEBUG] [com.tterrag.registrate.AbstractRegistrate/REGISTRATE.REGISTER]: Registered create:small_veridium_bricks to registry ResourceKey[minecraft:root / minecraft:item]
[23Nov2025 22:02:07.672] [main/DEBUG] [com.tterrag.registrate.AbstractRegistrate/REGISTRATE.REGISTER]: Registered create:small_veridium_brick_stairs to registry ResourceKey[minecraft:root / minecraft:item]
[23Nov2025 22:02:07.672] [main/DEBUG] [com.tterrag.registrate.AbstractRegistrate/REGISTRATE.REGISTER]: Registered create:small_veridium_brick_slab to registry ResourceKey[minecraft:root / minecraft:item]
[23Nov2025 22:02:07.672] [main/DEBUG] [com.tterrag.registrate.AbstractRegistrate/REGISTRATE.REGISTER]: Registered create:small_veridium_brick_wall to registry ResourceKey[minecraft:root / minecraft:item]
[23Nov2025 22:02:07.672] [main/DEBUG] [com.tterrag.registrate.AbstractRegistrate/REGISTRATE.REGISTER]: Registered create:layered_veridium to registry ResourceKey[minecraft:root / minecraft:item]
[23Nov2025 22:02:07.672] [main/DEBUG] [com.tterrag.registrate.AbstractRegistrate/REGISTRATE.REGISTER]: Registered create:veridium_pillar to registry ResourceKey[minecraft:root / minecraft:item]
[23Nov2025 22:02:07.736] [main/DEBUG] [com.tterrag.registrate.AbstractRegistrate/REGISTRATE.REGISTER]: Registering 9 known objects of type minecraft:entity_type
[23Nov2025 22:02:07.736] [main/DEBUG] [com.tterrag.registrate.AbstractRegistrate/REGISTRATE.REGISTER]: Registered create:contraption to registry ResourceKey[minecraft:root / minecraft:entity_type]
[23Nov2025 22:02:07.737] [main/DEBUG] [com.tterrag.registrate.AbstractRegistrate/REGISTRATE.REGISTER]: Registered create:stationary_contraption to registry ResourceKey[minecraft:root / minecraft:entity_type]
[23Nov2025 22:02:07.737] [main/DEBUG] [com.tterrag.registrate.AbstractRegistrate/REGISTRATE.REGISTER]: Registered create:gantry_contraption to registry ResourceKey[minecraft:root / minecraft:entity_type]
[23Nov2025 22:02:07.737] [main/DEBUG] [com.tterrag.registrate.AbstractRegistrate/REGISTRATE.REGISTER]: Registered create:carriage_contraption to registry ResourceKey[minecraft:root / minecraft:entity_type]
[23Nov2025 22:02:07.737] [main/DEBUG] [com.tterrag.registrate.AbstractRegistrate/REGISTRATE.REGISTER]: Registered create:super_glue to registry ResourceKey[minecraft:root / minecraft:entity_type]
[23Nov2025 22:02:07.738] [main/DEBUG] [com.tterrag.registrate.AbstractRegistrate/REGISTRATE.REGISTER]: Registered create:crafting_blueprint to registry ResourceKey[minecraft:root / minecraft:entity_type]
[23Nov2025 22:02:07.738] [main/DEBUG] [com.tterrag.registrate.AbstractRegistrate/REGISTRATE.REGISTER]: Registered create:potato_projectile to registry ResourceKey[minecraft:root / minecraft:entity_type]
[23Nov2025 22:02:07.738] [main/DEBUG] [com.tterrag.registrate.AbstractRegistrate/REGISTRATE.REGISTER]: Registered create:seat to registry ResourceKey[minecraft:root / minecraft:entity_type]
[23Nov2025 22:02:07.738] [main/DEBUG] [com.tterrag.registrate.AbstractRegistrate/REGISTRATE.REGISTER]: Registered create:package to registry ResourceKey[minecraft:root / minecraft:entity_type]
[23Nov2025 22:02:07.741] [main/WARN] [dev.architectury.registry.registries.forge.RegistrarManagerImpl/]: Registry entry listened Registry Entry [minecraft:entity_type / bakery:wandering_baker] was not realized!
[23Nov2025 22:02:07.745] [main/WARN] [dev.architectury.registry.registries.forge.RegistrarManagerImpl/]: Registry entry listened Registry Entry [minecraft:entity_type / bakery:wandering_baker] was not realized!
[23Nov2025 22:02:07.747] [main/DEBUG] [dev.architectury.core.item.ArchitecturySpawnEggItem/]: Registering spawn egg wandering_baker_spawn_egg for bakery:wandering_baker
[23Nov2025 22:02:07.760] [main/DEBUG] [com.tterrag.registrate.AbstractRegistrate/REGISTRATE.REGISTER]: Registering 2 known objects of type minecraft:enchantment
[23Nov2025 22:02:07.760] [main/DEBUG] [com.tterrag.registrate.AbstractRegistrate/REGISTRATE.REGISTER]: Registered create:potato_recovery to registry ResourceKey[minecraft:root / minecraft:enchantment]
[23Nov2025 22:02:07.760] [main/DEBUG] [com.tterrag.registrate.AbstractRegistrate/REGISTRATE.REGISTER]: Registered create:capacity to registry ResourceKey[minecraft:root / minecraft:enchantment]
[23Nov2025 22:02:07.775] [main/DEBUG] [com.tterrag.registrate.AbstractRegistrate/REGISTRATE.REGISTER]: Registering 114 known objects of type minecraft:block_entity_type
[23Nov2025 22:02:07.776] [main/DEBUG] [com.tterrag.registrate.AbstractRegistrate/REGISTRATE.REGISTER]: Registered create:schematicannon to registry ResourceKey[minecraft:root / minecraft:block_entity_type]
[23Nov2025 22:02:07.776] [main/DEBUG] [com.tterrag.registrate.AbstractRegistrate/REGISTRATE.REGISTER]: Registered create:schematic_table to registry ResourceKey[minecraft:root / minecraft:block_entity_type]
[23Nov2025 22:02:07.776] [main/DEBUG] [com.tterrag.registrate.AbstractRegistrate/REGISTRATE.REGISTER]: Registered create:simple_kinetic to registry ResourceKey[minecraft:root / minecraft:block_entity_type]
[23Nov2025 22:02:07.776] [main/DEBUG] [com.tterrag.registrate.AbstractRegistrate/REGISTRATE.REGISTER]: Registered create:motor to registry ResourceKey[minecraft:root / minecraft:block_entity_type]
[23Nov2025 22:02:07.776] [main/DEBUG] [com.tterrag.registrate.AbstractRegistrate/REGISTRATE.REGISTER]: Registered create:gearbox to registry ResourceKey[minecraft:root / minecraft:block_entity_type]
[23Nov2025 22:02:07.776] [main/DEBUG] [com.tterrag.registrate.AbstractRegistrate/REGISTRATE.REGISTER]: Registered create:encased_shaft to registry ResourceKey[minecraft:root / minecraft:block_entity_type]
[23Nov2025 22:02:07.776] [main/DEBUG] [com.tterrag.registrate.AbstractRegistrate/REGISTRATE.REGISTER]: Registered create:encased_cogwheel to registry ResourceKey[minecraft:root / minecraft:block_entity_type]
[23Nov2025 22:02:07.776] [main/DEBUG] [com.tterrag.registrate.AbstractRegistrate/REGISTRATE.REGISTER]: Registered create:encased_large_cogwheel to registry ResourceKey[minecraft:root / minecraft:block_entity_type]
[23Nov2025 22:02:07.776] [main/DEBUG] [com.tterrag.registrate.AbstractRegistrate/REGISTRATE.REGISTER]: Registered create:adjustable_chain_gearshift to registry ResourceKey[minecraft:root / minecraft:block_entity_type]
[23Nov2025 22:02:07.776] [main/DEBUG] [com.tterrag.registrate.AbstractRegistrate/REGISTRATE.REGISTER]: Registered create:encased_fan to registry ResourceKey[minecraft:root / minecraft:block_entity_type]
[23Nov2025 22:02:07.776] [main/DEBUG] [com.tterrag.registrate.AbstractRegistrate/REGISTRATE.REGISTER]: Registered create:nozzle to registry ResourceKey[minecraft:root / minecraft:block_entity_type]
[23Nov2025 22:02:07.776] [main/DEBUG] [com.tterrag.registrate.AbstractRegistrate/REGISTRATE.REGISTER]: Registered create:clutch to registry ResourceKey[minecraft:root / minecraft:block_entity_type]
[23Nov2025 22:02:07.777] [main/DEBUG] [com.tterrag.registrate.AbstractRegistrate/REGISTRATE.REGISTER]: Registered create:gearshift to registry ResourceKey[minecraft:root / minecraft:block_entity_type]
[23Nov2025 22:02:07.777] [main/DEBUG] [com.tterrag.registrate.AbstractRegistrate/REGISTRATE.REGISTER]: Registered create:turntable to registry ResourceKey[minecraft:root / minecraft:block_entity_type]
[23Nov2025 22:02:07.777] [main/DEBUG] [com.tterrag.registrate.AbstractRegistrate/REGISTRATE.REGISTER]: Registered create:hand_crank to registry ResourceKey[minecraft:root / minecraft:block_entity_type]
[23Nov2025 22:02:07.777] [main/DEBUG] [com.tterrag.registrate.AbstractRegistrate/REGISTRATE.REGISTER]: Registered create:valve_handle to registry ResourceKey[minecraft:root / minecraft:block_entity_type]
[23Nov2025 22:02:07.777] [main/DEBUG] [com.tterrag.registrate.AbstractRegistrate/REGISTRATE.REGISTER]: Registered create:cuckoo_clock to registry ResourceKey[minecraft:root / minecraft:block_entity_type]
[23Nov2025 22:02:07.777] [main/DEBUG] [com.tterrag.registrate.AbstractRegistrate/REGISTRATE.REGISTER]: Registered create:gantry_shaft to registry ResourceKey[minecraft:root / minecraft:block_entity_type]
[23Nov2025 22:02:07.777] [main/DEBUG] [com.tterrag.registrate.AbstractRegistrate/REGISTRATE.REGISTER]: Registered create:gantry_pinion to registry ResourceKey[minecraft:root / minecraft:block_entity_type]
[23Nov2025 22:02:07.777] [main/DEBUG] [com.tterrag.registrate.AbstractRegistrate/REGISTRATE.REGISTER]: Registered create:chain_conveyor to registry ResourceKey[minecraft:root / minecraft:block_entity_type]
[23Nov2025 22:02:07.777] [main/DEBUG] [com.tterrag.registrate.AbstractRegistrate/REGISTRATE.REGISTER]: Registered create:mechanical_pump to registry ResourceKey[minecraft:root / minecraft:block_entity_type]
[23Nov2025 22:02:07.777] [main/DEBUG] [com.tterrag.registrate.AbstractRegistrate/REGISTRATE.REGISTER]: Registered create:smart_fluid_pipe to registry ResourceKey[minecraft:root / minecraft:block_entity_type]
[23Nov2025 22:02:07.777] [main/DEBUG] [com.tterrag.registrate.AbstractRegistrate/REGISTRATE.REGISTER]: Registered create:fluid_pipe to registry ResourceKey[minecraft:root / minecraft:block_entity_type]
[23Nov2025 22:02:07.777] [main/DEBUG] [com.tterrag.registrate.AbstractRegistrate/REGISTRATE.REGISTER]: Registered create:encased_fluid_pipe to registry ResourceKey[minecraft:root / minecraft:block_entity_type]
[23Nov2025 22:02:07.777] [main/DEBUG] [com.tterrag.registrate.AbstractRegistrate/REGISTRATE.REGISTER]: Registered create:glass_fluid_pipe to registry ResourceKey[minecraft:root / minecraft:block_entity_type]
[23Nov2025 22:02:07.777] [main/DEBUG] [com.tterrag.registrate.AbstractRegistrate/REGISTRATE.REGISTER]: Registered create:fluid_valve to registry ResourceKey[minecraft:root / minecraft:block_entity_type]
[23Nov2025 22:02:07.777] [main/DEBUG] [com.tterrag.registrate.AbstractRegistrate/REGISTRATE.REGISTER]: Registered create:fluid_tank to registry ResourceKey[minecraft:root / minecraft:block_entity_type]
[23Nov2025 22:02:07.777] [main/DEBUG] [com.tterrag.registrate.AbstractRegistrate/REGISTRATE.REGISTER]: Registered create:creative_fluid_tank to registry ResourceKey[minecraft:root / minecraft:block_entity_type]
[23Nov2025 22:02:07.777] [main/DEBUG] [com.tterrag.registrate.AbstractRegistrate/REGISTRATE.REGISTER]: Registered create:hose_pulley to registry ResourceKey[minecraft:root / minecraft:block_entity_type]
[23Nov2025 22:02:07.778] [main/DEBUG] [com.tterrag.registrate.AbstractRegistrate/REGISTRATE.REGISTER]: Registered create:spout to registry ResourceKey[minecraft:root / minecraft:block_entity_type]
[23Nov2025 22:02:07.778] [main/DEBUG] [com.tterrag.registrate.AbstractRegistrate/REGISTRATE.REGISTER]: Registered create:item_drain to registry ResourceKey[minecraft:root / minecraft:block_entity_type]
[23Nov2025 22:02:07.778] [main/DEBUG] [com.tterrag.registrate.AbstractRegistrate/REGISTRATE.REGISTER]: Registered create:belt to registry ResourceKey[minecraft:root / minecraft:block_entity_type]
[23Nov2025 22:02:07.778] [main/DEBUG] [com.tterrag.registrate.AbstractRegistrate/REGISTRATE.REGISTER]: Registered create:chute to registry ResourceKey[minecraft:root / minecraft:block_entity_type]
[23Nov2025 22:02:07.778] [main/DEBUG] [com.tterrag.registrate.AbstractRegistrate/REGISTRATE.REGISTER]: Registered create:smart_chute to registry ResourceKey[minecraft:root / minecraft:block_entity_type]
[23Nov2025 22:02:07.778] [main/DEBUG] [com.tterrag.registrate.AbstractRegistrate/REGISTRATE.REGISTER]: Registered create:andesite_tunnel to registry ResourceKey[minecraft:root / minecraft:block_entity_type]
[23Nov2025 22:02:07.778] [main/DEBUG] [com.tterrag.registrate.AbstractRegistrate/REGISTRATE.REGISTER]: Registered create:brass_tunnel to registry ResourceKey[minecraft:root / minecraft:block_entity_type]
[23Nov2025 22:02:07.778] [main/DEBUG] [com.tterrag.registrate.AbstractRegistrate/REGISTRATE.REGISTER]: Registered create:mechanical_arm to registry ResourceKey[minecraft:root / minecraft:block_entity_type]
[23Nov2025 22:02:07.778] [main/DEBUG] [com.tterrag.registrate.AbstractRegistrate/REGISTRATE.REGISTER]: Registered create:item_vault to registry ResourceKey[minecraft:root / minecraft:block_entity_type]
[23Nov2025 22:02:07.778] [main/DEBUG] [com.tterrag.registrate.AbstractRegistrate/REGISTRATE.REGISTER]: Registered create:item_hatch to registry ResourceKey[minecraft:root / minecraft:block_entity_type]
[23Nov2025 22:02:07.778] [main/DEBUG] [com.tterrag.registrate.AbstractRegistrate/REGISTRATE.REGISTER]: Registered create:packager to registry ResourceKey[minecraft:root / minecraft:block_entity_type]
[23Nov2025 22:02:07.778] [main/DEBUG] [com.tterrag.registrate.AbstractRegistrate/REGISTRATE.REGISTER]: Registered create:repackager to registry ResourceKey[minecraft:root / minecraft:block_entity_type]
[23Nov2025 22:02:07.778] [main/DEBUG] [com.tterrag.registrate.AbstractRegistrate/REGISTRATE.REGISTER]: Registered create:package_frogport to registry ResourceKey[minecraft:root / minecraft:block_entity_type]
[23Nov2025 22:02:07.778] [main/DEBUG] [com.tterrag.registrate.AbstractRegistrate/REGISTRATE.REGISTER]: Registered create:package_postbox to registry ResourceKey[minecraft:root / minecraft:block_entity_type]
[23Nov2025 22:02:07.778] [main/DEBUG] [com.tterrag.registrate.AbstractRegistrate/REGISTRATE.REGISTER]: Registered create:table_cloth to registry ResourceKey[minecraft:root / minecraft:block_entity_type]
[23Nov2025 22:02:07.778] [main/DEBUG] [com.tterrag.registrate.AbstractRegistrate/REGISTRATE.REGISTER]: Registered create:packager_link to registry ResourceKey[minecraft:root / minecraft:block_entity_type]
[23Nov2025 22:02:07.779] [main/DEBUG] [com.tterrag.registrate.AbstractRegistrate/REGISTRATE.REGISTER]: Registered create:stock_ticker to registry ResourceKey[minecraft:root / minecraft:block_entity_type]
[23Nov2025 22:02:07.779] [main/DEBUG] [com.tterrag.registrate.AbstractRegistrate/REGISTRATE.REGISTER]: Registered create:redstone_requester to registry ResourceKey[minecraft:root / minecraft:block_entity_type]
[23Nov2025 22:02:07.779] [main/DEBUG] [com.tterrag.registrate.AbstractRegistrate/REGISTRATE.REGISTER]: Registered create:mechanical_piston to registry ResourceKey[minecraft:root / minecraft:block_entity_type]
[23Nov2025 22:02:07.779] [main/DEBUG] [com.tterrag.registrate.AbstractRegistrate/REGISTRATE.REGISTER]: Registered create:windmill_bearing to registry ResourceKey[minecraft:root / minecraft:block_entity_type]
[23Nov2025 22:02:07.779] [main/DEBUG] [com.tterrag.registrate.AbstractRegistrate/REGISTRATE.REGISTER]: Registered create:mechanical_bearing to registry ResourceKey[minecraft:root / minecraft:block_entity_type]
[23Nov2025 22:02:07.779] [main/DEBUG] [com.tterrag.registrate.AbstractRegistrate/REGISTRATE.REGISTER]: Registered create:clockwork_bearing to registry ResourceKey[minecraft:root / minecraft:block_entity_type]
[23Nov2025 22:02:07.779] [main/DEBUG] [com.tterrag.registrate.AbstractRegistrate/REGISTRATE.REGISTER]: Registered create:rope_pulley to registry ResourceKey[minecraft:root / minecraft:block_entity_type]
[23Nov2025 22:02:07.779] [main/DEBUG] [com.tterrag.registrate.AbstractRegistrate/REGISTRATE.REGISTER]: Registered create:elevator_pulley to registry ResourceKey[minecraft:root / minecraft:block_entity_type]
[23Nov2025 22:02:07.779] [main/DEBUG] [com.tterrag.registrate.AbstractRegistrate/REGISTRATE.REGISTER]: Registered create:elevator_contact to registry ResourceKey[minecraft:root / minecraft:block_entity_type]
[23Nov2025 22:02:07.779] [main/DEBUG] [com.tterrag.registrate.AbstractRegistrate/REGISTRATE.REGISTER]: Registered create:chassis to registry ResourceKey[minecraft:root / minecraft:block_entity_type]
[23Nov2025 22:02:07.779] [main/DEBUG] [com.tterrag.registrate.AbstractRegistrate/REGISTRATE.REGISTER]: Registered create:sticker to registry ResourceKey[minecraft:root / minecraft:block_entity_type]
[23Nov2025 22:02:07.779] [main/DEBUG] [com.tterrag.registrate.AbstractRegistrate/REGISTRATE.REGISTER]: Registered create:contraption_controls to registry ResourceKey[minecraft:root / minecraft:block_entity_type]
[23Nov2025 22:02:07.779] [main/DEBUG] [com.tterrag.registrate.AbstractRegistrate/REGISTRATE.REGISTER]: Registered create:drill to registry ResourceKey[minecraft:root / minecraft:block_entity_type]
[23Nov2025 22:02:07.779] [main/DEBUG] [com.tterrag.registrate.AbstractRegistrate/REGISTRATE.REGISTER]: Registered create:saw to registry ResourceKey[minecraft:root / minecraft:block_entity_type]
[23Nov2025 22:02:07.779] [main/DEBUG] [com.tterrag.registrate.AbstractRegistrate/REGISTRATE.REGISTER]: Registered create:harvester to registry ResourceKey[minecraft:root / minecraft:block_entity_type]
[23Nov2025 22:02:07.779] [main/DEBUG] [com.tterrag.registrate.AbstractRegistrate/REGISTRATE.REGISTER]: Registered create:mechanical_roller to registry ResourceKey[minecraft:root / minecraft:block_entity_type]
[23Nov2025 22:02:07.779] [main/DEBUG] [com.tterrag.registrate.AbstractRegistrate/REGISTRATE.REGISTER]: Registered create:portable_storage_interface to registry ResourceKey[minecraft:root / minecraft:block_entity_type]
[23Nov2025 22:02:07.779] [main/DEBUG] [com.tterrag.registrate.AbstractRegistrate/REGISTRATE.REGISTER]: Registered create:portable_fluid_interface to registry ResourceKey[minecraft:root / minecraft:block_entity_type]
[23Nov2025 22:02:07.779] [main/DEBUG] [com.tterrag.registrate.AbstractRegistrate/REGISTRATE.REGISTER]: Registered create:steam_engine to registry ResourceKey[minecraft:root / minecraft:block_entity_type]
[23Nov2025 22:02:07.780] [main/DEBUG] [com.tterrag.registrate.AbstractRegistrate/REGISTRATE.REGISTER]: Registered create:steam_whistle to registry ResourceKey[minecraft:root / minecraft:block_entity_type]
[23Nov2025 22:02:07.780] [main/DEBUG] [com.tterrag.registrate.AbstractRegistrate/REGISTRATE.REGISTER]: Registered create:powered_shaft to registry ResourceKey[minecraft:root / minecraft:block_entity_type]
[23Nov2025 22:02:07.780] [main/DEBUG] [com.tterrag.registrate.AbstractRegistrate/REGISTRATE.REGISTER]: Registered create:flywheel to registry ResourceKey[minecraft:root / minecraft:block_entity_type]
[23Nov2025 22:02:07.780] [main/DEBUG] [com.tterrag.registrate.AbstractRegistrate/REGISTRATE.REGISTER]: Registered create:millstone to registry ResourceKey[minecraft:root / minecraft:block_entity_type]
[23Nov2025 22:02:07.780] [main/DEBUG] [com.tterrag.registrate.AbstractRegistrate/REGISTRATE.REGISTER]: Registered create:crushing_wheel to registry ResourceKey[minecraft:root / minecraft:block_entity_type]
[23Nov2025 22:02:07.780] [main/DEBUG] [com.tterrag.registrate.AbstractRegistrate/REGISTRATE.REGISTER]: Registered create:crushing_wheel_controller to registry ResourceKey[minecraft:root / minecraft:block_entity_type]
[23Nov2025 22:02:07.780] [main/DEBUG] [com.tterrag.registrate.AbstractRegistrate/REGISTRATE.REGISTER]: Registered create:water_wheel to registry ResourceKey[minecraft:root / minecraft:block_entity_type]
[23Nov2025 22:02:07.780] [main/DEBUG] [com.tterrag.registrate.AbstractRegistrate/REGISTRATE.REGISTER]: Registered create:large_water_wheel to registry ResourceKey[minecraft:root / minecraft:block_entity_type]
[23Nov2025 22:02:07.780] [main/DEBUG] [com.tterrag.registrate.AbstractRegistrate/REGISTRATE.REGISTER]: Registered create:mechanical_press to registry ResourceKey[minecraft:root / minecraft:block_entity_type]
[23Nov2025 22:02:07.780] [main/DEBUG] [com.tterrag.registrate.AbstractRegistrate/REGISTRATE.REGISTER]: Registered create:mechanical_mixer to registry ResourceKey[minecraft:root / minecraft:block_entity_type]
[23Nov2025 22:02:07.780] [main/DEBUG] [com.tterrag.registrate.AbstractRegistrate/REGISTRATE.REGISTER]: Registered create:deployer to registry ResourceKey[minecraft:root / minecraft:block_entity_type]
[23Nov2025 22:02:07.780] [main/DEBUG] [com.tterrag.registrate.AbstractRegistrate/REGISTRATE.REGISTER]: Registered create:basin to registry ResourceKey[minecraft:root / minecraft:block_entity_type]
[23Nov2025 22:02:07.780] [main/DEBUG] [com.tterrag.registrate.AbstractRegistrate/REGISTRATE.REGISTER]: Registered create:blaze_heater to registry ResourceKey[minecraft:root / minecraft:block_entity_type]
[23Nov2025 22:02:07.780] [main/DEBUG] [com.tterrag.registrate.AbstractRegistrate/REGISTRATE.REGISTER]: Registered create:mechanical_crafter to registry ResourceKey[minecraft:root / minecraft:block_entity_type]
[23Nov2025 22:02:07.780] [main/DEBUG] [com.tterrag.registrate.AbstractRegistrate/REGISTRATE.REGISTER]: Registered create:sequenced_gearshift to registry ResourceKey[minecraft:root / minecraft:block_entity_type]
[23Nov2025 22:02:07.780] [main/DEBUG] [com.tterrag.registrate.AbstractRegistrate/REGISTRATE.REGISTER]: Registered create:rotation_speed_controller to registry ResourceKey[minecraft:root / minecraft:block_entity_type]
[23Nov2025 22:02:07.780] [main/DEBUG] [com.tterrag.registrate.AbstractRegistrate/REGISTRATE.REGISTER]: Registered create:speedometer to registry ResourceKey[minecraft:root / minecraft:block_entity_type]
[23Nov2025 22:02:07.780] [main/DEBUG] [com.tterrag.registrate.AbstractRegistrate/REGISTRATE.REGISTER]: Registered create:stressometer to registry ResourceKey[minecraft:root / minecraft:block_entity_type]
[23Nov2025 22:02:07.780] [main/DEBUG] [com.tterrag.registrate.AbstractRegistrate/REGISTRATE.REGISTER]: Registered create:analog_lever to registry ResourceKey[minecraft:root / minecraft:block_entity_type]
[23Nov2025 22:02:07.780] [main/DEBUG] [com.tterrag.registrate.AbstractRegistrate/REGISTRATE.REGISTER]: Registered create:placard to registry ResourceKey[minecraft:root / minecraft:block_entity_type]
[23Nov2025 22:02:07.780] [main/DEBUG] [com.tterrag.registrate.AbstractRegistrate/REGISTRATE.REGISTER]: Registered create:factory_panel to registry ResourceKey[minecraft:root / minecraft:block_entity_type]
[23Nov2025 22:02:07.780] [main/DEBUG] [com.tterrag.registrate.AbstractRegistrate/REGISTRATE.REGISTER]: Registered create:cart_assembler to registry ResourceKey[minecraft:root / minecraft:block_entity_type]
[23Nov2025 22:02:07.780] [main/DEBUG] [com.tterrag.registrate.AbstractRegistrate/REGISTRATE.REGISTER]: Registered create:redstone_link to registry ResourceKey[minecraft:root / minecraft:block_entity_type]
[23Nov2025 22:02:07.780] [main/DEBUG] [com.tterrag.registrate.AbstractRegistrate/REGISTRATE.REGISTER]: Registered create:nixie_tube to registry ResourceKey[minecraft:root / minecraft:block_entity_type]
[23Nov2025 22:02:07.780] [main/DEBUG] [com.tterrag.registrate.AbstractRegistrate/REGISTRATE.REGISTER]: Registered create:display_link to registry ResourceKey[minecraft:root / minecraft:block_entity_type]
[23Nov2025 22:02:07.780] [main/DEBUG] [com.tterrag.registrate.AbstractRegistrate/REGISTRATE.REGISTER]: Registered create:stockpile_switch to registry ResourceKey[minecraft:root / minecraft:block_entity_type]
[23Nov2025 22:02:07.780] [main/DEBUG] [com.tterrag.registrate.AbstractRegistrate/REGISTRATE.REGISTER]: Registered create:creative_crate to registry ResourceKey[minecraft:root / minecraft:block_entity_type]
[23Nov2025 22:02:07.780] [main/DEBUG] [com.tterrag.registrate.AbstractRegistrate/REGISTRATE.REGISTER]: Registered create:depot to registry ResourceKey[minecraft:root / minecraft:block_entity_type]
[23Nov2025 22:02:07.780] [main/DEBUG] [com.tterrag.registrate.AbstractRegistrate/REGISTRATE.REGISTER]: Registered create:weighted_ejector to registry ResourceKey[minecraft:root / minecraft:block_entity_type]
[23Nov2025 22:02:07.780] [main/DEBUG] [com.tterrag.registrate.AbstractRegistrate/REGISTRATE.REGISTER]: Registered create:funnel to registry ResourceKey[minecraft:root / minecraft:block_entity_type]
[23Nov2025 22:02:07.780] [main/DEBUG] [com.tterrag.registrate.AbstractRegistrate/REGISTRATE.REGISTER]: Registered create:content_observer to registry ResourceKey[minecraft:root / minecraft:block_entity_type]
[23Nov2025 22:02:07.781] [main/DEBUG] [com.tterrag.registrate.AbstractRegistrate/REGISTRATE.REGISTER]: Registered create:pulse_extender to registry ResourceKey[minecraft:root / minecraft:block_entity_type]
[23Nov2025 22:02:07.781] [main/DEBUG] [com.tterrag.registrate.AbstractRegistrate/REGISTRATE.REGISTER]: Registered create:pulse_repeater to registry ResourceKey[minecraft:root / minecraft:block_entity_type]
[23Nov2025 22:02:07.781] [main/DEBUG] [com.tterrag.registrate.AbstractRegistrate/REGISTRATE.REGISTER]: Registered create:pulse_timer to registry ResourceKey[minecraft:root / minecraft:block_entity_type]
[23Nov2025 22:02:07.781] [main/DEBUG] [com.tterrag.registrate.AbstractRegistrate/REGISTRATE.REGISTER]: Registered create:lectern_controller to registry ResourceKey[minecraft:root / minecraft:block_entity_type]
[23Nov2025 22:02:07.781] [main/DEBUG] [com.tterrag.registrate.AbstractRegistrate/REGISTRATE.REGISTER]: Registered create:backtank to registry ResourceKey[minecraft:root / minecraft:block_entity_type]
[23Nov2025 22:02:07.781] [main/DEBUG] [com.tterrag.registrate.AbstractRegistrate/REGISTRATE.REGISTER]: Registered create:peculiar_bell to registry ResourceKey[minecraft:root / minecraft:block_entity_type]
[23Nov2025 22:02:07.781] [main/DEBUG] [com.tterrag.registrate.AbstractRegistrate/REGISTRATE.REGISTER]: Registered create:cursed_bell to registry ResourceKey[minecraft:root / minecraft:block_entity_type]
[23Nov2025 22:02:07.781] [main/DEBUG] [com.tterrag.registrate.AbstractRegistrate/REGISTRATE.REGISTER]: Registered create:desk_bell to registry ResourceKey[minecraft:root / minecraft:block_entity_type]
[23Nov2025 22:02:07.781] [main/DEBUG] [com.tterrag.registrate.AbstractRegistrate/REGISTRATE.REGISTER]: Registered create:toolbox to registry ResourceKey[minecraft:root / minecraft:block_entity_type]
[23Nov2025 22:02:07.781] [main/DEBUG] [com.tterrag.registrate.AbstractRegistrate/REGISTRATE.REGISTER]: Registered create:track to registry ResourceKey[minecraft:root / minecraft:block_entity_type]
[23Nov2025 22:02:07.781] [main/DEBUG] [com.tterrag.registrate.AbstractRegistrate/REGISTRATE.REGISTER]: Registered create:fake_track to registry ResourceKey[minecraft:root / minecraft:block_entity_type]
[23Nov2025 22:02:07.781] [main/DEBUG] [com.tterrag.registrate.AbstractRegistrate/REGISTRATE.REGISTER]: Registered create:bogey to registry ResourceKey[minecraft:root / minecraft:block_entity_type]
[23Nov2025 22:02:07.781] [main/DEBUG] [com.tterrag.registrate.AbstractRegistrate/REGISTRATE.REGISTER]: Registered create:track_station to registry ResourceKey[minecraft:root / minecraft:block_entity_type]
[23Nov2025 22:02:07.781] [main/DEBUG] [com.tterrag.registrate.AbstractRegistrate/REGISTRATE.REGISTER]: Registered create:sliding_door to registry ResourceKey[minecraft:root / minecraft:block_entity_type]
[23Nov2025 22:02:07.781] [main/DEBUG] [com.tterrag.registrate.AbstractRegistrate/REGISTRATE.REGISTER]: Registered create:copycat to registry ResourceKey[minecraft:root / minecraft:block_entity_type]
[23Nov2025 22:02:07.781] [main/DEBUG] [com.tterrag.registrate.AbstractRegistrate/REGISTRATE.REGISTER]: Registered create:flap_display to registry ResourceKey[minecraft:root / minecraft:block_entity_type]
[23Nov2025 22:02:07.781] [main/DEBUG] [com.tterrag.registrate.AbstractRegistrate/REGISTRATE.REGISTER]: Registered create:track_signal to registry ResourceKey[minecraft:root / minecraft:block_entity_type]
[23Nov2025 22:02:07.781] [main/DEBUG] [com.tterrag.registrate.AbstractRegistrate/REGISTRATE.REGISTER]: Registered create:track_observer to registry ResourceKey[minecraft:root / minecraft:block_entity_type]
[23Nov2025 22:02:07.781] [main/DEBUG] [com.tterrag.registrate.AbstractRegistrate/REGISTRATE.REGISTER]: Registered create:clipboard to registry ResourceKey[minecraft:root / minecraft:block_entity_type]
[23Nov2025 22:02:07.825] [main/DEBUG] [com.tterrag.registrate.AbstractRegistrate/REGISTRATE.REGISTER]: Registering 14 known objects of type minecraft:menu
[23Nov2025 22:02:07.826] [main/DEBUG] [com.tterrag.registrate.AbstractRegistrate/REGISTRATE.REGISTER]: Registered create:schematic_table to registry ResourceKey[minecraft:root / minecraft:menu]
[23Nov2025 22:02:07.826] [main/DEBUG] [com.tterrag.registrate.AbstractRegistrate/REGISTRATE.REGISTER]: Registered create:schematicannon to registry ResourceKey[minecraft:root / minecraft:menu]
[23Nov2025 22:02:07.826] [main/DEBUG] [com.tterrag.registrate.AbstractRegistrate/REGISTRATE.REGISTER]: Registered create:filter to registry ResourceKey[minecraft:root / minecraft:menu]
[23Nov2025 22:02:07.826] [main/DEBUG] [com.tterrag.registrate.AbstractRegistrate/REGISTRATE.REGISTER]: Registered create:attribute_filter to registry ResourceKey[minecraft:root / minecraft:menu]
[23Nov2025 22:02:07.826] [main/DEBUG] [com.tterrag.registrate.AbstractRegistrate/REGISTRATE.REGISTER]: Registered create:package_filter to registry ResourceKey[minecraft:root / minecraft:menu]
[23Nov2025 22:02:07.826] [main/DEBUG] [com.tterrag.registrate.AbstractRegistrate/REGISTRATE.REGISTER]: Registered create:crafting_blueprint to registry ResourceKey[minecraft:root / minecraft:menu]
[23Nov2025 22:02:07.826] [main/DEBUG] [com.tterrag.registrate.AbstractRegistrate/REGISTRATE.REGISTER]: Registered create:linked_controller to registry ResourceKey[minecraft:root / minecraft:menu]
[23Nov2025 22:02:07.826] [main/DEBUG] [com.tterrag.registrate.AbstractRegistrate/REGISTRATE.REGISTER]: Registered create:toolbox to registry ResourceKey[minecraft:root / minecraft:menu]
[23Nov2025 22:02:07.826] [main/DEBUG] [com.tterrag.registrate.AbstractRegistrate/REGISTRATE.REGISTER]: Registered create:schedule to registry ResourceKey[minecraft:root / minecraft:menu]
[23Nov2025 22:02:07.826] [main/DEBUG] [com.tterrag.registrate.AbstractRegistrate/REGISTRATE.REGISTER]: Registered create:stock_keeper_category to registry ResourceKey[minecraft:root / minecraft:menu]
[23Nov2025 22:02:07.826] [main/DEBUG] [com.tterrag.registrate.AbstractRegistrate/REGISTRATE.REGISTER]: Registered create:stock_keeper_request to registry ResourceKey[minecraft:root / minecraft:menu]
[23Nov2025 22:02:07.826] [main/DEBUG] [com.tterrag.registrate.AbstractRegistrate/REGISTRATE.REGISTER]: Registered create:package_port to registry ResourceKey[minecraft:root / minecraft:menu]
[23Nov2025 22:02:07.826] [main/DEBUG] [com.tterrag.registrate.AbstractRegistrate/REGISTRATE.REGISTER]: Registered create:redstone_requester to registry ResourceKey[minecraft:root / minecraft:menu]
[23Nov2025 22:02:07.826] [main/DEBUG] [com.tterrag.registrate.AbstractRegistrate/REGISTRATE.REGISTER]: Registered create:factory_panel_set_item to registry ResourceKey[minecraft:root / minecraft:menu]
[23Nov2025 22:02:07.906] [main/DEBUG] [com.tterrag.registrate.AbstractRegistrate/REGISTRATE.REGISTER]: Registering 26 known objects of type create:display_source
[23Nov2025 22:02:07.906] [main/DEBUG] [com.tterrag.registrate.AbstractRegistrate/REGISTRATE.REGISTER]: Registered create:death_count to registry ResourceKey[minecraft:root / create:display_source]
[23Nov2025 22:02:07.906] [main/DEBUG] [com.tterrag.registrate.AbstractRegistrate/REGISTRATE.REGISTER]: Registered create:scoreboard to registry ResourceKey[minecraft:root / create:display_source]
[23Nov2025 22:02:07.906] [main/DEBUG] [com.tterrag.registrate.AbstractRegistrate/REGISTRATE.REGISTER]: Registered create:enchant_power to registry ResourceKey[minecraft:root / create:display_source]
[23Nov2025 22:02:07.906] [main/DEBUG] [com.tterrag.registrate.AbstractRegistrate/REGISTRATE.REGISTER]: Registered create:redstone_power to registry ResourceKey[minecraft:root / create:display_source]
[23Nov2025 22:02:07.906] [main/DEBUG] [com.tterrag.registrate.AbstractRegistrate/REGISTRATE.REGISTER]: Registered create:nixie_tube to registry ResourceKey[minecraft:root / create:display_source]
[23Nov2025 22:02:07.906] [main/DEBUG] [com.tterrag.registrate.AbstractRegistrate/REGISTRATE.REGISTER]: Registered create:item_names to registry ResourceKey[minecraft:root / create:display_source]
[23Nov2025 22:02:07.906] [main/DEBUG] [com.tterrag.registrate.AbstractRegistrate/REGISTRATE.REGISTER]: Registered create:boiler to registry ResourceKey[minecraft:root / create:display_source]
[23Nov2025 22:02:07.906] [main/DEBUG] [com.tterrag.registrate.AbstractRegistrate/REGISTRATE.REGISTER]: Registered create:current_floor to registry ResourceKey[minecraft:root / create:display_source]
[23Nov2025 22:02:07.907] [main/DEBUG] [com.tterrag.registrate.AbstractRegistrate/REGISTRATE.REGISTER]: Registered create:fill_level to registry ResourceKey[minecraft:root / create:display_source]
[23Nov2025 22:02:07.907] [main/DEBUG] [com.tterrag.registrate.AbstractRegistrate/REGISTRATE.REGISTER]: Registered create:gauge_status to registry ResourceKey[minecraft:root / create:display_source]
[23Nov2025 22:02:07.907] [main/DEBUG] [com.tterrag.registrate.AbstractRegistrate/REGISTRATE.REGISTER]: Registered create:entity_name to registry ResourceKey[minecraft:root / create:display_source]
[23Nov2025 22:02:07.907] [main/DEBUG] [com.tterrag.registrate.AbstractRegistrate/REGISTRATE.REGISTER]: Registered create:time_of_day to registry ResourceKey[minecraft:root / create:display_source]
[23Nov2025 22:02:07.907] [main/DEBUG] [com.tterrag.registrate.AbstractRegistrate/REGISTRATE.REGISTER]: Registered create:stopwatch to registry ResourceKey[minecraft:root / create:display_source]
[23Nov2025 22:02:07.907] [main/DEBUG] [com.tterrag.registrate.AbstractRegistrate/REGISTRATE.REGISTER]: Registered create:kinetic_speed to registry ResourceKey[minecraft:root / create:display_source]
[23Nov2025 22:02:07.907] [main/DEBUG] [com.tterrag.registrate.AbstractRegistrate/REGISTRATE.REGISTER]: Registered create:kinetic_stress to registry ResourceKey[minecraft:root / create:display_source]
[23Nov2025 22:02:07.907] [main/DEBUG] [com.tterrag.registrate.AbstractRegistrate/REGISTRATE.REGISTER]: Registered create:station_summary to registry ResourceKey[minecraft:root / create:display_source]
[23Nov2025 22:02:07.907] [main/DEBUG] [com.tterrag.registrate.AbstractRegistrate/REGISTRATE.REGISTER]: Registered create:train_status to registry ResourceKey[minecraft:root / create:display_source]
[23Nov2025 22:02:07.907] [main/DEBUG] [com.tterrag.registrate.AbstractRegistrate/REGISTRATE.REGISTER]: Registered create:observed_train_name to registry ResourceKey[minecraft:root / create:display_source]
[23Nov2025 22:02:07.907] [main/DEBUG] [com.tterrag.registrate.AbstractRegistrate/REGISTRATE.REGISTER]: Registered create:accumulate_items to registry ResourceKey[minecraft:root / create:display_source]
[23Nov2025 22:02:07.907] [main/DEBUG] [com.tterrag.registrate.AbstractRegistrate/REGISTRATE.REGISTER]: Registered create:item_throughput to registry ResourceKey[minecraft:root / create:display_source]
[23Nov2025 22:02:07.907] [main/DEBUG] [com.tterrag.registrate.AbstractRegistrate/REGISTRATE.REGISTER]: Registered create:count_items to registry ResourceKey[minecraft:root / create:display_source]
[23Nov2025 22:02:07.907] [main/DEBUG] [com.tterrag.registrate.AbstractRegistrate/REGISTRATE.REGISTER]: Registered create:list_items to registry ResourceKey[minecraft:root / create:display_source]
[23Nov2025 22:02:07.907] [main/DEBUG] [com.tterrag.registrate.AbstractRegistrate/REGISTRATE.REGISTER]: Registered create:count_fluids to registry ResourceKey[minecraft:root / create:display_source]
[23Nov2025 22:02:07.907] [main/DEBUG] [com.tterrag.registrate.AbstractRegistrate/REGISTRATE.REGISTER]: Registered create:list_fluids to registry ResourceKey[minecraft:root / create:display_source]
[23Nov2025 22:02:07.907] [main/DEBUG] [com.tterrag.registrate.AbstractRegistrate/REGISTRATE.REGISTER]: Registered create:read_package_address to registry ResourceKey[minecraft:root / create:display_source]
[23Nov2025 22:02:07.907] [main/DEBUG] [com.tterrag.registrate.AbstractRegistrate/REGISTRATE.REGISTER]: Registered create:computer to registry ResourceKey[minecraft:root / create:display_source]
[23Nov2025 22:02:07.908] [main/DEBUG] [com.tterrag.registrate.AbstractRegistrate/REGISTRATE.REGISTER]: Registering 4 known objects of type create:display_target
[23Nov2025 22:02:07.908] [main/DEBUG] [com.tterrag.registrate.AbstractRegistrate/REGISTRATE.REGISTER]: Registered create:sign to registry ResourceKey[minecraft:root / create:display_target]
[23Nov2025 22:02:07.908] [main/DEBUG] [com.tterrag.registrate.AbstractRegistrate/REGISTRATE.REGISTER]: Registered create:lectern to registry ResourceKey[minecraft:root / create:display_target]
[23Nov2025 22:02:07.908] [main/DEBUG] [com.tterrag.registrate.AbstractRegistrate/REGISTRATE.REGISTER]: Registered create:display_board to registry ResourceKey[minecraft:root / create:display_target]
[23Nov2025 22:02:07.908] [main/DEBUG] [com.tterrag.registrate.AbstractRegistrate/REGISTRATE.REGISTER]: Registered create:nixie_tube to registry ResourceKey[minecraft:root / create:display_target]
[23Nov2025 22:02:07.910] [main/DEBUG] [com.tterrag.registrate.AbstractRegistrate/REGISTRATE.REGISTER]: Registering 2 known objects of type create:mounted_fluid_storage_type
[23Nov2025 22:02:07.911] [main/DEBUG] [com.tterrag.registrate.AbstractRegistrate/REGISTRATE.REGISTER]: Registered create:fluid_tank to registry ResourceKey[minecraft:root / create:mounted_fluid_storage_type]
[23Nov2025 22:02:07.911] [main/DEBUG] [com.tterrag.registrate.AbstractRegistrate/REGISTRATE.REGISTER]: Registered create:creative_fluid_tank to registry ResourceKey[minecraft:root / create:mounted_fluid_storage_type]
[23Nov2025 22:02:07.912] [main/DEBUG] [com.tterrag.registrate.AbstractRegistrate/REGISTRATE.REGISTER]: Registering 8 known objects of type create:mounted_item_storage_type
[23Nov2025 22:02:07.913] [main/DEBUG] [com.tterrag.registrate.AbstractRegistrate/REGISTRATE.REGISTER]: Registered create:fallback to registry ResourceKey[minecraft:root / create:mounted_item_storage_type]
[23Nov2025 22:02:07.913] [main/DEBUG] [com.tterrag.registrate.AbstractRegistrate/REGISTRATE.REGISTER]: Registered create:creative_crate to registry ResourceKey[minecraft:root / create:mounted_item_storage_type]
[23Nov2025 22:02:07.914] [main/DEBUG] [com.tterrag.registrate.AbstractRegistrate/REGISTRATE.REGISTER]: Registered create:vault to registry ResourceKey[minecraft:root / create:mounted_item_storage_type]
[23Nov2025 22:02:07.917] [main/DEBUG] [com.tterrag.registrate.AbstractRegistrate/REGISTRATE.REGISTER]: Registered create:toolbox to registry ResourceKey[minecraft:root / create:mounted_item_storage_type]
[23Nov2025 22:02:07.917] [main/DEBUG] [com.tterrag.registrate.AbstractRegistrate/REGISTRATE.REGISTER]: Registered create:depot to registry ResourceKey[minecraft:root / create:mounted_item_storage_type]
[23Nov2025 22:02:07.918] [main/DEBUG] [com.tterrag.registrate.AbstractRegistrate/REGISTRATE.REGISTER]: Registered create:simple to registry ResourceKey[minecraft:root / create:mounted_item_storage_type]
[23Nov2025 22:02:07.918] [main/DEBUG] [com.tterrag.registrate.AbstractRegistrate/REGISTRATE.REGISTER]: Registered create:chest to registry ResourceKey[minecraft:root / create:mounted_item_storage_type]
[23Nov2025 22:02:07.918] [main/DEBUG] [com.tterrag.registrate.AbstractRegistrate/REGISTRATE.REGISTER]: Registered create:dispenser to registry ResourceKey[minecraft:root / create:mounted_item_storage_type]
[23Nov2025 22:02:07.929] [main/DEBUG] [com.tterrag.registrate.AbstractRegistrate/REGISTRATE.REGISTER]: Registering 4 known objects of type forge:fluid_type
[23Nov2025 22:02:07.929] [main/DEBUG] [com.tterrag.registrate.AbstractRegistrate/REGISTRATE.REGISTER]: Registered create:potion to registry ResourceKey[minecraft:root / forge:fluid_type]
[23Nov2025 22:02:07.929] [main/DEBUG] [com.tterrag.registrate.AbstractRegistrate/REGISTRATE.REGISTER]: Registered create:tea to registry ResourceKey[minecraft:root / forge:fluid_type]
[23Nov2025 22:02:07.929] [main/DEBUG] [com.tterrag.registrate.AbstractRegistrate/REGISTRATE.REGISTER]: Registered create:honey to registry ResourceKey[minecraft:root / forge:fluid_type]
[23Nov2025 22:02:07.929] [main/DEBUG] [com.tterrag.registrate.AbstractRegistrate/REGISTRATE.REGISTER]: Registered create:chocolate to registry ResourceKey[minecraft:root / forge:fluid_type]
[23Nov2025 22:02:07.992] [main/DEBUG] [net.minecraftforge.fml.config.ConfigTracker/CONFIG]: Loading configs type COMMON
[23Nov2025 22:02:07.992] [main/DEBUG] [net.minecraftforge.fml.config.ConfigFileTypeHandler/CONFIG]: Built TOML config for /workspaces/expert-doodle/servidor_minecraft/config/farmersdelight-common.toml
[23Nov2025 22:02:07.993] [main/DEBUG] [net.minecraftforge.fml.config.ConfigFileTypeHandler/CONFIG]: Loaded TOML config file /workspaces/expert-doodle/servidor_minecraft/config/farmersdelight-common.toml
[23Nov2025 22:02:07.999] [main/DEBUG] [net.minecraftforge.fml.config.ConfigFileTypeHandler/CONFIG]: Watching TOML config file /workspaces/expert-doodle/servidor_minecraft/config/farmersdelight-common.toml for changes
[23Nov2025 22:02:08.000] [Thread-1/DEBUG] [net.minecraftforge.fml.config.ConfigFileTypeHandler/CONFIG]: Config file farmersdelight-common.toml changed, sending notifies
[23Nov2025 22:02:08.001] [main/DEBUG] [net.minecraftforge.fml.config.ConfigFileTypeHandler/CONFIG]: Built TOML config for /workspaces/expert-doodle/servidor_minecraft/config/tacz-common.toml
[23Nov2025 22:02:08.001] [Thread-1/DEBUG] [net.minecraftforge.fml.config.ConfigFileTypeHandler/CONFIG]: Config file farmersdelight-common.toml changed, sending notifies
[23Nov2025 22:02:08.001] [main/DEBUG] [net.minecraftforge.fml.config.ConfigFileTypeHandler/CONFIG]: Loaded TOML config file /workspaces/expert-doodle/servidor_minecraft/config/tacz-common.toml
[23Nov2025 22:02:08.001] [main/DEBUG] [net.minecraftforge.fml.config.ConfigFileTypeHandler/CONFIG]: Watching TOML config file /workspaces/expert-doodle/servidor_minecraft/config/tacz-common.toml for changes
[23Nov2025 22:02:08.002] [Thread-1/DEBUG] [net.minecraftforge.fml.config.ConfigFileTypeHandler/CONFIG]: Config file tacz-common.toml changed, sending notifies
[23Nov2025 22:02:08.002] [main/DEBUG] [net.minecraftforge.fml.config.ConfigFileTypeHandler/CONFIG]: Built TOML config for /workspaces/expert-doodle/servidor_minecraft/config/sophisticatedcore-common.toml
[23Nov2025 22:02:08.002] [Thread-1/DEBUG] [net.minecraftforge.fml.config.ConfigFileTypeHandler/CONFIG]: Config file tacz-common.toml changed, sending notifies
[23Nov2025 22:02:08.002] [main/DEBUG] [net.minecraftforge.fml.config.ConfigFileTypeHandler/CONFIG]: Loaded TOML config file /workspaces/expert-doodle/servidor_minecraft/config/sophisticatedcore-common.toml
[23Nov2025 22:02:08.003] [main/DEBUG] [net.minecraftforge.fml.config.ConfigFileTypeHandler/CONFIG]: Watching TOML config file /workspaces/expert-doodle/servidor_minecraft/config/sophisticatedcore-common.toml for changes
[23Nov2025 22:02:08.003] [Thread-1/DEBUG] [net.minecraftforge.fml.config.ConfigFileTypeHandler/CONFIG]: Config file sophisticatedcore-common.toml changed, sending notifies
[23Nov2025 22:02:08.004] [main/DEBUG] [net.minecraftforge.fml.config.ConfigFileTypeHandler/CONFIG]: Built TOML config for /workspaces/expert-doodle/servidor_minecraft/config/overweight_farming-common.toml
[23Nov2025 22:02:08.004] [main/DEBUG] [net.minecraftforge.fml.config.ConfigFileTypeHandler/CONFIG]: Loaded TOML config file /workspaces/expert-doodle/servidor_minecraft/config/overweight_farming-common.toml
[23Nov2025 22:02:08.004] [Thread-1/DEBUG] [net.minecraftforge.fml.config.ConfigFileTypeHandler/CONFIG]: Config file sophisticatedcore-common.toml changed, sending notifies
[23Nov2025 22:02:08.004] [main/DEBUG] [net.minecraftforge.fml.config.ConfigFileTypeHandler/CONFIG]: Watching TOML config file /workspaces/expert-doodle/servidor_minecraft/config/overweight_farming-common.toml for changes
[23Nov2025 22:02:08.005] [main/DEBUG] [net.minecraftforge.fml.config.ConfigFileTypeHandler/CONFIG]: Built TOML config for /workspaces/expert-doodle/servidor_minecraft/config/rusticdelight-common.toml
[23Nov2025 22:02:08.005] [main/DEBUG] [net.minecraftforge.fml.config.ConfigFileTypeHandler/CONFIG]: Loaded TOML config file /workspaces/expert-doodle/servidor_minecraft/config/rusticdelight-common.toml
[23Nov2025 22:02:08.005] [Thread-1/DEBUG] [net.minecraftforge.fml.config.ConfigFileTypeHandler/CONFIG]: Config file overweight_farming-common.toml changed, sending notifies
[23Nov2025 22:02:08.005] [main/DEBUG] [net.minecraftforge.fml.config.ConfigFileTypeHandler/CONFIG]: Watching TOML config file /workspaces/expert-doodle/servidor_minecraft/config/rusticdelight-common.toml for changes
[23Nov2025 22:02:08.005] [Thread-1/DEBUG] [net.minecraftforge.fml.config.ConfigFileTypeHandler/CONFIG]: Config file rusticdelight-common.toml changed, sending notifies
[23Nov2025 22:02:08.006] [main/DEBUG] [net.minecraftforge.fml.config.ConfigFileTypeHandler/CONFIG]: Built TOML config for /workspaces/expert-doodle/servidor_minecraft/config/sophisticatedbackpacks-common.toml
[23Nov2025 22:02:08.006] [Thread-1/DEBUG] [net.minecraftforge.fml.config.ConfigFileTypeHandler/CONFIG]: Config file rusticdelight-common.toml changed, sending notifies
[23Nov2025 22:02:08.006] [main/DEBUG] [net.minecraftforge.fml.config.ConfigFileTypeHandler/CONFIG]: Loaded TOML config file /workspaces/expert-doodle/servidor_minecraft/config/sophisticatedbackpacks-common.toml
[23Nov2025 22:02:08.006] [main/DEBUG] [net.minecraftforge.fml.config.ConfigFileTypeHandler/CONFIG]: Watching TOML config file /workspaces/expert-doodle/servidor_minecraft/config/sophisticatedbackpacks-common.toml for changes
[23Nov2025 22:02:08.006] [Thread-1/DEBUG] [net.minecraftforge.fml.config.ConfigFileTypeHandler/CONFIG]: Config file sophisticatedbackpacks-common.toml changed, sending notifies
[23Nov2025 22:02:08.007] [main/DEBUG] [net.minecraftforge.fml.config.ConfigFileTypeHandler/CONFIG]: Built TOML config for /workspaces/expert-doodle/servidor_minecraft/config/create-common.toml
[23Nov2025 22:02:08.007] [Thread-1/DEBUG] [net.minecraftforge.fml.config.ConfigFileTypeHandler/CONFIG]: Config file sophisticatedbackpacks-common.toml changed, sending notifies
[23Nov2025 22:02:08.007] [main/DEBUG] [net.minecraftforge.fml.config.ConfigFileTypeHandler/CONFIG]: Loaded TOML config file /workspaces/expert-doodle/servidor_minecraft/config/create-common.toml
[23Nov2025 22:02:08.007] [main/DEBUG] [net.minecraftforge.fml.config.ConfigFileTypeHandler/CONFIG]: Watching TOML config file /workspaces/expert-doodle/servidor_minecraft/config/create-common.toml for changes
[23Nov2025 22:02:08.008] [Thread-1/DEBUG] [net.minecraftforge.fml.config.ConfigFileTypeHandler/CONFIG]: Config file create-common.toml changed, sending notifies
[23Nov2025 22:02:08.008] [Thread-1/DEBUG] [net.minecraftforge.fml.config.ConfigFileTypeHandler/CONFIG]: Config file create-common.toml changed, sending notifies
[23Nov2025 22:02:08.023] [modloading-worker-0/DEBUG] [mixin/]: Mixing accessor.FluidInteractionRegistryAccessor from create.mixins.json into net.minecraftforge.fluids.FluidInteractionRegistry
[23Nov2025 22:02:08.024] [modloading-worker-0/DEBUG] [mixin/]: Renaming @Accessor method getInteractions()Ljava/util/Map; to getInteractions_$md$4b03bc$0 in create.mixins.json:accessor.FluidInteractionRegistryAccessor
[23Nov2025 22:02:08.071] [main/DEBUG] [net.minecraftforge.fml.DeferredWorkQueue/LOADING]: Dispatching synchronous work for work queue COMMON_SETUP: 15 jobs
[23Nov2025 22:02:08.280] [main/INFO] [tacz/SYNCED_ENTITY_DATA_TAC_COPY]: Registered synced data key tacz:shoot_cool_down for minecraft:living_entity
[23Nov2025 22:02:08.280] [main/INFO] [tacz/SYNCED_ENTITY_DATA_TAC_COPY]: Registered synced data key tacz:melee_cool_down for minecraft:living_entity
[23Nov2025 22:02:08.280] [main/INFO] [tacz/SYNCED_ENTITY_DATA_TAC_COPY]: Registered synced data key tacz:reload_state for minecraft:living_entity
[23Nov2025 22:02:08.280] [main/INFO] [tacz/SYNCED_ENTITY_DATA_TAC_COPY]: Registered synced data key tacz:aiming_progress for minecraft:living_entity
[23Nov2025 22:02:08.280] [main/INFO] [tacz/SYNCED_ENTITY_DATA_TAC_COPY]: Registered synced data key tacz:draw_cool_down for minecraft:living_entity
[23Nov2025 22:02:08.280] [main/INFO] [tacz/SYNCED_ENTITY_DATA_TAC_COPY]: Registered synced data key tacz:is_aiming for minecraft:living_entity
[23Nov2025 22:02:08.281] [main/INFO] [tacz/SYNCED_ENTITY_DATA_TAC_COPY]: Registered synced data key tacz:sprint_time for minecraft:living_entity
[23Nov2025 22:02:08.281] [main/INFO] [tacz/SYNCED_ENTITY_DATA_TAC_COPY]: Registered synced data key tacz:is_bolting for minecraft:living_entity
[23Nov2025 22:02:08.283] [main/INFO] [tacz/SYNCED_ENTITY_DATA_TAC_COPY]: Registered synced data key tacz:throwable_using for minecraft:living_entity
[23Nov2025 22:02:08.289] [main/DEBUG] [net.minecraftforge.fml.config.ConfigTracker/CONFIG]: Config file some_assembly_required-server.toml for some_assembly_required tracking
[23Nov2025 22:02:08.356] [main/DEBUG] [net.minecraftforge.fml.DeferredWorkQueue/LOADING]: Synchronous work queue completed in 284.1 ms
[23Nov2025 22:02:08.361] [main/DEBUG] [net.minecraftforge.fml.DeferredWorkQueue/LOADING]: Dispatching synchronous work for work queue ENQUEUE_IMC: 4 jobs
[23Nov2025 22:02:08.363] [main/DEBUG] [net.minecraftforge.fml.DeferredWorkQueue/LOADING]: Synchronous work queue completed in 1.386 ms
[23Nov2025 22:02:08.402] [modloading-worker-0/INFO] [Jade/]: Start loading plugin at snownee.jade.addon.vanilla.VanillaPlugin
[23Nov2025 22:02:08.429] [modloading-worker-0/INFO] [Jade/]: Start loading plugin at snownee.jade.addon.universal.UniversalPlugin
[23Nov2025 22:02:08.434] [modloading-worker-0/INFO] [Jade/]: Start loading plugin at snownee.jade.addon.core.CorePlugin
[23Nov2025 22:02:08.598] [main/DEBUG] [net.minecraftforge.fml.DeferredWorkQueue/LOADING]: Dispatching synchronous work for work queue COMPLETE: 1 jobs
[23Nov2025 22:02:08.601] [main/DEBUG] [net.minecraftforge.fml.DeferredWorkQueue/LOADING]: Synchronous work queue completed in 2.733 ms
[23Nov2025 22:02:08.741] [Forge Version Check/INFO] [net.minecraftforge.fml.VersionChecker/]: [forge] Starting version check at https://files.minecraftforge.net/net/minecraftforge/forge/promotions_slim.json
[23Nov2025 22:02:09.135] [Forge Version Check/DEBUG] [net.minecraftforge.fml.VersionChecker/]: [forge] Received version check data:
{
  "homepage": "https://files.minecraftforge.net/net/minecraftforge/forge/",
  "promos": {
    "1.1-latest": "1.3.4.29",
    "1.2.3-latest": "1.4.1.64",
    "1.2.4-latest": "2.0.0.68",
    "1.2.5-latest": "3.4.9.171",
    "1.3.2-latest": "4.3.5.318",
    "1.4.0-latest": "5.0.0.326",
    "1.4.1-latest": "6.0.0.329",
    "1.4.2-latest": "6.0.1.355",
    "1.4.3-latest": "6.2.1.358",
    "1.4.4-latest": "6.3.0.378",
    "1.4.5-latest": "6.4.2.448",
    "1.4.6-latest": "6.5.0.489",
    "1.4.7-latest": "6.6.2.534",
    "1.5-latest": "7.7.0.598",
    "1.5.1-latest": "7.7.2.682",
    "1.5.2-latest": "7.8.1.738",
    "1.5.2-recommended": "7.8.1.738",
    "1.6.1-latest": "8.9.0.775",
    "1.6.2-latest": "9.10.1.871",
    "1.6.2-recommended": "9.10.1.871",
    "1.6.3-latest": "9.11.0.878",
    "1.6.4-latest": "9.11.1.1345",
    "1.6.4-recommended": "9.11.1.1345",
    "1.7.2-latest": "10.12.2.1161",
    "1.7.2-recommended": "10.12.2.1161",
    "1.7.10_pre4-latest": "10.12.2.1149",
    "1.7.10-latest": "10.13.4.1614",
    "1.7.10-recommended": "10.13.4.1614",
    "1.8-latest": "11.14.4.1577",
    "1.8-recommended": "11.14.4.1563",
    "1.8.8-latest": "11.15.0.1655",
    "1.8.9-latest": "11.15.1.2318",
    "1.8.9-recommended": "11.15.1.2318",
    "1.9-latest": "12.16.1.1938",
    "1.9-recommended": "12.16.1.1887",
    "1.9.4-latest": "12.17.0.2317",
    "1.9.4-recommended": "12.17.0.2317",
    "1.10-latest": "12.18.0.2000",
    "1.10.2-latest": "12.18.3.2511",
    "1.10.2-recommended": "12.18.3.2511",
    "1.11-latest": "13.19.1.2199",
    "1.11-recommended": "13.19.1.2189",
    "1.11.2-latest": "13.20.1.2588",
    "1.11.2-recommended": "13.20.1.2588",
    "1.12-latest": "14.21.1.2443",
    "1.12-recommended": "14.21.1.2387",
    "1.12.1-latest": "14.22.1.2485",
    "1.12.1-recommended": "14.22.1.2478",
    "1.12.2-latest": "14.23.5.2860",
    "1.12.2-recommended": "14.23.5.2859",
    "1.13.2-latest": "25.0.223",
    "1.14.2-latest": "26.0.63",
    "1.14.3-latest": "27.0.60",
    "1.14.4-latest": "28.2.26",
    "1.14.4-recommended": "28.2.26",
    "1.15-latest": "29.0.4",
    "1.15.1-latest": "30.0.51",
    "1.15.2-latest": "31.2.60",
    "1.15.2-recommended": "31.2.57",
    "1.16.1-latest": "32.0.108",
    "1.16.2-latest": "33.0.61",
    "1.16.3-latest": "34.1.42",
    "1.16.3-recommended": "34.1.0",
    "1.16.4-latest": "35.1.37",
    "1.16.4-recommended": "35.1.4",
    "1.16.5-latest": "36.2.42",
    "1.16.5-recommended": "36.2.34",
    "1.17.1-latest": "37.1.1",
    "1.17.1-recommended": "37.1.1",
    "1.18-latest": "38.0.17",
    "1.18.1-latest": "39.1.2",
    "1.18.1-recommended": "39.1.0",
    "1.18.2-recommended": "40.3.0",
    "1.18.2-latest": "40.3.11",
    "1.19-latest": "41.1.0",
    "1.19-recommended": "41.1.0",
    "1.19.1-latest": "42.0.9",
    "1.19.2-recommended": "43.5.0",
    "1.19.2-latest": "43.5.1",
    "1.19.3-latest": "44.1.23",
    "1.19.3-recommended": "44.1.0",
    "1.19.4-recommended": "45.4.0",
    "1.19.4-latest": "45.4.2",
    "1.20-latest": "46.0.14",
    "1.20.1-recommended": "47.4.10",
    "1.20.1-latest": "47.4.11",
    "1.20.2-latest": "48.1.0",
    "1.20.2-recommended": "48.1.0",
    "1.20.3-latest": "49.0.2",
    "1.20.4-latest": "49.2.2",
    "1.20.4-recommended": "49.2.0",
    "1.20.6-latest": "50.2.2",
    "1.20.6-recommended": "50.2.0",
    "1.21-latest": "51.0.33",
    "1.21.1-latest": "52.1.6",
    "1.21.1-recommended": "52.1.0",
    "1.21.3-latest": "53.1.4",
    "1.21.3-recommended": "53.1.0",
    "1.21.4-latest": "54.1.8",
    "1.21.4-recommended": "54.1.0",
    "1.21.5-latest": "55.1.2",
    "1.21.5-recommended": "55.1.0",
    "1.21.6-latest": "56.0.9",
    "1.21.7-latest": "57.0.3",
    "1.21.8-latest": "58.1.9",
    "1.21.8-recommended": "58.1.0",
    "1.21.9-latest": "59.0.5",
    "1.21.10-latest": "60.1.0",
    "1.21.10-recommended": "60.1.0"
  }
}
[23Nov2025 22:02:09.137] [Forge Version Check/INFO] [net.minecraftforge.fml.VersionChecker/]: [forge] Found status: OUTDATED Current: 47.3.7 Target: 47.4.10
[23Nov2025 22:02:11.537] [main/INFO] [com.mojang.authlib.yggdrasil.YggdrasilAuthenticationService/]: Environment: authHost='https://authserver.mojang.com', accountsHost='https://api.mojang.com', sessionHost='https://sessionserver.mojang.com', servicesHost='https://api.minecraftservices.com', name='PROD'
[23Nov2025 22:02:11.599] [main/DEBUG] [mixin/]: Mixing accessor.NbtAccounterAccessor from create.mixins.json into net.minecraft.nbt.NbtAccounter
[23Nov2025 22:02:13.221] [main/WARN] [net.minecraft.server.packs.VanillaPackResourcesBuilder/]: Assets URL 'union:/workspaces/expert-doodle/servidor_minecraft/libraries/net/minecraft/server/1.20.1-20230612.114412/server-1.20.1-20230612.114412-srg.jar%23135!/assets/.mcassetsroot' uses unexpected schema
[23Nov2025 22:02:13.222] [main/WARN] [net.minecraft.server.packs.VanillaPackResourcesBuilder/]: Assets URL 'union:/workspaces/expert-doodle/servidor_minecraft/libraries/net/minecraft/server/1.20.1-20230612.114412/server-1.20.1-20230612.114412-srg.jar%23135!/data/.mcassetsroot' uses unexpected schema
[23Nov2025 22:02:13.302] [main/INFO] [com.simibubi.create.Create/]: Created 168 recipes which will be injected into the game
[23Nov2025 22:02:13.320] [main/INFO] [com.simibubi.create.Create/]: Created 0 tags which will be injected into the game
[23Nov2025 22:02:13.372] [main/DEBUG] [net.minecraftforge.fml.config.ConfigTracker/CONFIG]: Config file tacz-pre.toml for minecraft tracking
[23Nov2025 22:02:13.372] [main/DEBUG] [net.minecraftforge.fml.config.ConfigFileTypeHandler/CONFIG]: Built TOML config for /workspaces/expert-doodle/servidor_minecraft/tacz/tacz-pre.toml
[23Nov2025 22:02:13.373] [main/DEBUG] [net.minecraftforge.fml.config.ConfigFileTypeHandler/CONFIG]: Loaded TOML config file /workspaces/expert-doodle/servidor_minecraft/tacz/tacz-pre.toml
[23Nov2025 22:02:13.374] [main/DEBUG] [net.minecraftforge.fml.config.ConfigFileTypeHandler/CONFIG]: Watching TOML config file /workspaces/expert-doodle/servidor_minecraft/tacz/tacz-pre.toml for changes
[23Nov2025 22:02:13.375] [Thread-1/DEBUG] [net.minecraftforge.fml.config.ConfigFileTypeHandler/CONFIG]: Config file tacz-pre.toml changed, sending notifies
[23Nov2025 22:02:29.662] [main/INFO] [tacz/GunPackFinder]: Start scanning for gun packs in /workspaces/expert-doodle/servidor_minecraft/tacz
[23Nov2025 22:02:29.665] [main/INFO] [tacz/GunPackFinder]: - tacz_default_gun, Main namespace: tacz
[23Nov2025 22:02:29.665] [main/INFO] [tacz/GunPackFinder]: Found 1 possible gunpack(s) and added them to resource set.
[23Nov2025 22:02:29.779] [main/DEBUG] [net.minecraftforge.server.ServerLifecycleHooks/CORE]: Generating PackInfo named mod:farmersdelight for mod file /workspaces/expert-doodle/servidor_minecraft/mods/FarmersDelight-1.20.1-1.2.9.jar
[23Nov2025 22:02:29.779] [main/DEBUG] [net.minecraftforge.server.ServerLifecycleHooks/CORE]: Generating PackInfo named mod:jade for mod file /workspaces/expert-doodle/servidor_minecraft/mods/Jade-1.20.1-Forge-11.13.2.jar
[23Nov2025 22:02:29.779] [main/DEBUG] [net.minecraftforge.server.ServerLifecycleHooks/CORE]: Generating PackInfo named mod:pizzadelight for mod file /workspaces/expert-doodle/servidor_minecraft/mods/pizzadelight-1.20.1-1.0.2.jar
[23Nov2025 22:02:29.780] [main/DEBUG] [net.minecraftforge.server.ServerLifecycleHooks/CORE]: Generating PackInfo named mod:jei for mod file /workspaces/expert-doodle/servidor_minecraft/mods/jei-1.20.1-forge-15.20.0.118.jar
[23Nov2025 22:02:29.780] [main/DEBUG] [net.minecraftforge.server.ServerLifecycleHooks/CORE]: Generating PackInfo named mod:tacz for mod file /workspaces/expert-doodle/servidor_minecraft/mods/tacz-1.20.1-1.1.6-hotfix.jar
[23Nov2025 22:02:29.780] [main/DEBUG] [net.minecraftforge.server.ServerLifecycleHooks/CORE]: Generating PackInfo named mod:sophisticatedcore for mod file /workspaces/expert-doodle/servidor_minecraft/mods/sophisticatedcore-1.20.1-1.2.107.1240.jar
[23Nov2025 22:02:29.780] [main/DEBUG] [net.minecraftforge.server.ServerLifecycleHooks/CORE]: Generating PackInfo named mod:flywheel for mod file 
[23Nov2025 22:02:29.781] [main/DEBUG] [net.minecraftforge.server.ServerLifecycleHooks/CORE]: Generating PackInfo named mod:ponder for mod file 
[23Nov2025 22:02:29.781] [main/DEBUG] [net.minecraftforge.server.ServerLifecycleHooks/CORE]: Generating PackInfo named mod:create for mod file /workspaces/expert-doodle/servidor_minecraft/mods/create-1.20.1-6.0.8.jar
[23Nov2025 22:02:29.781] [main/DEBUG] [net.minecraftforge.server.ServerLifecycleHooks/CORE]: Generating PackInfo named mod:mynethersdelight for mod file /workspaces/expert-doodle/servidor_minecraft/mods/MyNethersDelight-1.20.1-0.1.8.jar
[23Nov2025 22:02:29.781] [main/DEBUG] [net.minecraftforge.server.ServerLifecycleHooks/CORE]: Generating PackInfo named mod:some_assembly_required for mod file /workspaces/expert-doodle/servidor_minecraft/mods/some-assembly-required-1.20.1-4.2.2.jar
[23Nov2025 22:02:29.781] [main/DEBUG] [net.minecraftforge.server.ServerLifecycleHooks/CORE]: Generating PackInfo named mod:mixinextras for mod file 
[23Nov2025 22:02:29.782] [main/DEBUG] [net.minecraftforge.server.ServerLifecycleHooks/CORE]: Generating PackInfo named mod:overweight_farming for mod file /workspaces/expert-doodle/servidor_minecraft/mods/overweightfarming-1.20.1-2.1.0-forge.jar
[23Nov2025 22:02:29.782] [main/DEBUG] [net.minecraftforge.server.ServerLifecycleHooks/CORE]: Generating PackInfo named mod:sophisticatedbackpacks for mod file /workspaces/expert-doodle/servidor_minecraft/mods/sophisticatedbackpacks-1.20.1-3.24.12.1411.jar
[23Nov2025 22:02:29.782] [main/DEBUG] [net.minecraftforge.server.ServerLifecycleHooks/CORE]: Generating PackInfo named mod:rusticdelight for mod file /workspaces/expert-doodle/servidor_minecraft/mods/rusticdelight-forge-1.20.1-1.4.1.jar
[23Nov2025 22:02:29.782] [main/DEBUG] [net.minecraftforge.server.ServerLifecycleHooks/CORE]: Generating PackInfo named mod:architectury for mod file /workspaces/expert-doodle/servidor_minecraft/mods/architectury-9.2.14-forge.jar
[23Nov2025 22:02:29.783] [main/DEBUG] [net.minecraftforge.server.ServerLifecycleHooks/CORE]: Generating PackInfo named mod:doapi for mod file /workspaces/expert-doodle/servidor_minecraft/mods/letsdo-API-forge-1.2.15-forge.jar
[23Nov2025 22:02:29.783] [main/DEBUG] [net.minecraftforge.server.ServerLifecycleHooks/CORE]: Generating PackInfo named mod:bakery for mod file /workspaces/expert-doodle/servidor_minecraft/mods/letsdo-bakery-forge-1.1.15.jar
[23Nov2025 22:02:29.783] [main/DEBUG] [net.minecraftforge.server.ServerLifecycleHooks/CORE]: Generating PackInfo named mod:cloth_config for mod file /workspaces/expert-doodle/servidor_minecraft/mods/cloth-config-11.1.136-forge.jar
[23Nov2025 22:02:29.783] [main/DEBUG] [net.minecraftforge.server.ServerLifecycleHooks/CORE]: Generating PackInfo named mod:forge for mod file /workspaces/expert-doodle/servidor_minecraft/libraries/net/minecraftforge/forge/1.20.1-47.3.7/forge-1.20.1-47.3.7-universal.jar
[23Nov2025 22:02:29.784] [main/DEBUG] [net.minecraftforge.server.ServerLifecycleHooks/CORE]: Generating PackInfo named mod:farm_and_charm for mod file /workspaces/expert-doodle/servidor_minecraft/mods/letsdo-farm_and_charm-forge-1.0.14.jar
[23Nov2025 22:02:30.762] [main/DEBUG] [net.minecraftforge.coremod.transformer.CoreModBaseTransformer/COREMOD]: Transforming net/minecraft/server/commands/SummonCommand
[23Nov2025 22:02:31.187] [Worker-Main-3/ERROR] [net.minecraft.tags.TagLoader/]: Couldn't load tag pizzadelight:sliced_ingredients as it is missing following references: pizzadelight:pepper_slice (from pizzadelight-1.20.1-1.0.2.jar)
[23Nov2025 22:02:31.393] [Worker-Main-2/DEBUG] [net.minecraftforge.coremod.transformer.CoreModBaseTransformer/COREMOD]: Transforming net/minecraft/world/entity/raid/Raid
[23Nov2025 22:02:31.507] [Worker-Main-2/ERROR] [net.minecraftforge.common.ForgeHooks/]: Couldn't parse element loot_tables:overweight_farming:blocks/overweight_kiwi_block
com.google.gson.JsonSyntaxException: Expected name to be an item, was unknown string 'hedgehog:kiwi'
	at net.minecraft.util.GsonHelper.m_13866_(GsonHelper.java:145) ~[server-1.20.1-20230612.114412-srg.jar%23135!/:?]
	at java.util.Optional.orElseThrow(Optional.java:403) ~[?:?]
	at net.minecraft.util.GsonHelper.m_13874_(GsonHelper.java:145) ~[server-1.20.1-20230612.114412-srg.jar%23135!/:?]
	at net.minecraft.util.GsonHelper.m_13909_(GsonHelper.java:153) ~[server-1.20.1-20230612.114412-srg.jar%23135!/:?]
	at net.minecraft.world.level.storage.loot.entries.LootItem$Serializer.m_7267_(LootItem.java:55) ~[server-1.20.1-20230612.114412-srg.jar%23135!/:?]
	at net.minecraft.world.level.storage.loot.entries.LootItem$Serializer.m_7267_(LootItem.java:40) ~[server-1.20.1-20230612.114412-srg.jar%23135!/:?]
	at net.minecraft.world.level.storage.loot.entries.LootPoolSingletonContainer$Serializer.m_5921_(LootPoolSingletonContainer.java:151) ~[server-1.20.1-20230612.114412-srg.jar%23135!/:?]
	at net.minecraft.world.level.storage.loot.entries.LootPoolSingletonContainer$Serializer.m_5921_(LootPoolSingletonContainer.java:129) ~[server-1.20.1-20230612.114412-srg.jar%23135!/:?]
	at net.minecraft.world.level.storage.loot.entries.LootPoolEntryContainer$Serializer.m_7561_(LootPoolEntryContainer.java:86) ~[server-1.20.1-20230612.114412-srg.jar%23135!/:?]
	at net.minecraft.world.level.storage.loot.entries.LootPoolEntryContainer$Serializer.m_7561_(LootPoolEntryContainer.java:74) ~[server-1.20.1-20230612.114412-srg.jar%23135!/:?]
	at net.minecraft.world.level.storage.loot.GsonAdapterFactory$JsonAdapter.deserialize(GsonAdapterFactory.java:102) ~[server-1.20.1-20230612.114412-srg.jar%23135!/:?]
	at com.google.gson.internal.bind.TreeTypeAdapter.read(TreeTypeAdapter.java:76) ~[gson-2.10.jar%2372!/:?]
	at com.google.gson.internal.bind.TypeAdapterRuntimeTypeWrapper.read(TypeAdapterRuntimeTypeWrapper.java:40) ~[gson-2.10.jar%2372!/:?]
	at com.google.gson.internal.bind.ArrayTypeAdapter.read(ArrayTypeAdapter.java:72) ~[gson-2.10.jar%2372!/:?]
	at com.google.gson.Gson.fromJson(Gson.java:1214) ~[gson-2.10.jar%2372!/:?]
	at com.google.gson.Gson.fromJson(Gson.java:1319) ~[gson-2.10.jar%2372!/:?]
	at com.google.gson.Gson.fromJson(Gson.java:1290) ~[gson-2.10.jar%2372!/:?]
	at com.google.gson.internal.bind.TreeTypeAdapter$GsonContextImpl.deserialize(TreeTypeAdapter.java:179) ~[gson-2.10.jar%2372!/:?]
	at net.minecraft.util.GsonHelper.m_13808_(GsonHelper.java:463) ~[server-1.20.1-20230612.114412-srg.jar%23135!/:?]
	at net.minecraft.util.GsonHelper.m_13836_(GsonHelper.java:471) ~[server-1.20.1-20230612.114412-srg.jar%23135!/:?]
	at net.minecraft.world.level.storage.loot.entries.CompositeEntryBase$1.m_5921_(CompositeEntryBase.java:61) ~[server-1.20.1-20230612.114412-srg.jar%23135!/:?]
	at net.minecraft.world.level.storage.loot.entries.CompositeEntryBase$1.m_5921_(CompositeEntryBase.java:53) ~[server-1.20.1-20230612.114412-srg.jar%23135!/:?]
	at net.minecraft.world.level.storage.loot.entries.LootPoolEntryContainer$Serializer.m_7561_(LootPoolEntryContainer.java:86) ~[server-1.20.1-20230612.114412-srg.jar%23135!/:?]
	at net.minecraft.world.level.storage.loot.entries.LootPoolEntryContainer$Serializer.m_7561_(LootPoolEntryContainer.java:74) ~[server-1.20.1-20230612.114412-srg.jar%23135!/:?]
	at net.minecraft.world.level.storage.loot.GsonAdapterFactory$JsonAdapter.deserialize(GsonAdapterFactory.java:102) ~[server-1.20.1-20230612.114412-srg.jar%23135!/:?]
	at com.google.gson.internal.bind.TreeTypeAdapter.read(TreeTypeAdapter.java:76) ~[gson-2.10.jar%2372!/:?]
	at com.google.gson.internal.bind.TypeAdapterRuntimeTypeWrapper.read(TypeAdapterRuntimeTypeWrapper.java:40) ~[gson-2.10.jar%2372!/:?]
	at com.google.gson.internal.bind.ArrayTypeAdapter.read(ArrayTypeAdapter.java:72) ~[gson-2.10.jar%2372!/:?]
	at com.google.gson.Gson.fromJson(Gson.java:1214) ~[gson-2.10.jar%2372!/:?]
	at com.google.gson.Gson.fromJson(Gson.java:1319) ~[gson-2.10.jar%2372!/:?]
	at com.google.gson.Gson.fromJson(Gson.java:1290) ~[gson-2.10.jar%2372!/:?]
	at com.google.gson.internal.bind.TreeTypeAdapter$GsonContextImpl.deserialize(TreeTypeAdapter.java:179) ~[gson-2.10.jar%2372!/:?]
	at net.minecraft.util.GsonHelper.m_13808_(GsonHelper.java:463) ~[server-1.20.1-20230612.114412-srg.jar%23135!/:?]
	at net.minecraft.util.GsonHelper.m_13836_(GsonHelper.java:471) ~[server-1.20.1-20230612.114412-srg.jar%23135!/:?]
	at net.minecraft.world.level.storage.loot.entries.CompositeEntryBase$1.m_5921_(CompositeEntryBase.java:61) ~[server-1.20.1-20230612.114412-srg.jar%23135!/:?]
	at net.minecraft.world.level.storage.loot.entries.CompositeEntryBase$1.m_5921_(CompositeEntryBase.java:53) ~[server-1.20.1-20230612.114412-srg.jar%23135!/:?]
	at net.minecraft.world.level.storage.loot.entries.LootPoolEntryContainer$Serializer.m_7561_(LootPoolEntryContainer.java:86) ~[server-1.20.1-20230612.114412-srg.jar%23135!/:?]
	at net.minecraft.world.level.storage.loot.entries.LootPoolEntryContainer$Serializer.m_7561_(LootPoolEntryContainer.java:74) ~[server-1.20.1-20230612.114412-srg.jar%23135!/:?]
	at net.minecraft.world.level.storage.loot.GsonAdapterFactory$JsonAdapter.deserialize(GsonAdapterFactory.java:102) ~[server-1.20.1-20230612.114412-srg.jar%23135!/:?]
	at com.google.gson.internal.bind.TreeTypeAdapter.read(TreeTypeAdapter.java:76) ~[gson-2.10.jar%2372!/:?]
	at com.google.gson.internal.bind.TypeAdapterRuntimeTypeWrapper.read(TypeAdapterRuntimeTypeWrapper.java:40) ~[gson-2.10.jar%2372!/:?]
	at com.google.gson.internal.bind.ArrayTypeAdapter.read(ArrayTypeAdapter.java:72) ~[gson-2.10.jar%2372!/:?]
	at com.google.gson.Gson.fromJson(Gson.java:1214) ~[gson-2.10.jar%2372!/:?]
	at com.google.gson.Gson.fromJson(Gson.java:1319) ~[gson-2.10.jar%2372!/:?]
	at com.google.gson.Gson.fromJson(Gson.java:1290) ~[gson-2.10.jar%2372!/:?]
	at com.google.gson.internal.bind.TreeTypeAdapter$GsonContextImpl.deserialize(TreeTypeAdapter.java:179) ~[gson-2.10.jar%2372!/:?]
	at net.minecraft.util.GsonHelper.m_13808_(GsonHelper.java:463) ~[server-1.20.1-20230612.114412-srg.jar%23135!/:?]
	at net.minecraft.util.GsonHelper.m_13836_(GsonHelper.java:471) ~[server-1.20.1-20230612.114412-srg.jar%23135!/:?]
	at net.minecraft.world.level.storage.loot.LootPool$Serializer.deserialize(LootPool.java:192) ~[server-1.20.1-20230612.114412-srg.jar%23135!/:?]
	at net.minecraft.world.level.storage.loot.LootPool$Serializer.deserialize(LootPool.java:189) ~[server-1.20.1-20230612.114412-srg.jar%23135!/:?]
	at com.google.gson.internal.bind.TreeTypeAdapter.read(TreeTypeAdapter.java:76) ~[gson-2.10.jar%2372!/:?]
	at com.google.gson.internal.bind.TypeAdapterRuntimeTypeWrapper.read(TypeAdapterRuntimeTypeWrapper.java:40) ~[gson-2.10.jar%2372!/:?]
	at com.google.gson.internal.bind.ArrayTypeAdapter.read(ArrayTypeAdapter.java:72) ~[gson-2.10.jar%2372!/:?]
	at com.google.gson.Gson.fromJson(Gson.java:1214) ~[gson-2.10.jar%2372!/:?]
	at com.google.gson.Gson.fromJson(Gson.java:1319) ~[gson-2.10.jar%2372!/:?]
	at com.google.gson.Gson.fromJson(Gson.java:1290) ~[gson-2.10.jar%2372!/:?]
	at com.google.gson.internal.bind.TreeTypeAdapter$GsonContextImpl.deserialize(TreeTypeAdapter.java:179) ~[gson-2.10.jar%2372!/:?]
	at net.minecraft.util.GsonHelper.m_13808_(GsonHelper.java:463) ~[server-1.20.1-20230612.114412-srg.jar%23135!/:?]
	at net.minecraft.util.GsonHelper.m_13845_(GsonHelper.java:481) ~[server-1.20.1-20230612.114412-srg.jar%23135!/:?]
	at net.minecraft.world.level.storage.loot.LootTable$Serializer.deserialize(LootTable.java:294) ~[server-1.20.1-20230612.114412-srg.jar%23135!/:?]
	at net.minecraft.world.level.storage.loot.LootTable$Serializer.deserialize(LootTable.java:291) ~[server-1.20.1-20230612.114412-srg.jar%23135!/:?]
	at com.google.gson.internal.bind.TreeTypeAdapter.read(TreeTypeAdapter.java:76) ~[gson-2.10.jar%2372!/:?]
	at com.google.gson.Gson.fromJson(Gson.java:1214) ~[gson-2.10.jar%2372!/:?]
	at com.google.gson.Gson.fromJson(Gson.java:1319) ~[gson-2.10.jar%2372!/:?]
	at com.google.gson.Gson.fromJson(Gson.java:1261) ~[gson-2.10.jar%2372!/:?]
	at net.minecraftforge.common.ForgeHooks.loadLootTable(ForgeHooks.java:871) ~[forge-1.20.1-47.3.7-universal.jar%23140!/:?]
	at net.minecraftforge.common.ForgeHooks.lambda$getLootTableDeserializer$3(ForgeHooks.java:848) ~[forge-1.20.1-47.3.7-universal.jar%23140!/:?]
	at net.minecraft.world.level.storage.loot.LootDataType.deserialize(LootDataType.java:45) ~[server-1.20.1-20230612.114412-srg.jar%23135!/:?]
	at net.minecraft.world.level.storage.loot.LootDataManager.lambda$scheduleElementParse$4(LootDataManager.java:56) ~[server-1.20.1-20230612.114412-srg.jar%23135!/:?]
	at java.util.HashMap.forEach(HashMap.java:1421) ~[?:?]
	at net.minecraft.world.level.storage.loot.LootDataManager.m_278660_(LootDataManager.java:55) ~[server-1.20.1-20230612.114412-srg.jar%23135!/:?]
	at java.util.concurrent.CompletableFuture$AsyncRun.run(CompletableFuture.java:1804) ~[?:?]
	at java.util.concurrent.CompletableFuture$AsyncRun.exec(CompletableFuture.java:1796) ~[?:?]
	at java.util.concurrent.ForkJoinTask.doExec(ForkJoinTask.java:373) ~[?:?]
	at java.util.concurrent.ForkJoinPool$WorkQueue.topLevelExec(ForkJoinPool.java:1182) ~[?:?]
	at java.util.concurrent.ForkJoinPool.scan(ForkJoinPool.java:1655) ~[?:?]
	at java.util.concurrent.ForkJoinPool.runWorker(ForkJoinPool.java:1622) ~[?:?]
	at java.util.concurrent.ForkJoinWorkerThread.run(ForkJoinWorkerThread.java:165) ~[?:?]
[23Nov2025 22:02:31.547] [Worker-Main-2/ERROR] [net.minecraftforge.common.ForgeHooks/]: Couldn't parse element loot_tables:mynethersdelight:blocks/blackstone_cooking_pot
com.google.gson.JsonSyntaxException: Unknown type 'mynethersdelight:copy_meal'
	at net.minecraft.world.level.storage.loot.GsonAdapterFactory$JsonAdapter.deserialize(GsonAdapterFactory.java:99) ~[server-1.20.1-20230612.114412-srg.jar%23135!/:?]
	at com.google.gson.internal.bind.TreeTypeAdapter.read(TreeTypeAdapter.java:76) ~[gson-2.10.jar%2372!/:?]
	at com.google.gson.internal.bind.TypeAdapterRuntimeTypeWrapper.read(TypeAdapterRuntimeTypeWrapper.java:40) ~[gson-2.10.jar%2372!/:?]
	at com.google.gson.internal.bind.ArrayTypeAdapter.read(ArrayTypeAdapter.java:72) ~[gson-2.10.jar%2372!/:?]
	at com.google.gson.Gson.fromJson(Gson.java:1214) ~[gson-2.10.jar%2372!/:?]
	at com.google.gson.Gson.fromJson(Gson.java:1319) ~[gson-2.10.jar%2372!/:?]
	at com.google.gson.Gson.fromJson(Gson.java:1290) ~[gson-2.10.jar%2372!/:?]
	at com.google.gson.internal.bind.TreeTypeAdapter$GsonContextImpl.deserialize(TreeTypeAdapter.java:179) ~[gson-2.10.jar%2372!/:?]
	at net.minecraft.util.GsonHelper.m_13808_(GsonHelper.java:463) ~[server-1.20.1-20230612.114412-srg.jar%23135!/:?]
	at net.minecraft.util.GsonHelper.m_13845_(GsonHelper.java:481) ~[server-1.20.1-20230612.114412-srg.jar%23135!/:?]
	at net.minecraft.world.level.storage.loot.entries.LootPoolSingletonContainer$Serializer.m_5921_(LootPoolSingletonContainer.java:149) ~[server-1.20.1-20230612.114412-srg.jar%23135!/:?]
	at net.minecraft.world.level.storage.loot.entries.LootPoolSingletonContainer$Serializer.m_5921_(LootPoolSingletonContainer.java:129) ~[server-1.20.1-20230612.114412-srg.jar%23135!/:?]
	at net.minecraft.world.level.storage.loot.entries.LootPoolEntryContainer$Serializer.m_7561_(LootPoolEntryContainer.java:86) ~[server-1.20.1-20230612.114412-srg.jar%23135!/:?]
	at net.minecraft.world.level.storage.loot.entries.LootPoolEntryContainer$Serializer.m_7561_(LootPoolEntryContainer.java:74) ~[server-1.20.1-20230612.114412-srg.jar%23135!/:?]
	at net.minecraft.world.level.storage.loot.GsonAdapterFactory$JsonAdapter.deserialize(GsonAdapterFactory.java:102) ~[server-1.20.1-20230612.114412-srg.jar%23135!/:?]
	at com.google.gson.internal.bind.TreeTypeAdapter.read(TreeTypeAdapter.java:76) ~[gson-2.10.jar%2372!/:?]
	at com.google.gson.internal.bind.TypeAdapterRuntimeTypeWrapper.read(TypeAdapterRuntimeTypeWrapper.java:40) ~[gson-2.10.jar%2372!/:?]
	at com.google.gson.internal.bind.ArrayTypeAdapter.read(ArrayTypeAdapter.java:72) ~[gson-2.10.jar%2372!/:?]
	at com.google.gson.Gson.fromJson(Gson.java:1214) ~[gson-2.10.jar%2372!/:?]
	at com.google.gson.Gson.fromJson(Gson.java:1319) ~[gson-2.10.jar%2372!/:?]
	at com.google.gson.Gson.fromJson(Gson.java:1290) ~[gson-2.10.jar%2372!/:?]
	at com.google.gson.internal.bind.TreeTypeAdapter$GsonContextImpl.deserialize(TreeTypeAdapter.java:179) ~[gson-2.10.jar%2372!/:?]
	at net.minecraft.util.GsonHelper.m_13808_(GsonHelper.java:463) ~[server-1.20.1-20230612.114412-srg.jar%23135!/:?]
	at net.minecraft.util.GsonHelper.m_13836_(GsonHelper.java:471) ~[server-1.20.1-20230612.114412-srg.jar%23135!/:?]
	at net.minecraft.world.level.storage.loot.LootPool$Serializer.deserialize(LootPool.java:192) ~[server-1.20.1-20230612.114412-srg.jar%23135!/:?]
	at net.minecraft.world.level.storage.loot.LootPool$Serializer.deserialize(LootPool.java:189) ~[server-1.20.1-20230612.114412-srg.jar%23135!/:?]
	at com.google.gson.internal.bind.TreeTypeAdapter.read(TreeTypeAdapter.java:76) ~[gson-2.10.jar%2372!/:?]
	at com.google.gson.internal.bind.TypeAdapterRuntimeTypeWrapper.read(TypeAdapterRuntimeTypeWrapper.java:40) ~[gson-2.10.jar%2372!/:?]
	at com.google.gson.internal.bind.ArrayTypeAdapter.read(ArrayTypeAdapter.java:72) ~[gson-2.10.jar%2372!/:?]
	at com.google.gson.Gson.fromJson(Gson.java:1214) ~[gson-2.10.jar%2372!/:?]
	at com.google.gson.Gson.fromJson(Gson.java:1319) ~[gson-2.10.jar%2372!/:?]
	at com.google.gson.Gson.fromJson(Gson.java:1290) ~[gson-2.10.jar%2372!/:?]
	at com.google.gson.internal.bind.TreeTypeAdapter$GsonContextImpl.deserialize(TreeTypeAdapter.java:179) ~[gson-2.10.jar%2372!/:?]
	at net.minecraft.util.GsonHelper.m_13808_(GsonHelper.java:463) ~[server-1.20.1-20230612.114412-srg.jar%23135!/:?]
	at net.minecraft.util.GsonHelper.m_13845_(GsonHelper.java:481) ~[server-1.20.1-20230612.114412-srg.jar%23135!/:?]
	at net.minecraft.world.level.storage.loot.LootTable$Serializer.deserialize(LootTable.java:294) ~[server-1.20.1-20230612.114412-srg.jar%23135!/:?]
	at net.minecraft.world.level.storage.loot.LootTable$Serializer.deserialize(LootTable.java:291) ~[server-1.20.1-20230612.114412-srg.jar%23135!/:?]
	at com.google.gson.internal.bind.TreeTypeAdapter.read(TreeTypeAdapter.java:76) ~[gson-2.10.jar%2372!/:?]
	at com.google.gson.Gson.fromJson(Gson.java:1214) ~[gson-2.10.jar%2372!/:?]
	at com.google.gson.Gson.fromJson(Gson.java:1319) ~[gson-2.10.jar%2372!/:?]
	at com.google.gson.Gson.fromJson(Gson.java:1261) ~[gson-2.10.jar%2372!/:?]
	at net.minecraftforge.common.ForgeHooks.loadLootTable(ForgeHooks.java:871) ~[forge-1.20.1-47.3.7-universal.jar%23140!/:?]
	at net.minecraftforge.common.ForgeHooks.lambda$getLootTableDeserializer$3(ForgeHooks.java:848) ~[forge-1.20.1-47.3.7-universal.jar%23140!/:?]
	at net.minecraft.world.level.storage.loot.LootDataType.deserialize(LootDataType.java:45) ~[server-1.20.1-20230612.114412-srg.jar%23135!/:?]
	at net.minecraft.world.level.storage.loot.LootDataManager.lambda$scheduleElementParse$4(LootDataManager.java:56) ~[server-1.20.1-20230612.114412-srg.jar%23135!/:?]
	at java.util.HashMap.forEach(HashMap.java:1421) ~[?:?]
	at net.minecraft.world.level.storage.loot.LootDataManager.m_278660_(LootDataManager.java:55) ~[server-1.20.1-20230612.114412-srg.jar%23135!/:?]
	at java.util.concurrent.CompletableFuture$AsyncRun.run(CompletableFuture.java:1804) ~[?:?]
	at java.util.concurrent.CompletableFuture$AsyncRun.exec(CompletableFuture.java:1796) ~[?:?]
	at java.util.concurrent.ForkJoinTask.doExec(ForkJoinTask.java:373) ~[?:?]
	at java.util.concurrent.ForkJoinPool$WorkQueue.topLevelExec(ForkJoinPool.java:1182) ~[?:?]
	at java.util.concurrent.ForkJoinPool.scan(ForkJoinPool.java:1655) ~[?:?]
	at java.util.concurrent.ForkJoinPool.runWorker(ForkJoinPool.java:1622) ~[?:?]
	at java.util.concurrent.ForkJoinWorkerThread.run(ForkJoinWorkerThread.java:165) ~[?:?]
[23Nov2025 22:02:31.567] [Worker-Main-2/ERROR] [net.minecraftforge.common.ForgeHooks/]: Couldn't parse element loot_tables:overweight_farming:blocks/peeled_overweight_kiwi_block
com.google.gson.JsonSyntaxException: Expected name to be an item, was unknown string 'hedgehog:kiwi'
	at net.minecraft.util.GsonHelper.m_13866_(GsonHelper.java:145) ~[server-1.20.1-20230612.114412-srg.jar%23135!/:?]
	at java.util.Optional.orElseThrow(Optional.java:403) ~[?:?]
	at net.minecraft.util.GsonHelper.m_13874_(GsonHelper.java:145) ~[server-1.20.1-20230612.114412-srg.jar%23135!/:?]
	at net.minecraft.util.GsonHelper.m_13909_(GsonHelper.java:153) ~[server-1.20.1-20230612.114412-srg.jar%23135!/:?]
	at net.minecraft.world.level.storage.loot.entries.LootItem$Serializer.m_7267_(LootItem.java:55) ~[server-1.20.1-20230612.114412-srg.jar%23135!/:?]
	at net.minecraft.world.level.storage.loot.entries.LootItem$Serializer.m_7267_(LootItem.java:40) ~[server-1.20.1-20230612.114412-srg.jar%23135!/:?]
	at net.minecraft.world.level.storage.loot.entries.LootPoolSingletonContainer$Serializer.m_5921_(LootPoolSingletonContainer.java:151) ~[server-1.20.1-20230612.114412-srg.jar%23135!/:?]
	at net.minecraft.world.level.storage.loot.entries.LootPoolSingletonContainer$Serializer.m_5921_(LootPoolSingletonContainer.java:129) ~[server-1.20.1-20230612.114412-srg.jar%23135!/:?]
	at net.minecraft.world.level.storage.loot.entries.LootPoolEntryContainer$Serializer.m_7561_(LootPoolEntryContainer.java:86) ~[server-1.20.1-20230612.114412-srg.jar%23135!/:?]
	at net.minecraft.world.level.storage.loot.entries.LootPoolEntryContainer$Serializer.m_7561_(LootPoolEntryContainer.java:74) ~[server-1.20.1-20230612.114412-srg.jar%23135!/:?]
	at net.minecraft.world.level.storage.loot.GsonAdapterFactory$JsonAdapter.deserialize(GsonAdapterFactory.java:102) ~[server-1.20.1-20230612.114412-srg.jar%23135!/:?]
	at com.google.gson.internal.bind.TreeTypeAdapter.read(TreeTypeAdapter.java:76) ~[gson-2.10.jar%2372!/:?]
	at com.google.gson.internal.bind.TypeAdapterRuntimeTypeWrapper.read(TypeAdapterRuntimeTypeWrapper.java:40) ~[gson-2.10.jar%2372!/:?]
	at com.google.gson.internal.bind.ArrayTypeAdapter.read(ArrayTypeAdapter.java:72) ~[gson-2.10.jar%2372!/:?]
	at com.google.gson.Gson.fromJson(Gson.java:1214) ~[gson-2.10.jar%2372!/:?]
	at com.google.gson.Gson.fromJson(Gson.java:1319) ~[gson-2.10.jar%2372!/:?]
	at com.google.gson.Gson.fromJson(Gson.java:1290) ~[gson-2.10.jar%2372!/:?]
	at com.google.gson.internal.bind.TreeTypeAdapter$GsonContextImpl.deserialize(TreeTypeAdapter.java:179) ~[gson-2.10.jar%2372!/:?]
	at net.minecraft.util.GsonHelper.m_13808_(GsonHelper.java:463) ~[server-1.20.1-20230612.114412-srg.jar%23135!/:?]
	at net.minecraft.util.GsonHelper.m_13836_(GsonHelper.java:471) ~[server-1.20.1-20230612.114412-srg.jar%23135!/:?]
	at net.minecraft.world.level.storage.loot.entries.CompositeEntryBase$1.m_5921_(CompositeEntryBase.java:61) ~[server-1.20.1-20230612.114412-srg.jar%23135!/:?]
	at net.minecraft.world.level.storage.loot.entries.CompositeEntryBase$1.m_5921_(CompositeEntryBase.java:53) ~[server-1.20.1-20230612.114412-srg.jar%23135!/:?]
	at net.minecraft.world.level.storage.loot.entries.LootPoolEntryContainer$Serializer.m_7561_(LootPoolEntryContainer.java:86) ~[server-1.20.1-20230612.114412-srg.jar%23135!/:?]
	at net.minecraft.world.level.storage.loot.entries.LootPoolEntryContainer$Serializer.m_7561_(LootPoolEntryContainer.java:74) ~[server-1.20.1-20230612.114412-srg.jar%23135!/:?]
	at net.minecraft.world.level.storage.loot.GsonAdapterFactory$JsonAdapter.deserialize(GsonAdapterFactory.java:102) ~[server-1.20.1-20230612.114412-srg.jar%23135!/:?]
	at com.google.gson.internal.bind.TreeTypeAdapter.read(TreeTypeAdapter.java:76) ~[gson-2.10.jar%2372!/:?]
	at com.google.gson.internal.bind.TypeAdapterRuntimeTypeWrapper.read(TypeAdapterRuntimeTypeWrapper.java:40) ~[gson-2.10.jar%2372!/:?]
	at com.google.gson.internal.bind.ArrayTypeAdapter.read(ArrayTypeAdapter.java:72) ~[gson-2.10.jar%2372!/:?]
	at com.google.gson.Gson.fromJson(Gson.java:1214) ~[gson-2.10.jar%2372!/:?]
	at com.google.gson.Gson.fromJson(Gson.java:1319) ~[gson-2.10.jar%2372!/:?]
	at com.google.gson.Gson.fromJson(Gson.java:1290) ~[gson-2.10.jar%2372!/:?]
	at com.google.gson.internal.bind.TreeTypeAdapter$GsonContextImpl.deserialize(TreeTypeAdapter.java:179) ~[gson-2.10.jar%2372!/:?]
	at net.minecraft.util.GsonHelper.m_13808_(GsonHelper.java:463) ~[server-1.20.1-20230612.114412-srg.jar%23135!/:?]
	at net.minecraft.util.GsonHelper.m_13836_(GsonHelper.java:471) ~[server-1.20.1-20230612.114412-srg.jar%23135!/:?]
	at net.minecraft.world.level.storage.loot.entries.CompositeEntryBase$1.m_5921_(CompositeEntryBase.java:61) ~[server-1.20.1-20230612.114412-srg.jar%23135!/:?]
	at net.minecraft.world.level.storage.loot.entries.CompositeEntryBase$1.m_5921_(CompositeEntryBase.java:53) ~[server-1.20.1-20230612.114412-srg.jar%23135!/:?]
	at net.minecraft.world.level.storage.loot.entries.LootPoolEntryContainer$Serializer.m_7561_(LootPoolEntryContainer.java:86) ~[server-1.20.1-20230612.114412-srg.jar%23135!/:?]
	at net.minecraft.world.level.storage.loot.entries.LootPoolEntryContainer$Serializer.m_7561_(LootPoolEntryContainer.java:74) ~[server-1.20.1-20230612.114412-srg.jar%23135!/:?]
	at net.minecraft.world.level.storage.loot.GsonAdapterFactory$JsonAdapter.deserialize(GsonAdapterFactory.java:102) ~[server-1.20.1-20230612.114412-srg.jar%23135!/:?]
	at com.google.gson.internal.bind.TreeTypeAdapter.read(TreeTypeAdapter.java:76) ~[gson-2.10.jar%2372!/:?]
	at com.google.gson.internal.bind.TypeAdapterRuntimeTypeWrapper.read(TypeAdapterRuntimeTypeWrapper.java:40) ~[gson-2.10.jar%2372!/:?]
	at com.google.gson.internal.bind.ArrayTypeAdapter.read(ArrayTypeAdapter.java:72) ~[gson-2.10.jar%2372!/:?]
	at com.google.gson.Gson.fromJson(Gson.java:1214) ~[gson-2.10.jar%2372!/:?]
	at com.google.gson.Gson.fromJson(Gson.java:1319) ~[gson-2.10.jar%2372!/:?]
	at com.google.gson.Gson.fromJson(Gson.java:1290) ~[gson-2.10.jar%2372!/:?]
	at com.google.gson.internal.bind.TreeTypeAdapter$GsonContextImpl.deserialize(TreeTypeAdapter.java:179) ~[gson-2.10.jar%2372!/:?]
	at net.minecraft.util.GsonHelper.m_13808_(GsonHelper.java:463) ~[server-1.20.1-20230612.114412-srg.jar%23135!/:?]
	at net.minecraft.util.GsonHelper.m_13836_(GsonHelper.java:471) ~[server-1.20.1-20230612.114412-srg.jar%23135!/:?]
	at net.minecraft.world.level.storage.loot.LootPool$Serializer.deserialize(LootPool.java:192) ~[server-1.20.1-20230612.114412-srg.jar%23135!/:?]
	at net.minecraft.world.level.storage.loot.LootPool$Serializer.deserialize(LootPool.java:189) ~[server-1.20.1-20230612.114412-srg.jar%23135!/:?]
	at com.google.gson.internal.bind.TreeTypeAdapter.read(TreeTypeAdapter.java:76) ~[gson-2.10.jar%2372!/:?]
	at com.google.gson.internal.bind.TypeAdapterRuntimeTypeWrapper.read(TypeAdapterRuntimeTypeWrapper.java:40) ~[gson-2.10.jar%2372!/:?]
	at com.google.gson.internal.bind.ArrayTypeAdapter.read(ArrayTypeAdapter.java:72) ~[gson-2.10.jar%2372!/:?]
	at com.google.gson.Gson.fromJson(Gson.java:1214) ~[gson-2.10.jar%2372!/:?]
	at com.google.gson.Gson.fromJson(Gson.java:1319) ~[gson-2.10.jar%2372!/:?]
	at com.google.gson.Gson.fromJson(Gson.java:1290) ~[gson-2.10.jar%2372!/:?]
	at com.google.gson.internal.bind.TreeTypeAdapter$GsonContextImpl.deserialize(TreeTypeAdapter.java:179) ~[gson-2.10.jar%2372!/:?]
	at net.minecraft.util.GsonHelper.m_13808_(GsonHelper.java:463) ~[server-1.20.1-20230612.114412-srg.jar%23135!/:?]
	at net.minecraft.util.GsonHelper.m_13845_(GsonHelper.java:481) ~[server-1.20.1-20230612.114412-srg.jar%23135!/:?]
	at net.minecraft.world.level.storage.loot.LootTable$Serializer.deserialize(LootTable.java:294) ~[server-1.20.1-20230612.114412-srg.jar%23135!/:?]
	at net.minecraft.world.level.storage.loot.LootTable$Serializer.deserialize(LootTable.java:291) ~[server-1.20.1-20230612.114412-srg.jar%23135!/:?]
	at com.google.gson.internal.bind.TreeTypeAdapter.read(TreeTypeAdapter.java:76) ~[gson-2.10.jar%2372!/:?]
	at com.google.gson.Gson.fromJson(Gson.java:1214) ~[gson-2.10.jar%2372!/:?]
	at com.google.gson.Gson.fromJson(Gson.java:1319) ~[gson-2.10.jar%2372!/:?]
	at com.google.gson.Gson.fromJson(Gson.java:1261) ~[gson-2.10.jar%2372!/:?]
	at net.minecraftforge.common.ForgeHooks.loadLootTable(ForgeHooks.java:871) ~[forge-1.20.1-47.3.7-universal.jar%23140!/:?]
	at net.minecraftforge.common.ForgeHooks.lambda$getLootTableDeserializer$3(ForgeHooks.java:848) ~[forge-1.20.1-47.3.7-universal.jar%23140!/:?]
	at net.minecraft.world.level.storage.loot.LootDataType.deserialize(LootDataType.java:45) ~[server-1.20.1-20230612.114412-srg.jar%23135!/:?]
	at net.minecraft.world.level.storage.loot.LootDataManager.lambda$scheduleElementParse$4(LootDataManager.java:56) ~[server-1.20.1-20230612.114412-srg.jar%23135!/:?]
	at java.util.HashMap.forEach(HashMap.java:1421) ~[?:?]
	at net.minecraft.world.level.storage.loot.LootDataManager.m_278660_(LootDataManager.java:55) ~[server-1.20.1-20230612.114412-srg.jar%23135!/:?]
	at java.util.concurrent.CompletableFuture$AsyncRun.run(CompletableFuture.java:1804) ~[?:?]
	at java.util.concurrent.CompletableFuture$AsyncRun.exec(CompletableFuture.java:1796) ~[?:?]
	at java.util.concurrent.ForkJoinTask.doExec(ForkJoinTask.java:373) ~[?:?]
	at java.util.concurrent.ForkJoinPool$WorkQueue.topLevelExec(ForkJoinPool.java:1182) ~[?:?]
	at java.util.concurrent.ForkJoinPool.scan(ForkJoinPool.java:1655) ~[?:?]
	at java.util.concurrent.ForkJoinPool.runWorker(ForkJoinPool.java:1622) ~[?:?]
	at java.util.concurrent.ForkJoinWorkerThread.run(ForkJoinWorkerThread.java:165) ~[?:?]
[23Nov2025 22:02:31.599] [Worker-Main-2/ERROR] [net.minecraftforge.common.ForgeHooks/]: Couldn't parse element loot_tables:overweight_farming:blocks/peeled_overweight_ginger_block
com.google.gson.JsonSyntaxException: Expected name to be an item, was unknown string 'snowyspirit:ginger'
	at net.minecraft.util.GsonHelper.m_13866_(GsonHelper.java:145) ~[server-1.20.1-20230612.114412-srg.jar%23135!/:?]
	at java.util.Optional.orElseThrow(Optional.java:403) ~[?:?]
	at net.minecraft.util.GsonHelper.m_13874_(GsonHelper.java:145) ~[server-1.20.1-20230612.114412-srg.jar%23135!/:?]
	at net.minecraft.util.GsonHelper.m_13909_(GsonHelper.java:153) ~[server-1.20.1-20230612.114412-srg.jar%23135!/:?]
	at net.minecraft.world.level.storage.loot.entries.LootItem$Serializer.m_7267_(LootItem.java:55) ~[server-1.20.1-20230612.114412-srg.jar%23135!/:?]
	at net.minecraft.world.level.storage.loot.entries.LootItem$Serializer.m_7267_(LootItem.java:40) ~[server-1.20.1-20230612.114412-srg.jar%23135!/:?]
	at net.minecraft.world.level.storage.loot.entries.LootPoolSingletonContainer$Serializer.m_5921_(LootPoolSingletonContainer.java:151) ~[server-1.20.1-20230612.114412-srg.jar%23135!/:?]
	at net.minecraft.world.level.storage.loot.entries.LootPoolSingletonContainer$Serializer.m_5921_(LootPoolSingletonContainer.java:129) ~[server-1.20.1-20230612.114412-srg.jar%23135!/:?]
	at net.minecraft.world.level.storage.loot.entries.LootPoolEntryContainer$Serializer.m_7561_(LootPoolEntryContainer.java:86) ~[server-1.20.1-20230612.114412-srg.jar%23135!/:?]
	at net.minecraft.world.level.storage.loot.entries.LootPoolEntryContainer$Serializer.m_7561_(LootPoolEntryContainer.java:74) ~[server-1.20.1-20230612.114412-srg.jar%23135!/:?]
	at net.minecraft.world.level.storage.loot.GsonAdapterFactory$JsonAdapter.deserialize(GsonAdapterFactory.java:102) ~[server-1.20.1-20230612.114412-srg.jar%23135!/:?]
	at com.google.gson.internal.bind.TreeTypeAdapter.read(TreeTypeAdapter.java:76) ~[gson-2.10.jar%2372!/:?]
	at com.google.gson.internal.bind.TypeAdapterRuntimeTypeWrapper.read(TypeAdapterRuntimeTypeWrapper.java:40) ~[gson-2.10.jar%2372!/:?]
	at com.google.gson.internal.bind.ArrayTypeAdapter.read(ArrayTypeAdapter.java:72) ~[gson-2.10.jar%2372!/:?]
	at com.google.gson.Gson.fromJson(Gson.java:1214) ~[gson-2.10.jar%2372!/:?]
	at com.google.gson.Gson.fromJson(Gson.java:1319) ~[gson-2.10.jar%2372!/:?]
	at com.google.gson.Gson.fromJson(Gson.java:1290) ~[gson-2.10.jar%2372!/:?]
	at com.google.gson.internal.bind.TreeTypeAdapter$GsonContextImpl.deserialize(TreeTypeAdapter.java:179) ~[gson-2.10.jar%2372!/:?]
	at net.minecraft.util.GsonHelper.m_13808_(GsonHelper.java:463) ~[server-1.20.1-20230612.114412-srg.jar%23135!/:?]
	at net.minecraft.util.GsonHelper.m_13836_(GsonHelper.java:471) ~[server-1.20.1-20230612.114412-srg.jar%23135!/:?]
	at net.minecraft.world.level.storage.loot.entries.CompositeEntryBase$1.m_5921_(CompositeEntryBase.java:61) ~[server-1.20.1-20230612.114412-srg.jar%23135!/:?]
	at net.minecraft.world.level.storage.loot.entries.CompositeEntryBase$1.m_5921_(CompositeEntryBase.java:53) ~[server-1.20.1-20230612.114412-srg.jar%23135!/:?]
	at net.minecraft.world.level.storage.loot.entries.LootPoolEntryContainer$Serializer.m_7561_(LootPoolEntryContainer.java:86) ~[server-1.20.1-20230612.114412-srg.jar%23135!/:?]
	at net.minecraft.world.level.storage.loot.entries.LootPoolEntryContainer$Serializer.m_7561_(LootPoolEntryContainer.java:74) ~[server-1.20.1-20230612.114412-srg.jar%23135!/:?]
	at net.minecraft.world.level.storage.loot.GsonAdapterFactory$JsonAdapter.deserialize(GsonAdapterFactory.java:102) ~[server-1.20.1-20230612.114412-srg.jar%23135!/:?]
	at com.google.gson.internal.bind.TreeTypeAdapter.read(TreeTypeAdapter.java:76) ~[gson-2.10.jar%2372!/:?]
	at com.google.gson.internal.bind.TypeAdapterRuntimeTypeWrapper.read(TypeAdapterRuntimeTypeWrapper.java:40) ~[gson-2.10.jar%2372!/:?]
	at com.google.gson.internal.bind.ArrayTypeAdapter.read(ArrayTypeAdapter.java:72) ~[gson-2.10.jar%2372!/:?]
	at com.google.gson.Gson.fromJson(Gson.java:1214) ~[gson-2.10.jar%2372!/:?]
	at com.google.gson.Gson.fromJson(Gson.java:1319) ~[gson-2.10.jar%2372!/:?]
	at com.google.gson.Gson.fromJson(Gson.java:1290) ~[gson-2.10.jar%2372!/:?]
	at com.google.gson.internal.bind.TreeTypeAdapter$GsonContextImpl.deserialize(TreeTypeAdapter.java:179) ~[gson-2.10.jar%2372!/:?]
	at net.minecraft.util.GsonHelper.m_13808_(GsonHelper.java:463) ~[server-1.20.1-20230612.114412-srg.jar%23135!/:?]
	at net.minecraft.util.GsonHelper.m_13836_(GsonHelper.java:471) ~[server-1.20.1-20230612.114412-srg.jar%23135!/:?]
	at net.minecraft.world.level.storage.loot.entries.CompositeEntryBase$1.m_5921_(CompositeEntryBase.java:61) ~[server-1.20.1-20230612.114412-srg.jar%23135!/:?]
	at net.minecraft.world.level.storage.loot.entries.CompositeEntryBase$1.m_5921_(CompositeEntryBase.java:53) ~[server-1.20.1-20230612.114412-srg.jar%23135!/:?]
	at net.minecraft.world.level.storage.loot.entries.LootPoolEntryContainer$Serializer.m_7561_(LootPoolEntryContainer.java:86) ~[server-1.20.1-20230612.114412-srg.jar%23135!/:?]
	at net.minecraft.world.level.storage.loot.entries.LootPoolEntryContainer$Serializer.m_7561_(LootPoolEntryContainer.java:74) ~[server-1.20.1-20230612.114412-srg.jar%23135!/:?]
	at net.minecraft.world.level.storage.loot.GsonAdapterFactory$JsonAdapter.deserialize(GsonAdapterFactory.java:102) ~[server-1.20.1-20230612.114412-srg.jar%23135!/:?]
	at com.google.gson.internal.bind.TreeTypeAdapter.read(TreeTypeAdapter.java:76) ~[gson-2.10.jar%2372!/:?]
	at com.google.gson.internal.bind.TypeAdapterRuntimeTypeWrapper.read(TypeAdapterRuntimeTypeWrapper.java:40) ~[gson-2.10.jar%2372!/:?]
	at com.google.gson.internal.bind.ArrayTypeAdapter.read(ArrayTypeAdapter.java:72) ~[gson-2.10.jar%2372!/:?]
	at com.google.gson.Gson.fromJson(Gson.java:1214) ~[gson-2.10.jar%2372!/:?]
	at com.google.gson.Gson.fromJson(Gson.java:1319) ~[gson-2.10.jar%2372!/:?]
	at com.google.gson.Gson.fromJson(Gson.java:1290) ~[gson-2.10.jar%2372!/:?]
	at com.google.gson.internal.bind.TreeTypeAdapter$GsonContextImpl.deserialize(TreeTypeAdapter.java:179) ~[gson-2.10.jar%2372!/:?]
	at net.minecraft.util.GsonHelper.m_13808_(GsonHelper.java:463) ~[server-1.20.1-20230612.114412-srg.jar%23135!/:?]
	at net.minecraft.util.GsonHelper.m_13836_(GsonHelper.java:471) ~[server-1.20.1-20230612.114412-srg.jar%23135!/:?]
	at net.minecraft.world.level.storage.loot.LootPool$Serializer.deserialize(LootPool.java:192) ~[server-1.20.1-20230612.114412-srg.jar%23135!/:?]
	at net.minecraft.world.level.storage.loot.LootPool$Serializer.deserialize(LootPool.java:189) ~[server-1.20.1-20230612.114412-srg.jar%23135!/:?]
	at com.google.gson.internal.bind.TreeTypeAdapter.read(TreeTypeAdapter.java:76) ~[gson-2.10.jar%2372!/:?]
	at com.google.gson.internal.bind.TypeAdapterRuntimeTypeWrapper.read(TypeAdapterRuntimeTypeWrapper.java:40) ~[gson-2.10.jar%2372!/:?]
	at com.google.gson.internal.bind.ArrayTypeAdapter.read(ArrayTypeAdapter.java:72) ~[gson-2.10.jar%2372!/:?]
	at com.google.gson.Gson.fromJson(Gson.java:1214) ~[gson-2.10.jar%2372!/:?]
	at com.google.gson.Gson.fromJson(Gson.java:1319) ~[gson-2.10.jar%2372!/:?]
	at com.google.gson.Gson.fromJson(Gson.java:1290) ~[gson-2.10.jar%2372!/:?]
	at com.google.gson.internal.bind.TreeTypeAdapter$GsonContextImpl.deserialize(TreeTypeAdapter.java:179) ~[gson-2.10.jar%2372!/:?]
	at net.minecraft.util.GsonHelper.m_13808_(GsonHelper.java:463) ~[server-1.20.1-20230612.114412-srg.jar%23135!/:?]
	at net.minecraft.util.GsonHelper.m_13845_(GsonHelper.java:481) ~[server-1.20.1-20230612.114412-srg.jar%23135!/:?]
	at net.minecraft.world.level.storage.loot.LootTable$Serializer.deserialize(LootTable.java:294) ~[server-1.20.1-20230612.114412-srg.jar%23135!/:?]
	at net.minecraft.world.level.storage.loot.LootTable$Serializer.deserialize(LootTable.java:291) ~[server-1.20.1-20230612.114412-srg.jar%23135!/:?]
	at com.google.gson.internal.bind.TreeTypeAdapter.read(TreeTypeAdapter.java:76) ~[gson-2.10.jar%2372!/:?]
	at com.google.gson.Gson.fromJson(Gson.java:1214) ~[gson-2.10.jar%2372!/:?]
	at com.google.gson.Gson.fromJson(Gson.java:1319) ~[gson-2.10.jar%2372!/:?]
	at com.google.gson.Gson.fromJson(Gson.java:1261) ~[gson-2.10.jar%2372!/:?]
	at net.minecraftforge.common.ForgeHooks.loadLootTable(ForgeHooks.java:871) ~[forge-1.20.1-47.3.7-universal.jar%23140!/:?]
	at net.minecraftforge.common.ForgeHooks.lambda$getLootTableDeserializer$3(ForgeHooks.java:848) ~[forge-1.20.1-47.3.7-universal.jar%23140!/:?]
	at net.minecraft.world.level.storage.loot.LootDataType.deserialize(LootDataType.java:45) ~[server-1.20.1-20230612.114412-srg.jar%23135!/:?]
	at net.minecraft.world.level.storage.loot.LootDataManager.lambda$scheduleElementParse$4(LootDataManager.java:56) ~[server-1.20.1-20230612.114412-srg.jar%23135!/:?]
	at java.util.HashMap.forEach(HashMap.java:1421) ~[?:?]
	at net.minecraft.world.level.storage.loot.LootDataManager.m_278660_(LootDataManager.java:55) ~[server-1.20.1-20230612.114412-srg.jar%23135!/:?]
	at java.util.concurrent.CompletableFuture$AsyncRun.run(CompletableFuture.java:1804) ~[?:?]
	at java.util.concurrent.CompletableFuture$AsyncRun.exec(CompletableFuture.java:1796) ~[?:?]
	at java.util.concurrent.ForkJoinTask.doExec(ForkJoinTask.java:373) ~[?:?]
	at java.util.concurrent.ForkJoinPool$WorkQueue.topLevelExec(ForkJoinPool.java:1182) ~[?:?]
	at java.util.concurrent.ForkJoinPool.scan(ForkJoinPool.java:1655) ~[?:?]
	at java.util.concurrent.ForkJoinPool.runWorker(ForkJoinPool.java:1622) ~[?:?]
	at java.util.concurrent.ForkJoinWorkerThread.run(ForkJoinWorkerThread.java:165) ~[?:?]
[23Nov2025 22:02:31.622] [Worker-Main-2/ERROR] [net.minecraftforge.common.ForgeHooks/]: Couldn't parse element loot_tables:pizzadelight:blocks/pizza
com.google.gson.JsonSyntaxException: Block Block{pizzadelight:pizza} has no property bites
	at net.minecraft.world.level.storage.loot.predicates.LootItemBlockStatePropertyCondition$Serializer.m_81788_(LootItemBlockStatePropertyCondition.java:82) ~[server-1.20.1-20230612.114412-srg.jar%23135!/:?]
	at net.minecraft.advancements.critereon.StatePropertiesPredicate$PropertyMatcher.m_67721_(StatePropertiesPredicate.java:53) ~[server-1.20.1-20230612.114412-srg.jar%23135!/:?]
	at net.minecraft.advancements.critereon.StatePropertiesPredicate.m_67675_(StatePropertiesPredicate.java:169) ~[server-1.20.1-20230612.114412-srg.jar%23135!/:?]
	at com.google.common.collect.ImmutableList.forEach(ImmutableList.java:422) ~[guava-31.1-jre.jar%2374!/:?]
	at net.minecraft.advancements.critereon.StatePropertiesPredicate.m_67672_(StatePropertiesPredicate.java:169) ~[server-1.20.1-20230612.114412-srg.jar%23135!/:?]
	at net.minecraft.world.level.storage.loot.predicates.LootItemBlockStatePropertyCondition$Serializer.m_7561_(LootItemBlockStatePropertyCondition.java:81) ~[server-1.20.1-20230612.114412-srg.jar%23135!/:?]
	at net.minecraft.world.level.storage.loot.predicates.LootItemBlockStatePropertyCondition$Serializer.m_7561_(LootItemBlockStatePropertyCondition.java:68) ~[server-1.20.1-20230612.114412-srg.jar%23135!/:?]
	at net.minecraft.world.level.storage.loot.GsonAdapterFactory$JsonAdapter.deserialize(GsonAdapterFactory.java:102) ~[server-1.20.1-20230612.114412-srg.jar%23135!/:?]
	at com.google.gson.internal.bind.TreeTypeAdapter.read(TreeTypeAdapter.java:76) ~[gson-2.10.jar%2372!/:?]
	at com.google.gson.internal.bind.TypeAdapterRuntimeTypeWrapper.read(TypeAdapterRuntimeTypeWrapper.java:40) ~[gson-2.10.jar%2372!/:?]
	at com.google.gson.internal.bind.ArrayTypeAdapter.read(ArrayTypeAdapter.java:72) ~[gson-2.10.jar%2372!/:?]
	at com.google.gson.Gson.fromJson(Gson.java:1214) ~[gson-2.10.jar%2372!/:?]
	at com.google.gson.Gson.fromJson(Gson.java:1319) ~[gson-2.10.jar%2372!/:?]
	at com.google.gson.Gson.fromJson(Gson.java:1290) ~[gson-2.10.jar%2372!/:?]
	at com.google.gson.internal.bind.TreeTypeAdapter$GsonContextImpl.deserialize(TreeTypeAdapter.java:179) ~[gson-2.10.jar%2372!/:?]
	at net.minecraft.util.GsonHelper.m_13808_(GsonHelper.java:463) ~[server-1.20.1-20230612.114412-srg.jar%23135!/:?]
	at net.minecraft.util.GsonHelper.m_13845_(GsonHelper.java:481) ~[server-1.20.1-20230612.114412-srg.jar%23135!/:?]
	at net.minecraft.world.level.storage.loot.LootPool$Serializer.deserialize(LootPool.java:193) ~[server-1.20.1-20230612.114412-srg.jar%23135!/:?]
	at net.minecraft.world.level.storage.loot.LootPool$Serializer.deserialize(LootPool.java:189) ~[server-1.20.1-20230612.114412-srg.jar%23135!/:?]
	at com.google.gson.internal.bind.TreeTypeAdapter.read(TreeTypeAdapter.java:76) ~[gson-2.10.jar%2372!/:?]
	at com.google.gson.internal.bind.TypeAdapterRuntimeTypeWrapper.read(TypeAdapterRuntimeTypeWrapper.java:40) ~[gson-2.10.jar%2372!/:?]
	at com.google.gson.internal.bind.ArrayTypeAdapter.read(ArrayTypeAdapter.java:72) ~[gson-2.10.jar%2372!/:?]
	at com.google.gson.Gson.fromJson(Gson.java:1214) ~[gson-2.10.jar%2372!/:?]
	at com.google.gson.Gson.fromJson(Gson.java:1319) ~[gson-2.10.jar%2372!/:?]
	at com.google.gson.Gson.fromJson(Gson.java:1290) ~[gson-2.10.jar%2372!/:?]
	at com.google.gson.internal.bind.TreeTypeAdapter$GsonContextImpl.deserialize(TreeTypeAdapter.java:179) ~[gson-2.10.jar%2372!/:?]
	at net.minecraft.util.GsonHelper.m_13808_(GsonHelper.java:463) ~[server-1.20.1-20230612.114412-srg.jar%23135!/:?]
	at net.minecraft.util.GsonHelper.m_13845_(GsonHelper.java:481) ~[server-1.20.1-20230612.114412-srg.jar%23135!/:?]
	at net.minecraft.world.level.storage.loot.LootTable$Serializer.deserialize(LootTable.java:294) ~[server-1.20.1-20230612.114412-srg.jar%23135!/:?]
	at net.minecraft.world.level.storage.loot.LootTable$Serializer.deserialize(LootTable.java:291) ~[server-1.20.1-20230612.114412-srg.jar%23135!/:?]
	at com.google.gson.internal.bind.TreeTypeAdapter.read(TreeTypeAdapter.java:76) ~[gson-2.10.jar%2372!/:?]
	at com.google.gson.Gson.fromJson(Gson.java:1214) ~[gson-2.10.jar%2372!/:?]
	at com.google.gson.Gson.fromJson(Gson.java:1319) ~[gson-2.10.jar%2372!/:?]
	at com.google.gson.Gson.fromJson(Gson.java:1261) ~[gson-2.10.jar%2372!/:?]
	at net.minecraftforge.common.ForgeHooks.loadLootTable(ForgeHooks.java:871) ~[forge-1.20.1-47.3.7-universal.jar%23140!/:?]
	at net.minecraftforge.common.ForgeHooks.lambda$getLootTableDeserializer$3(ForgeHooks.java:848) ~[forge-1.20.1-47.3.7-universal.jar%23140!/:?]
	at net.minecraft.world.level.storage.loot.LootDataType.deserialize(LootDataType.java:45) ~[server-1.20.1-20230612.114412-srg.jar%23135!/:?]
	at net.minecraft.world.level.storage.loot.LootDataManager.lambda$scheduleElementParse$4(LootDataManager.java:56) ~[server-1.20.1-20230612.114412-srg.jar%23135!/:?]
	at java.util.HashMap.forEach(HashMap.java:1421) ~[?:?]
	at net.minecraft.world.level.storage.loot.LootDataManager.m_278660_(LootDataManager.java:55) ~[server-1.20.1-20230612.114412-srg.jar%23135!/:?]
	at java.util.concurrent.CompletableFuture$AsyncRun.run(CompletableFuture.java:1804) ~[?:?]
	at java.util.concurrent.CompletableFuture$AsyncRun.exec(CompletableFuture.java:1796) ~[?:?]
	at java.util.concurrent.ForkJoinTask.doExec(ForkJoinTask.java:373) ~[?:?]
	at java.util.concurrent.ForkJoinPool$WorkQueue.topLevelExec(ForkJoinPool.java:1182) ~[?:?]
	at java.util.concurrent.ForkJoinPool.scan(ForkJoinPool.java:1655) ~[?:?]
	at java.util.concurrent.ForkJoinPool.runWorker(ForkJoinPool.java:1622) ~[?:?]
	at java.util.concurrent.ForkJoinWorkerThread.run(ForkJoinWorkerThread.java:165) ~[?:?]
[23Nov2025 22:02:31.629] [Worker-Main-2/ERROR] [net.minecraftforge.common.ForgeHooks/]: Couldn't parse element loot_tables:overweight_farming:blocks/overweight_sliced_kiwi_block
com.google.gson.JsonSyntaxException: Expected name to be an item, was unknown string 'hedgehog:kiwi'
	at net.minecraft.util.GsonHelper.m_13866_(GsonHelper.java:145) ~[server-1.20.1-20230612.114412-srg.jar%23135!/:?]
	at java.util.Optional.orElseThrow(Optional.java:403) ~[?:?]
	at net.minecraft.util.GsonHelper.m_13874_(GsonHelper.java:145) ~[server-1.20.1-20230612.114412-srg.jar%23135!/:?]
	at net.minecraft.util.GsonHelper.m_13909_(GsonHelper.java:153) ~[server-1.20.1-20230612.114412-srg.jar%23135!/:?]
	at net.minecraft.world.level.storage.loot.entries.LootItem$Serializer.m_7267_(LootItem.java:55) ~[server-1.20.1-20230612.114412-srg.jar%23135!/:?]
	at net.minecraft.world.level.storage.loot.entries.LootItem$Serializer.m_7267_(LootItem.java:40) ~[server-1.20.1-20230612.114412-srg.jar%23135!/:?]
	at net.minecraft.world.level.storage.loot.entries.LootPoolSingletonContainer$Serializer.m_5921_(LootPoolSingletonContainer.java:151) ~[server-1.20.1-20230612.114412-srg.jar%23135!/:?]
	at net.minecraft.world.level.storage.loot.entries.LootPoolSingletonContainer$Serializer.m_5921_(LootPoolSingletonContainer.java:129) ~[server-1.20.1-20230612.114412-srg.jar%23135!/:?]
	at net.minecraft.world.level.storage.loot.entries.LootPoolEntryContainer$Serializer.m_7561_(LootPoolEntryContainer.java:86) ~[server-1.20.1-20230612.114412-srg.jar%23135!/:?]
	at net.minecraft.world.level.storage.loot.entries.LootPoolEntryContainer$Serializer.m_7561_(LootPoolEntryContainer.java:74) ~[server-1.20.1-20230612.114412-srg.jar%23135!/:?]
	at net.minecraft.world.level.storage.loot.GsonAdapterFactory$JsonAdapter.deserialize(GsonAdapterFactory.java:102) ~[server-1.20.1-20230612.114412-srg.jar%23135!/:?]
	at com.google.gson.internal.bind.TreeTypeAdapter.read(TreeTypeAdapter.java:76) ~[gson-2.10.jar%2372!/:?]
	at com.google.gson.internal.bind.TypeAdapterRuntimeTypeWrapper.read(TypeAdapterRuntimeTypeWrapper.java:40) ~[gson-2.10.jar%2372!/:?]
	at com.google.gson.internal.bind.ArrayTypeAdapter.read(ArrayTypeAdapter.java:72) ~[gson-2.10.jar%2372!/:?]
	at com.google.gson.Gson.fromJson(Gson.java:1214) ~[gson-2.10.jar%2372!/:?]
	at com.google.gson.Gson.fromJson(Gson.java:1319) ~[gson-2.10.jar%2372!/:?]
	at com.google.gson.Gson.fromJson(Gson.java:1290) ~[gson-2.10.jar%2372!/:?]
	at com.google.gson.internal.bind.TreeTypeAdapter$GsonContextImpl.deserialize(TreeTypeAdapter.java:179) ~[gson-2.10.jar%2372!/:?]
	at net.minecraft.util.GsonHelper.m_13808_(GsonHelper.java:463) ~[server-1.20.1-20230612.114412-srg.jar%23135!/:?]
	at net.minecraft.util.GsonHelper.m_13836_(GsonHelper.java:471) ~[server-1.20.1-20230612.114412-srg.jar%23135!/:?]
	at net.minecraft.world.level.storage.loot.entries.CompositeEntryBase$1.m_5921_(CompositeEntryBase.java:61) ~[server-1.20.1-20230612.114412-srg.jar%23135!/:?]
	at net.minecraft.world.level.storage.loot.entries.CompositeEntryBase$1.m_5921_(CompositeEntryBase.java:53) ~[server-1.20.1-20230612.114412-srg.jar%23135!/:?]
	at net.minecraft.world.level.storage.loot.entries.LootPoolEntryContainer$Serializer.m_7561_(LootPoolEntryContainer.java:86) ~[server-1.20.1-20230612.114412-srg.jar%23135!/:?]
	at net.minecraft.world.level.storage.loot.entries.LootPoolEntryContainer$Serializer.m_7561_(LootPoolEntryContainer.java:74) ~[server-1.20.1-20230612.114412-srg.jar%23135!/:?]
	at net.minecraft.world.level.storage.loot.GsonAdapterFactory$JsonAdapter.deserialize(GsonAdapterFactory.java:102) ~[server-1.20.1-20230612.114412-srg.jar%23135!/:?]
	at com.google.gson.internal.bind.TreeTypeAdapter.read(TreeTypeAdapter.java:76) ~[gson-2.10.jar%2372!/:?]
	at com.google.gson.internal.bind.TypeAdapterRuntimeTypeWrapper.read(TypeAdapterRuntimeTypeWrapper.java:40) ~[gson-2.10.jar%2372!/:?]
	at com.google.gson.internal.bind.ArrayTypeAdapter.read(ArrayTypeAdapter.java:72) ~[gson-2.10.jar%2372!/:?]
	at com.google.gson.Gson.fromJson(Gson.java:1214) ~[gson-2.10.jar%2372!/:?]
	at com.google.gson.Gson.fromJson(Gson.java:1319) ~[gson-2.10.jar%2372!/:?]
	at com.google.gson.Gson.fromJson(Gson.java:1290) ~[gson-2.10.jar%2372!/:?]
	at com.google.gson.internal.bind.TreeTypeAdapter$GsonContextImpl.deserialize(TreeTypeAdapter.java:179) ~[gson-2.10.jar%2372!/:?]
	at net.minecraft.util.GsonHelper.m_13808_(GsonHelper.java:463) ~[server-1.20.1-20230612.114412-srg.jar%23135!/:?]
	at net.minecraft.util.GsonHelper.m_13836_(GsonHelper.java:471) ~[server-1.20.1-20230612.114412-srg.jar%23135!/:?]
	at net.minecraft.world.level.storage.loot.entries.CompositeEntryBase$1.m_5921_(CompositeEntryBase.java:61) ~[server-1.20.1-20230612.114412-srg.jar%23135!/:?]
	at net.minecraft.world.level.storage.loot.entries.CompositeEntryBase$1.m_5921_(CompositeEntryBase.java:53) ~[server-1.20.1-20230612.114412-srg.jar%23135!/:?]
	at net.minecraft.world.level.storage.loot.entries.LootPoolEntryContainer$Serializer.m_7561_(LootPoolEntryContainer.java:86) ~[server-1.20.1-20230612.114412-srg.jar%23135!/:?]
	at net.minecraft.world.level.storage.loot.entries.LootPoolEntryContainer$Serializer.m_7561_(LootPoolEntryContainer.java:74) ~[server-1.20.1-20230612.114412-srg.jar%23135!/:?]
	at net.minecraft.world.level.storage.loot.GsonAdapterFactory$JsonAdapter.deserialize(GsonAdapterFactory.java:102) ~[server-1.20.1-20230612.114412-srg.jar%23135!/:?]
	at com.google.gson.internal.bind.TreeTypeAdapter.read(TreeTypeAdapter.java:76) ~[gson-2.10.jar%2372!/:?]
	at com.google.gson.internal.bind.TypeAdapterRuntimeTypeWrapper.read(TypeAdapterRuntimeTypeWrapper.java:40) ~[gson-2.10.jar%2372!/:?]
	at com.google.gson.internal.bind.ArrayTypeAdapter.read(ArrayTypeAdapter.java:72) ~[gson-2.10.jar%2372!/:?]
	at com.google.gson.Gson.fromJson(Gson.java:1214) ~[gson-2.10.jar%2372!/:?]
	at com.google.gson.Gson.fromJson(Gson.java:1319) ~[gson-2.10.jar%2372!/:?]
	at com.google.gson.Gson.fromJson(Gson.java:1290) ~[gson-2.10.jar%2372!/:?]
	at com.google.gson.internal.bind.TreeTypeAdapter$GsonContextImpl.deserialize(TreeTypeAdapter.java:179) ~[gson-2.10.jar%2372!/:?]
	at net.minecraft.util.GsonHelper.m_13808_(GsonHelper.java:463) ~[server-1.20.1-20230612.114412-srg.jar%23135!/:?]
	at net.minecraft.util.GsonHelper.m_13836_(GsonHelper.java:471) ~[server-1.20.1-20230612.114412-srg.jar%23135!/:?]
	at net.minecraft.world.level.storage.loot.LootPool$Serializer.deserialize(LootPool.java:192) ~[server-1.20.1-20230612.114412-srg.jar%23135!/:?]
	at net.minecraft.world.level.storage.loot.LootPool$Serializer.deserialize(LootPool.java:189) ~[server-1.20.1-20230612.114412-srg.jar%23135!/:?]
	at com.google.gson.internal.bind.TreeTypeAdapter.read(TreeTypeAdapter.java:76) ~[gson-2.10.jar%2372!/:?]
	at com.google.gson.internal.bind.TypeAdapterRuntimeTypeWrapper.read(TypeAdapterRuntimeTypeWrapper.java:40) ~[gson-2.10.jar%2372!/:?]
	at com.google.gson.internal.bind.ArrayTypeAdapter.read(ArrayTypeAdapter.java:72) ~[gson-2.10.jar%2372!/:?]
	at com.google.gson.Gson.fromJson(Gson.java:1214) ~[gson-2.10.jar%2372!/:?]
	at com.google.gson.Gson.fromJson(Gson.java:1319) ~[gson-2.10.jar%2372!/:?]
	at com.google.gson.Gson.fromJson(Gson.java:1290) ~[gson-2.10.jar%2372!/:?]
	at com.google.gson.internal.bind.TreeTypeAdapter$GsonContextImpl.deserialize(TreeTypeAdapter.java:179) ~[gson-2.10.jar%2372!/:?]
	at net.minecraft.util.GsonHelper.m_13808_(GsonHelper.java:463) ~[server-1.20.1-20230612.114412-srg.jar%23135!/:?]
	at net.minecraft.util.GsonHelper.m_13845_(GsonHelper.java:481) ~[server-1.20.1-20230612.114412-srg.jar%23135!/:?]
	at net.minecraft.world.level.storage.loot.LootTable$Serializer.deserialize(LootTable.java:294) ~[server-1.20.1-20230612.114412-srg.jar%23135!/:?]
	at net.minecraft.world.level.storage.loot.LootTable$Serializer.deserialize(LootTable.java:291) ~[server-1.20.1-20230612.114412-srg.jar%23135!/:?]
	at com.google.gson.internal.bind.TreeTypeAdapter.read(TreeTypeAdapter.java:76) ~[gson-2.10.jar%2372!/:?]
	at com.google.gson.Gson.fromJson(Gson.java:1214) ~[gson-2.10.jar%2372!/:?]
	at com.google.gson.Gson.fromJson(Gson.java:1319) ~[gson-2.10.jar%2372!/:?]
	at com.google.gson.Gson.fromJson(Gson.java:1261) ~[gson-2.10.jar%2372!/:?]
	at net.minecraftforge.common.ForgeHooks.loadLootTable(ForgeHooks.java:871) ~[forge-1.20.1-47.3.7-universal.jar%23140!/:?]
	at net.minecraftforge.common.ForgeHooks.lambda$getLootTableDeserializer$3(ForgeHooks.java:848) ~[forge-1.20.1-47.3.7-universal.jar%23140!/:?]
	at net.minecraft.world.level.storage.loot.LootDataType.deserialize(LootDataType.java:45) ~[server-1.20.1-20230612.114412-srg.jar%23135!/:?]
	at net.minecraft.world.level.storage.loot.LootDataManager.lambda$scheduleElementParse$4(LootDataManager.java:56) ~[server-1.20.1-20230612.114412-srg.jar%23135!/:?]
	at java.util.HashMap.forEach(HashMap.java:1421) ~[?:?]
	at net.minecraft.world.level.storage.loot.LootDataManager.m_278660_(LootDataManager.java:55) ~[server-1.20.1-20230612.114412-srg.jar%23135!/:?]
	at java.util.concurrent.CompletableFuture$AsyncRun.run(CompletableFuture.java:1804) ~[?:?]
	at java.util.concurrent.CompletableFuture$AsyncRun.exec(CompletableFuture.java:1796) ~[?:?]
	at java.util.concurrent.ForkJoinTask.doExec(ForkJoinTask.java:373) ~[?:?]
	at java.util.concurrent.ForkJoinPool$WorkQueue.topLevelExec(ForkJoinPool.java:1182) ~[?:?]
	at java.util.concurrent.ForkJoinPool.scan(ForkJoinPool.java:1655) ~[?:?]
	at java.util.concurrent.ForkJoinPool.runWorker(ForkJoinPool.java:1622) ~[?:?]
	at java.util.concurrent.ForkJoinWorkerThread.run(ForkJoinWorkerThread.java:165) ~[?:?]
[23Nov2025 22:02:31.692] [Worker-Main-2/ERROR] [net.minecraftforge.common.ForgeHooks/]: Couldn't parse element loot_tables:overweight_farming:blocks/overweight_ginger_block
com.google.gson.JsonSyntaxException: Expected name to be an item, was unknown string 'snowyspirit:ginger'
	at net.minecraft.util.GsonHelper.m_13866_(GsonHelper.java:145) ~[server-1.20.1-20230612.114412-srg.jar%23135!/:?]
	at java.util.Optional.orElseThrow(Optional.java:403) ~[?:?]
	at net.minecraft.util.GsonHelper.m_13874_(GsonHelper.java:145) ~[server-1.20.1-20230612.114412-srg.jar%23135!/:?]
	at net.minecraft.util.GsonHelper.m_13909_(GsonHelper.java:153) ~[server-1.20.1-20230612.114412-srg.jar%23135!/:?]
	at net.minecraft.world.level.storage.loot.entries.LootItem$Serializer.m_7267_(LootItem.java:55) ~[server-1.20.1-20230612.114412-srg.jar%23135!/:?]
	at net.minecraft.world.level.storage.loot.entries.LootItem$Serializer.m_7267_(LootItem.java:40) ~[server-1.20.1-20230612.114412-srg.jar%23135!/:?]
	at net.minecraft.world.level.storage.loot.entries.LootPoolSingletonContainer$Serializer.m_5921_(LootPoolSingletonContainer.java:151) ~[server-1.20.1-20230612.114412-srg.jar%23135!/:?]
	at net.minecraft.world.level.storage.loot.entries.LootPoolSingletonContainer$Serializer.m_5921_(LootPoolSingletonContainer.java:129) ~[server-1.20.1-20230612.114412-srg.jar%23135!/:?]
	at net.minecraft.world.level.storage.loot.entries.LootPoolEntryContainer$Serializer.m_7561_(LootPoolEntryContainer.java:86) ~[server-1.20.1-20230612.114412-srg.jar%23135!/:?]
	at net.minecraft.world.level.storage.loot.entries.LootPoolEntryContainer$Serializer.m_7561_(LootPoolEntryContainer.java:74) ~[server-1.20.1-20230612.114412-srg.jar%23135!/:?]
	at net.minecraft.world.level.storage.loot.GsonAdapterFactory$JsonAdapter.deserialize(GsonAdapterFactory.java:102) ~[server-1.20.1-20230612.114412-srg.jar%23135!/:?]
	at com.google.gson.internal.bind.TreeTypeAdapter.read(TreeTypeAdapter.java:76) ~[gson-2.10.jar%2372!/:?]
	at com.google.gson.internal.bind.TypeAdapterRuntimeTypeWrapper.read(TypeAdapterRuntimeTypeWrapper.java:40) ~[gson-2.10.jar%2372!/:?]
	at com.google.gson.internal.bind.ArrayTypeAdapter.read(ArrayTypeAdapter.java:72) ~[gson-2.10.jar%2372!/:?]
	at com.google.gson.Gson.fromJson(Gson.java:1214) ~[gson-2.10.jar%2372!/:?]
	at com.google.gson.Gson.fromJson(Gson.java:1319) ~[gson-2.10.jar%2372!/:?]
	at com.google.gson.Gson.fromJson(Gson.java:1290) ~[gson-2.10.jar%2372!/:?]
	at com.google.gson.internal.bind.TreeTypeAdapter$GsonContextImpl.deserialize(TreeTypeAdapter.java:179) ~[gson-2.10.jar%2372!/:?]
	at net.minecraft.util.GsonHelper.m_13808_(GsonHelper.java:463) ~[server-1.20.1-20230612.114412-srg.jar%23135!/:?]
	at net.minecraft.util.GsonHelper.m_13836_(GsonHelper.java:471) ~[server-1.20.1-20230612.114412-srg.jar%23135!/:?]
	at net.minecraft.world.level.storage.loot.entries.CompositeEntryBase$1.m_5921_(CompositeEntryBase.java:61) ~[server-1.20.1-20230612.114412-srg.jar%23135!/:?]
	at net.minecraft.world.level.storage.loot.entries.CompositeEntryBase$1.m_5921_(CompositeEntryBase.java:53) ~[server-1.20.1-20230612.114412-srg.jar%23135!/:?]
	at net.minecraft.world.level.storage.loot.entries.LootPoolEntryContainer$Serializer.m_7561_(LootPoolEntryContainer.java:86) ~[server-1.20.1-20230612.114412-srg.jar%23135!/:?]
	at net.minecraft.world.level.storage.loot.entries.LootPoolEntryContainer$Serializer.m_7561_(LootPoolEntryContainer.java:74) ~[server-1.20.1-20230612.114412-srg.jar%23135!/:?]
	at net.minecraft.world.level.storage.loot.GsonAdapterFactory$JsonAdapter.deserialize(GsonAdapterFactory.java:102) ~[server-1.20.1-20230612.114412-srg.jar%23135!/:?]
	at com.google.gson.internal.bind.TreeTypeAdapter.read(TreeTypeAdapter.java:76) ~[gson-2.10.jar%2372!/:?]
	at com.google.gson.internal.bind.TypeAdapterRuntimeTypeWrapper.read(TypeAdapterRuntimeTypeWrapper.java:40) ~[gson-2.10.jar%2372!/:?]
	at com.google.gson.internal.bind.ArrayTypeAdapter.read(ArrayTypeAdapter.java:72) ~[gson-2.10.jar%2372!/:?]
	at com.google.gson.Gson.fromJson(Gson.java:1214) ~[gson-2.10.jar%2372!/:?]
	at com.google.gson.Gson.fromJson(Gson.java:1319) ~[gson-2.10.jar%2372!/:?]
	at com.google.gson.Gson.fromJson(Gson.java:1290) ~[gson-2.10.jar%2372!/:?]
	at com.google.gson.internal.bind.TreeTypeAdapter$GsonContextImpl.deserialize(TreeTypeAdapter.java:179) ~[gson-2.10.jar%2372!/:?]
	at net.minecraft.util.GsonHelper.m_13808_(GsonHelper.java:463) ~[server-1.20.1-20230612.114412-srg.jar%23135!/:?]
	at net.minecraft.util.GsonHelper.m_13836_(GsonHelper.java:471) ~[server-1.20.1-20230612.114412-srg.jar%23135!/:?]
	at net.minecraft.world.level.storage.loot.entries.CompositeEntryBase$1.m_5921_(CompositeEntryBase.java:61) ~[server-1.20.1-20230612.114412-srg.jar%23135!/:?]
	at net.minecraft.world.level.storage.loot.entries.CompositeEntryBase$1.m_5921_(CompositeEntryBase.java:53) ~[server-1.20.1-20230612.114412-srg.jar%23135!/:?]
	at net.minecraft.world.level.storage.loot.entries.LootPoolEntryContainer$Serializer.m_7561_(LootPoolEntryContainer.java:86) ~[server-1.20.1-20230612.114412-srg.jar%23135!/:?]
	at net.minecraft.world.level.storage.loot.entries.LootPoolEntryContainer$Serializer.m_7561_(LootPoolEntryContainer.java:74) ~[server-1.20.1-20230612.114412-srg.jar%23135!/:?]
	at net.minecraft.world.level.storage.loot.GsonAdapterFactory$JsonAdapter.deserialize(GsonAdapterFactory.java:102) ~[server-1.20.1-20230612.114412-srg.jar%23135!/:?]
	at com.google.gson.internal.bind.TreeTypeAdapter.read(TreeTypeAdapter.java:76) ~[gson-2.10.jar%2372!/:?]
	at com.google.gson.internal.bind.TypeAdapterRuntimeTypeWrapper.read(TypeAdapterRuntimeTypeWrapper.java:40) ~[gson-2.10.jar%2372!/:?]
	at com.google.gson.internal.bind.ArrayTypeAdapter.read(ArrayTypeAdapter.java:72) ~[gson-2.10.jar%2372!/:?]
	at com.google.gson.Gson.fromJson(Gson.java:1214) ~[gson-2.10.jar%2372!/:?]
	at com.google.gson.Gson.fromJson(Gson.java:1319) ~[gson-2.10.jar%2372!/:?]
	at com.google.gson.Gson.fromJson(Gson.java:1290) ~[gson-2.10.jar%2372!/:?]
	at com.google.gson.internal.bind.TreeTypeAdapter$GsonContextImpl.deserialize(TreeTypeAdapter.java:179) ~[gson-2.10.jar%2372!/:?]
	at net.minecraft.util.GsonHelper.m_13808_(GsonHelper.java:463) ~[server-1.20.1-20230612.114412-srg.jar%23135!/:?]
	at net.minecraft.util.GsonHelper.m_13836_(GsonHelper.java:471) ~[server-1.20.1-20230612.114412-srg.jar%23135!/:?]
	at net.minecraft.world.level.storage.loot.LootPool$Serializer.deserialize(LootPool.java:192) ~[server-1.20.1-20230612.114412-srg.jar%23135!/:?]
	at net.minecraft.world.level.storage.loot.LootPool$Serializer.deserialize(LootPool.java:189) ~[server-1.20.1-20230612.114412-srg.jar%23135!/:?]
	at com.google.gson.internal.bind.TreeTypeAdapter.read(TreeTypeAdapter.java:76) ~[gson-2.10.jar%2372!/:?]
	at com.google.gson.internal.bind.TypeAdapterRuntimeTypeWrapper.read(TypeAdapterRuntimeTypeWrapper.java:40) ~[gson-2.10.jar%2372!/:?]
	at com.google.gson.internal.bind.ArrayTypeAdapter.read(ArrayTypeAdapter.java:72) ~[gson-2.10.jar%2372!/:?]
	at com.google.gson.Gson.fromJson(Gson.java:1214) ~[gson-2.10.jar%2372!/:?]
	at com.google.gson.Gson.fromJson(Gson.java:1319) ~[gson-2.10.jar%2372!/:?]
	at com.google.gson.Gson.fromJson(Gson.java:1290) ~[gson-2.10.jar%2372!/:?]
	at com.google.gson.internal.bind.TreeTypeAdapter$GsonContextImpl.deserialize(TreeTypeAdapter.java:179) ~[gson-2.10.jar%2372!/:?]
	at net.minecraft.util.GsonHelper.m_13808_(GsonHelper.java:463) ~[server-1.20.1-20230612.114412-srg.jar%23135!/:?]
	at net.minecraft.util.GsonHelper.m_13845_(GsonHelper.java:481) ~[server-1.20.1-20230612.114412-srg.jar%23135!/:?]
	at net.minecraft.world.level.storage.loot.LootTable$Serializer.deserialize(LootTable.java:294) ~[server-1.20.1-20230612.114412-srg.jar%23135!/:?]
	at net.minecraft.world.level.storage.loot.LootTable$Serializer.deserialize(LootTable.java:291) ~[server-1.20.1-20230612.114412-srg.jar%23135!/:?]
	at com.google.gson.internal.bind.TreeTypeAdapter.read(TreeTypeAdapter.java:76) ~[gson-2.10.jar%2372!/:?]
	at com.google.gson.Gson.fromJson(Gson.java:1214) ~[gson-2.10.jar%2372!/:?]
	at com.google.gson.Gson.fromJson(Gson.java:1319) ~[gson-2.10.jar%2372!/:?]
	at com.google.gson.Gson.fromJson(Gson.java:1261) ~[gson-2.10.jar%2372!/:?]
	at net.minecraftforge.common.ForgeHooks.loadLootTable(ForgeHooks.java:871) ~[forge-1.20.1-47.3.7-universal.jar%23140!/:?]
	at net.minecraftforge.common.ForgeHooks.lambda$getLootTableDeserializer$3(ForgeHooks.java:848) ~[forge-1.20.1-47.3.7-universal.jar%23140!/:?]
	at net.minecraft.world.level.storage.loot.LootDataType.deserialize(LootDataType.java:45) ~[server-1.20.1-20230612.114412-srg.jar%23135!/:?]
	at net.minecraft.world.level.storage.loot.LootDataManager.lambda$scheduleElementParse$4(LootDataManager.java:56) ~[server-1.20.1-20230612.114412-srg.jar%23135!/:?]
	at java.util.HashMap.forEach(HashMap.java:1421) ~[?:?]
	at net.minecraft.world.level.storage.loot.LootDataManager.m_278660_(LootDataManager.java:55) ~[server-1.20.1-20230612.114412-srg.jar%23135!/:?]
	at java.util.concurrent.CompletableFuture$AsyncRun.run(CompletableFuture.java:1804) ~[?:?]
	at java.util.concurrent.CompletableFuture$AsyncRun.exec(CompletableFuture.java:1796) ~[?:?]
	at java.util.concurrent.ForkJoinTask.doExec(ForkJoinTask.java:373) ~[?:?]
	at java.util.concurrent.ForkJoinPool$WorkQueue.topLevelExec(ForkJoinPool.java:1182) ~[?:?]
	at java.util.concurrent.ForkJoinPool.scan(ForkJoinPool.java:1655) ~[?:?]
	at java.util.concurrent.ForkJoinPool.runWorker(ForkJoinPool.java:1622) ~[?:?]
	at java.util.concurrent.ForkJoinWorkerThread.run(ForkJoinWorkerThread.java:165) ~[?:?]
[23Nov2025 22:02:31.869] [main/INFO] [net.minecraft.world.item.crafting.RecipeManager/]: Skipping loading recipe botanypots:rusticdelight/crop/wild_cotton as it's serializer returned null
[23Nov2025 22:02:31.878] [main/INFO] [net.minecraft.world.item.crafting.RecipeManager/]: Skipping loading recipe botanypots:rusticdelight/crop/wild_bell_peppers as it's serializer returned null
[23Nov2025 22:02:31.894] [main/INFO] [net.minecraft.world.item.crafting.RecipeManager/]: Skipping loading recipe rusticdelight:brewing/coffee as it's serializer returned null
[23Nov2025 22:02:31.939] [main/DEBUG] [doapi/]: Starting to load conditional recipe named: conditional:create/mixing/yeast
[23Nov2025 22:02:31.966] [main/ERROR] [net.minecraft.world.item.crafting.RecipeManager/]: Parsing error loading recipe nethersdelight:cutting/hoglin_sausage_alt
com.google.gson.JsonSyntaxException: Unknown item 'nethersdelight:hoglin_loin'
	at net.minecraft.world.item.crafting.ShapedRecipe.m_151280_(ShapedRecipe.java:292) ~[server-1.20.1-20230612.114412-srg.jar%23135!/:?]
	at java.util.Optional.orElseThrow(Optional.java:403) ~[?:?]
	at net.minecraft.world.item.crafting.ShapedRecipe.m_151278_(ShapedRecipe.java:291) ~[server-1.20.1-20230612.114412-srg.jar%23135!/:?]
	at net.minecraft.world.item.crafting.Ingredient.m_43919_(Ingredient.java:219) ~[server-1.20.1-20230612.114412-srg.jar%23135!/:?]
	at net.minecraftforge.common.crafting.VanillaIngredientSerializer.parse(VanillaIngredientSerializer.java:27) ~[forge-1.20.1-47.3.7-universal.jar%23140!/:?]
	at net.minecraftforge.common.crafting.CraftingHelper.getIngredient(CraftingHelper.java:148) ~[forge-1.20.1-47.3.7-universal.jar%23140!/:?]
	at net.minecraft.world.item.crafting.Ingredient.m_288218_(Ingredient.java:194) ~[server-1.20.1-20230612.114412-srg.jar%23135!/:?]
	at net.minecraft.world.item.crafting.Ingredient.m_43917_(Ingredient.java:189) ~[server-1.20.1-20230612.114412-srg.jar%23135!/:?]
	at vectorwing.farmersdelight.common.crafting.CuttingBoardRecipe$Serializer.readIngredients(CuttingBoardRecipe.java:195) ~[FarmersDelight-1.20.1-1.2.9.jar%23120!/:1.20.1-1.2.9]
	at vectorwing.farmersdelight.common.crafting.CuttingBoardRecipe$Serializer.fromJson(CuttingBoardRecipe.java:172) ~[FarmersDelight-1.20.1-1.2.9.jar%23120!/:1.20.1-1.2.9]
	at vectorwing.farmersdelight.common.crafting.CuttingBoardRecipe$Serializer.m_6729_(CuttingBoardRecipe.java:164) ~[FarmersDelight-1.20.1-1.2.9.jar%23120!/:1.20.1-1.2.9]
	at net.minecraftforge.common.extensions.IForgeRecipeSerializer.fromJson(IForgeRecipeSerializer.java:23) ~[forge-1.20.1-47.3.7-universal.jar%23140!/:?]
	at net.minecraft.world.item.crafting.RecipeManager.fromJson(RecipeManager.java:171) ~[server-1.20.1-20230612.114412-srg.jar%23135!/:?]
	at net.minecraft.world.item.crafting.RecipeManager.m_5787_(RecipeManager.java:67) ~[server-1.20.1-20230612.114412-srg.jar%23135!/:?]
	at net.minecraft.world.item.crafting.RecipeManager.m_5787_(RecipeManager.java:34) ~[server-1.20.1-20230612.114412-srg.jar%23135!/:?]
	at net.minecraft.server.packs.resources.SimplePreparableReloadListener.m_10789_(SimplePreparableReloadListener.java:13) ~[server-1.20.1-20230612.114412-srg.jar%23135!/:?]
	at java.util.concurrent.CompletableFuture$UniAccept.tryFire(CompletableFuture.java:718) ~[?:?]
	at java.util.concurrent.CompletableFuture$Completion.run(CompletableFuture.java:482) ~[?:?]
	at net.minecraft.server.packs.resources.SimpleReloadInstance.m_143940_(SimpleReloadInstance.java:69) ~[server-1.20.1-20230612.114412-srg.jar%23135!/:?]
	at net.minecraft.Util.m_214652_(Util.java:783) ~[server-1.20.1-20230612.114412-srg.jar%23135!/:?]
	at net.minecraft.Util.m_214679_(Util.java:772) ~[server-1.20.1-20230612.114412-srg.jar%23135!/:?]
	at net.minecraft.server.Main.main(Main.java:166) ~[server-1.20.1-20230612.114412-srg.jar%23135!/:?]
	at jdk.internal.reflect.NativeMethodAccessorImpl.invoke0(Native Method) ~[?:?]
	at jdk.internal.reflect.NativeMethodAccessorImpl.invoke(NativeMethodAccessorImpl.java:77) ~[?:?]
	at jdk.internal.reflect.DelegatingMethodAccessorImpl.invoke(DelegatingMethodAccessorImpl.java:43) ~[?:?]
	at java.lang.reflect.Method.invoke(Method.java:569) ~[?:?]
	at net.minecraftforge.fml.loading.targets.CommonLaunchHandler.runTarget(CommonLaunchHandler.java:111) ~[fmlloader-1.20.1-47.3.7.jar%2369!/:?]
	at net.minecraftforge.fml.loading.targets.CommonLaunchHandler.serverService(CommonLaunchHandler.java:103) ~[fmlloader-1.20.1-47.3.7.jar%2369!/:?]
	at net.minecraftforge.fml.loading.targets.CommonServerLaunchHandler.lambda$makeService$0(CommonServerLaunchHandler.java:27) ~[fmlloader-1.20.1-47.3.7.jar%2369!/:?]
	at cpw.mods.modlauncher.LaunchServiceHandlerDecorator.launch(LaunchServiceHandlerDecorator.java:30) ~[modlauncher-10.0.9.jar%2355!/:?]
	at cpw.mods.modlauncher.LaunchServiceHandler.launch(LaunchServiceHandler.java:53) ~[modlauncher-10.0.9.jar%2355!/:?]
	at cpw.mods.modlauncher.LaunchServiceHandler.launch(LaunchServiceHandler.java:71) ~[modlauncher-10.0.9.jar%2355!/:?]
	at cpw.mods.modlauncher.Launcher.run(Launcher.java:108) ~[modlauncher-10.0.9.jar%2355!/:?]
	at cpw.mods.modlauncher.Launcher.main(Launcher.java:78) ~[modlauncher-10.0.9.jar%2355!/:?]
	at cpw.mods.modlauncher.BootstrapLaunchConsumer.accept(BootstrapLaunchConsumer.java:26) ~[modlauncher-10.0.9.jar%2355!/:?]
	at cpw.mods.modlauncher.BootstrapLaunchConsumer.accept(BootstrapLaunchConsumer.java:23) ~[modlauncher-10.0.9.jar%2355!/:?]
	at cpw.mods.bootstraplauncher.BootstrapLauncher.main(BootstrapLauncher.java:141) ~[bootstraplauncher-1.1.2.jar:?]
[23Nov2025 22:02:31.967] [main/INFO] [net.minecraft.world.item.crafting.RecipeManager/]: Skipping loading recipe botanypots:rusticdelight/crop/coffee as it's serializer returned null
[23Nov2025 22:02:31.993] [main/DEBUG] [doapi/]: Starting to load conditional recipe named: conditional:create/mixing/dough
[23Nov2025 22:02:32.030] [main/ERROR] [net.minecraft.world.item.crafting.RecipeManager/]: Parsing error loading recipe farmersrespite:chilidog_alt
com.google.gson.JsonSyntaxException: Unknown item 'farmersrespite:blazing_chili'
	at net.minecraft.world.item.crafting.ShapedRecipe.m_151280_(ShapedRecipe.java:292) ~[server-1.20.1-20230612.114412-srg.jar%23135!/:?]
	at java.util.Optional.orElseThrow(Optional.java:403) ~[?:?]
	at net.minecraft.world.item.crafting.ShapedRecipe.m_151278_(ShapedRecipe.java:291) ~[server-1.20.1-20230612.114412-srg.jar%23135!/:?]
	at net.minecraft.world.item.crafting.Ingredient.m_43919_(Ingredient.java:219) ~[server-1.20.1-20230612.114412-srg.jar%23135!/:?]
	at net.minecraftforge.common.crafting.VanillaIngredientSerializer.parse(VanillaIngredientSerializer.java:27) ~[forge-1.20.1-47.3.7-universal.jar%23140!/:?]
	at net.minecraftforge.common.crafting.CraftingHelper.getIngredient(CraftingHelper.java:148) ~[forge-1.20.1-47.3.7-universal.jar%23140!/:?]
	at net.minecraft.world.item.crafting.Ingredient.m_288218_(Ingredient.java:194) ~[server-1.20.1-20230612.114412-srg.jar%23135!/:?]
	at net.minecraft.world.item.crafting.ShapelessRecipe$Serializer.m_44275_(ShapelessRecipe.java:104) ~[server-1.20.1-20230612.114412-srg.jar%23135!/:?]
	at net.minecraft.world.item.crafting.ShapelessRecipe$Serializer.m_6729_(ShapelessRecipe.java:89) ~[server-1.20.1-20230612.114412-srg.jar%23135!/:?]
	at net.minecraft.world.item.crafting.ShapelessRecipe$Serializer.m_6729_(ShapelessRecipe.java:84) ~[server-1.20.1-20230612.114412-srg.jar%23135!/:?]
	at net.minecraftforge.common.extensions.IForgeRecipeSerializer.fromJson(IForgeRecipeSerializer.java:23) ~[forge-1.20.1-47.3.7-universal.jar%23140!/:?]
	at net.minecraft.world.item.crafting.RecipeManager.fromJson(RecipeManager.java:171) ~[server-1.20.1-20230612.114412-srg.jar%23135!/:?]
	at net.minecraft.world.item.crafting.RecipeManager.m_5787_(RecipeManager.java:67) ~[server-1.20.1-20230612.114412-srg.jar%23135!/:?]
	at net.minecraft.world.item.crafting.RecipeManager.m_5787_(RecipeManager.java:34) ~[server-1.20.1-20230612.114412-srg.jar%23135!/:?]
	at net.minecraft.server.packs.resources.SimplePreparableReloadListener.m_10789_(SimplePreparableReloadListener.java:13) ~[server-1.20.1-20230612.114412-srg.jar%23135!/:?]
	at java.util.concurrent.CompletableFuture$UniAccept.tryFire(CompletableFuture.java:718) ~[?:?]
	at java.util.concurrent.CompletableFuture$Completion.run(CompletableFuture.java:482) ~[?:?]
	at net.minecraft.server.packs.resources.SimpleReloadInstance.m_143940_(SimpleReloadInstance.java:69) ~[server-1.20.1-20230612.114412-srg.jar%23135!/:?]
	at net.minecraft.Util.m_214652_(Util.java:783) ~[server-1.20.1-20230612.114412-srg.jar%23135!/:?]
	at net.minecraft.Util.m_214679_(Util.java:772) ~[server-1.20.1-20230612.114412-srg.jar%23135!/:?]
	at net.minecraft.server.Main.main(Main.java:166) ~[server-1.20.1-20230612.114412-srg.jar%23135!/:?]
	at jdk.internal.reflect.NativeMethodAccessorImpl.invoke0(Native Method) ~[?:?]
	at jdk.internal.reflect.NativeMethodAccessorImpl.invoke(NativeMethodAccessorImpl.java:77) ~[?:?]
	at jdk.internal.reflect.DelegatingMethodAccessorImpl.invoke(DelegatingMethodAccessorImpl.java:43) ~[?:?]
	at java.lang.reflect.Method.invoke(Method.java:569) ~[?:?]
	at net.minecraftforge.fml.loading.targets.CommonLaunchHandler.runTarget(CommonLaunchHandler.java:111) ~[fmlloader-1.20.1-47.3.7.jar%2369!/:?]
	at net.minecraftforge.fml.loading.targets.CommonLaunchHandler.serverService(CommonLaunchHandler.java:103) ~[fmlloader-1.20.1-47.3.7.jar%2369!/:?]
	at net.minecraftforge.fml.loading.targets.CommonServerLaunchHandler.lambda$makeService$0(CommonServerLaunchHandler.java:27) ~[fmlloader-1.20.1-47.3.7.jar%2369!/:?]
	at cpw.mods.modlauncher.LaunchServiceHandlerDecorator.launch(LaunchServiceHandlerDecorator.java:30) ~[modlauncher-10.0.9.jar%2355!/:?]
	at cpw.mods.modlauncher.LaunchServiceHandler.launch(LaunchServiceHandler.java:53) ~[modlauncher-10.0.9.jar%2355!/:?]
	at cpw.mods.modlauncher.LaunchServiceHandler.launch(LaunchServiceHandler.java:71) ~[modlauncher-10.0.9.jar%2355!/:?]
	at cpw.mods.modlauncher.Launcher.run(Launcher.java:108) ~[modlauncher-10.0.9.jar%2355!/:?]
	at cpw.mods.modlauncher.Launcher.main(Launcher.java:78) ~[modlauncher-10.0.9.jar%2355!/:?]
	at cpw.mods.modlauncher.BootstrapLaunchConsumer.accept(BootstrapLaunchConsumer.java:26) ~[modlauncher-10.0.9.jar%2355!/:?]
	at cpw.mods.modlauncher.BootstrapLaunchConsumer.accept(BootstrapLaunchConsumer.java:23) ~[modlauncher-10.0.9.jar%2355!/:?]
	at cpw.mods.bootstraplauncher.BootstrapLauncher.main(BootstrapLauncher.java:141) ~[bootstraplauncher-1.1.2.jar:?]
[23Nov2025 22:02:32.036] [main/DEBUG] [doapi/]: Starting to load conditional recipe named: conditional:create/mixing/sweet_dough
[23Nov2025 22:02:32.050] [main/INFO] [net.minecraft.world.item.crafting.RecipeManager/]: Skipping loading recipe botanypots:rusticdelight/crop/bell_peppers as it's serializer returned null
[23Nov2025 22:02:32.055] [main/DEBUG] [doapi/]: Starting to load conditional recipe named: conditional:create/mixing/cake_dough
[23Nov2025 22:02:32.081] [main/INFO] [net.minecraft.world.item.crafting.RecipeManager/]: Skipping loading recipe botanypots:rusticdelight/crop/cotton as it's serializer returned null
[23Nov2025 22:02:32.083] [main/INFO] [net.minecraft.world.item.crafting.RecipeManager/]: Skipping loading recipe botanypots:rusticdelight/crop/wild_coffee as it's serializer returned null
[23Nov2025 22:02:32.094] [main/INFO] [net.minecraft.world.item.crafting.RecipeManager/]: Loaded 36 recipes
[23Nov2025 22:02:32.126] [main/ERROR] [net.minecraft.server.ServerAdvancementManager/]: Parsing error loading custom advancement overweight_farming:husbandry/peel_overweight_onion: Failed to parse 'location' field
[23Nov2025 22:02:32.141] [main/ERROR] [net.minecraft.server.ServerAdvancementManager/]: Parsing error loading custom advancement overweight_farming:husbandry/unpeel_vegetables: Failed to parse 'location' field
[23Nov2025 22:02:32.224] [main/INFO] [net.minecraft.advancements.AdvancementList/]: Loaded 3041 advancements
[23Nov2025 22:02:32.339] [main/DEBUG] [someassemblyrequired.SomeAssemblyRequired/]: Skipping loading ingredient some_assembly_required:miners_delight/vegan_patty as it's conditions were not met
[23Nov2025 22:02:32.339] [main/INFO] [someassemblyrequired.SomeAssemblyRequired/]: Loaded 66 sandwich ingredients
[23Nov2025 22:02:32.340] [main/DEBUG] [sophisticatedbackpacks/]: Started loading registry data from sophisticatedbackpacks:compat/woot/block_tools 
[23Nov2025 22:02:32.341] [main/DEBUG] [sophisticatedbackpacks/]: Started loading registry data from sophisticatedbackpacks:compat/fluxnetworks/block_tools 
[23Nov2025 22:02:32.341] [main/DEBUG] [sophisticatedbackpacks/]: Started loading registry data from sophisticatedbackpacks:compat/mob_grinding_utils/entity_tools 
[23Nov2025 22:02:32.341] [main/DEBUG] [sophisticatedbackpacks/]: Started loading registry data from sophisticatedbackpacks:compat/astralsorcery/block_tools 
[23Nov2025 22:02:32.341] [main/DEBUG] [sophisticatedbackpacks/]: Started loading registry data from sophisticatedbackpacks:compat/immersivepetroleum/block_tools 
[23Nov2025 22:02:32.341] [main/DEBUG] [sophisticatedbackpacks/]: Started loading registry data from sophisticatedbackpacks:compat/immersiveengineering/block_tools 
[23Nov2025 22:02:32.341] [main/DEBUG] [sophisticatedbackpacks/]: Started loading registry data from sophisticatedbackpacks:compat/pedestals/block_tools 
[23Nov2025 22:02:32.341] [main/DEBUG] [sophisticatedbackpacks/]: Started loading registry data from sophisticatedbackpacks:compat/platforms/block_tools 
[23Nov2025 22:02:32.341] [main/DEBUG] [sophisticatedbackpacks/]: Started loading registry data from sophisticatedbackpacks:compat/rftoolsutility/entity_tools 
[23Nov2025 22:02:32.341] [main/DEBUG] [sophisticatedbackpacks/]: Started loading registry data from sophisticatedbackpacks:compat/compactmachines/block_tools 
[23Nov2025 22:02:32.341] [main/DEBUG] [sophisticatedbackpacks/]: Started loading registry data from sophisticatedbackpacks:compat/mcwwindows/block_tools 
[23Nov2025 22:02:32.341] [main/DEBUG] [sophisticatedbackpacks/]: Started loading registry data from sophisticatedbackpacks:compat/integrateddynamics/block_tools 
[23Nov2025 22:02:32.341] [main/DEBUG] [sophisticatedbackpacks/]: Started loading registry data from sophisticatedbackpacks:entity_tools 
[23Nov2025 22:02:32.344] [main/DEBUG] [sophisticatedbackpacks/]: Finished loading registry data for sophisticatedbackpacks:entity_tools
[23Nov2025 22:02:32.344] [main/DEBUG] [sophisticatedbackpacks/]: Started loading registry data from sophisticatedbackpacks:compat/mekanism/block_tools 
[23Nov2025 22:02:32.344] [main/DEBUG] [sophisticatedbackpacks/]: Started loading registry data from sophisticatedbackpacks:compat/powah/block_tools 
[23Nov2025 22:02:32.344] [main/DEBUG] [sophisticatedbackpacks/]: Started loading registry data from sophisticatedbackpacks:compat/apotheosis/entity_tools 
[23Nov2025 22:02:32.344] [main/DEBUG] [sophisticatedbackpacks/]: Started loading registry data from sophisticatedbackpacks:compat/bloodmagic/block_tools 
[23Nov2025 22:02:32.344] [main/DEBUG] [sophisticatedbackpacks/]: Started loading registry data from sophisticatedbackpacks:compat/immersiveposts/block_tools 
[23Nov2025 22:02:32.344] [main/DEBUG] [sophisticatedbackpacks/]: Started loading registry data from sophisticatedbackpacks:compat/rats/entity_tools 
[23Nov2025 22:02:32.344] [main/DEBUG] [sophisticatedbackpacks/]: Started loading registry data from sophisticatedbackpacks:compat/framedcompactdrawers/block_tools 
[23Nov2025 22:02:32.344] [main/DEBUG] [sophisticatedbackpacks/]: Started loading registry data from sophisticatedbackpacks:compat/iceandfire/entity_tools 
[23Nov2025 22:02:32.344] [main/DEBUG] [sophisticatedbackpacks/]: Started loading registry data from sophisticatedbackpacks:compat/storagedrawers/block_tools 
[23Nov2025 22:02:32.344] [main/DEBUG] [sophisticatedbackpacks/]: Started loading registry data from sophisticatedbackpacks:compat/mcwroofs/block_tools 
[23Nov2025 22:02:32.344] [main/DEBUG] [sophisticatedbackpacks/]: Started loading registry data from sophisticatedbackpacks:compat/morphtool/block_tools 
[23Nov2025 22:02:32.344] [main/DEBUG] [sophisticatedbackpacks/]: Started loading registry data from sophisticatedbackpacks:compat/botania/block_tools 
[23Nov2025 22:02:32.344] [main/DEBUG] [sophisticatedbackpacks/]: Started loading registry data from sophisticatedbackpacks:compat/pneumaticraft/block_tools 
[23Nov2025 22:02:32.344] [main/DEBUG] [sophisticatedbackpacks/]: Started loading registry data from sophisticatedbackpacks:compat/shrink/entity_tools 
[23Nov2025 22:02:32.344] [main/DEBUG] [sophisticatedbackpacks/]: Started loading registry data from sophisticatedbackpacks:compat/blockcarpentry/block_tools 
[23Nov2025 22:02:32.344] [main/DEBUG] [sophisticatedbackpacks/]: Started loading registry data from sophisticatedbackpacks:compat/pipez/block_tools 
[23Nov2025 22:02:32.344] [main/DEBUG] [sophisticatedbackpacks/]: Started loading registry data from sophisticatedbackpacks:compat/transport/block_tools 
[23Nov2025 22:02:32.344] [main/DEBUG] [sophisticatedbackpacks/]: Started loading registry data from sophisticatedbackpacks:compat/thermal/block_tools 
[23Nov2025 22:02:32.344] [main/DEBUG] [sophisticatedbackpacks/]: Started loading registry data from sophisticatedbackpacks:block_tools 
[23Nov2025 22:02:32.344] [main/DEBUG] [sophisticatedbackpacks/]: Finished loading registry data for sophisticatedbackpacks:block_tools
[23Nov2025 22:02:32.344] [main/DEBUG] [sophisticatedbackpacks/]: Started loading registry data from sophisticatedbackpacks:compat/create/block_tools 
[23Nov2025 22:02:32.345] [main/DEBUG] [sophisticatedbackpacks/]: Finished loading registry data for sophisticatedbackpacks:compat/create/block_tools
[23Nov2025 22:02:32.345] [main/DEBUG] [sophisticatedbackpacks/]: Started loading registry data from sophisticatedbackpacks:compat/farmersdelight/entity_tools 
[23Nov2025 22:02:32.345] [main/DEBUG] [sophisticatedbackpacks/]: Finished loading registry data for sophisticatedbackpacks:compat/farmersdelight/entity_tools
[23Nov2025 22:02:32.345] [main/DEBUG] [sophisticatedbackpacks/]: Started loading registry data from sophisticatedbackpacks:compat/refinedstorage/block_tools 
[23Nov2025 22:02:32.345] [main/DEBUG] [sophisticatedbackpacks/]: Started loading registry data from sophisticatedbackpacks:compat/chiselsandbits/block_tools 
[23Nov2025 22:02:32.346] [main/DEBUG] [sophisticatedbackpacks/]: Started loading registry data from sophisticatedbackpacks:compat/farmersdelight/block_tools 
[23Nov2025 22:02:32.346] [main/DEBUG] [sophisticatedbackpacks/]: Finished loading registry data for sophisticatedbackpacks:compat/farmersdelight/block_tools
[23Nov2025 22:02:32.346] [main/DEBUG] [sophisticatedbackpacks/]: Started loading registry data from sophisticatedbackpacks:compat/resourcefulbees/entity_tools 
[23Nov2025 22:02:32.346] [main/DEBUG] [sophisticatedbackpacks/]: Started loading registry data from sophisticatedbackpacks:compat/tetra/swords 
[23Nov2025 22:02:32.346] [main/DEBUG] [sophisticatedbackpacks/]: Started loading registry data from sophisticatedbackpacks:swords 
[23Nov2025 22:02:32.346] [main/DEBUG] [sophisticatedbackpacks/]: Finished loading registry data for sophisticatedbackpacks:swords
[23Nov2025 22:02:32.346] [main/DEBUG] [sophisticatedbackpacks/]: Started loading registry data from sophisticatedbackpacks:compat/mythicbotany/block_tools 
[23Nov2025 22:02:32.346] [main/DEBUG] [sophisticatedbackpacks/]: Started loading registry data from sophisticatedbackpacks:compat/resourcefulbees/block_tools 
[23Nov2025 22:02:32.346] [main/DEBUG] [sophisticatedbackpacks/]: Started loading registry data from sophisticatedbackpacks:compat/syp/entity_tools 
[23Nov2025 22:02:32.346] [main/DEBUG] [sophisticatedbackpacks/]: Started loading registry data from sophisticatedbackpacks:compat/eidolon/block_tools 
[23Nov2025 22:02:32.346] [main/DEBUG] [sophisticatedbackpacks/]: Started loading registry data from sophisticatedbackpacks:compat/rftoolsbase/block_tools 
[23Nov2025 22:02:33.951] [main/DEBUG] [net.minecraftforge.common.ForgeHooks/WP]: Gathering id map for writing to world save world
[23Nov2025 22:02:33.994] [main/DEBUG] [net.minecraftforge.common.ForgeHooks/WP]: ID Map collection complete world
[23Nov2025 22:02:34.034] [Server thread/INFO] [net.minecraft.server.dedicated.DedicatedServer/]: Starting minecraft server version 1.20.1
[23Nov2025 22:02:34.035] [Server thread/INFO] [net.minecraft.server.dedicated.DedicatedServer/]: Loading properties
[23Nov2025 22:02:34.035] [Server thread/INFO] [net.minecraft.server.dedicated.DedicatedServer/]: Default game type: SURVIVAL
[23Nov2025 22:02:34.035] [Server thread/INFO] [net.minecraft.server.MinecraftServer/]: Generating keypair
[23Nov2025 22:02:34.114] [Server thread/INFO] [net.minecraft.server.dedicated.DedicatedServer/]: Starting Minecraft server on *:25565
[23Nov2025 22:02:34.114] [Server thread/DEBUG] [net.minecraftforge.network.DualStackUtils/]: Detected IPv6 address: "0:0:0:0:0:0:0:0"
[23Nov2025 22:02:34.121] [Server thread/DEBUG] [io.netty.util.internal.NativeLibraryLoader/]: -Dio.netty.native.workdir: /tmp (io.netty.tmpdir)
[23Nov2025 22:02:34.122] [Server thread/DEBUG] [io.netty.util.internal.NativeLibraryLoader/]: -Dio.netty.native.deleteLibAfterLoading: true
[23Nov2025 22:02:34.122] [Server thread/DEBUG] [io.netty.util.internal.NativeLibraryLoader/]: -Dio.netty.native.tryPatchShadedId: true
[23Nov2025 22:02:34.122] [Server thread/DEBUG] [io.netty.util.internal.NativeLibraryLoader/]: -Dio.netty.native.detectNativeLibraryDuplicates: true
[23Nov2025 22:02:34.130] [Server thread/DEBUG] [io.netty.util.internal.NativeLibraryLoader/]: Successfully loaded the library /tmp/libnetty_transport_native_epoll_x86_643605138423958299623.so
[23Nov2025 22:02:34.132] [Server thread/DEBUG] [io.netty.util.NetUtil/]: -Djava.net.preferIPv4Stack: false
[23Nov2025 22:02:34.132] [Server thread/DEBUG] [io.netty.util.NetUtil/]: -Djava.net.preferIPv6Addresses: true
[23Nov2025 22:02:34.134] [Server thread/DEBUG] [io.netty.util.NetUtilInitializations/]: Loopback interface: lo (lo, 0:0:0:0:0:0:0:1%lo)
[23Nov2025 22:02:34.135] [Server thread/DEBUG] [io.netty.util.NetUtil/]: /proc/sys/net/core/somaxconn: 4096
[23Nov2025 22:02:34.139] [Server thread/INFO] [net.minecraft.server.network.ServerConnectionListener/]: Using epoll channel type
[23Nov2025 22:02:34.154] [Server thread/DEBUG] [io.netty.channel.MultithreadEventLoopGroup/]: -Dio.netty.eventLoopThreads: 8
[23Nov2025 22:02:34.175] [Server thread/DEBUG] [io.netty.util.internal.PlatformDependent/]: org.jctools-core.MpscChunkedArrayQueue: available
[23Nov2025 22:02:34.183] [Server thread/DEBUG] [io.netty.channel.DefaultChannelId/]: -Dio.netty.processId: 10114 (auto-detected)
[23Nov2025 22:02:34.184] [Server thread/DEBUG] [io.netty.channel.DefaultChannelId/]: -Dio.netty.machineId: 7c:1e:52:ff:fe:aa:8c:3d (auto-detected)
[23Nov2025 22:02:34.207] [Server thread/DEBUG] [io.netty.buffer.PooledByteBufAllocator/]: -Dio.netty.allocator.numHeapArenas: 8
[23Nov2025 22:02:34.208] [Server thread/DEBUG] [io.netty.buffer.PooledByteBufAllocator/]: -Dio.netty.allocator.numDirectArenas: 8
[23Nov2025 22:02:34.208] [Server thread/DEBUG] [io.netty.buffer.PooledByteBufAllocator/]: -Dio.netty.allocator.pageSize: 8192
[23Nov2025 22:02:34.208] [Server thread/DEBUG] [io.netty.buffer.PooledByteBufAllocator/]: -Dio.netty.allocator.maxOrder: 9
[23Nov2025 22:02:34.208] [Server thread/DEBUG] [io.netty.buffer.PooledByteBufAllocator/]: -Dio.netty.allocator.chunkSize: 4194304
[23Nov2025 22:02:34.208] [Server thread/DEBUG] [io.netty.buffer.PooledByteBufAllocator/]: -Dio.netty.allocator.smallCacheSize: 256
[23Nov2025 22:02:34.208] [Server thread/DEBUG] [io.netty.buffer.PooledByteBufAllocator/]: -Dio.netty.allocator.normalCacheSize: 64
[23Nov2025 22:02:34.208] [Server thread/DEBUG] [io.netty.buffer.PooledByteBufAllocator/]: -Dio.netty.allocator.maxCachedBufferCapacity: 32768
[23Nov2025 22:02:34.208] [Server thread/DEBUG] [io.netty.buffer.PooledByteBufAllocator/]: -Dio.netty.allocator.cacheTrimInterval: 8192
[23Nov2025 22:02:34.208] [Server thread/DEBUG] [io.netty.buffer.PooledByteBufAllocator/]: -Dio.netty.allocator.cacheTrimIntervalMillis: 0
[23Nov2025 22:02:34.208] [Server thread/DEBUG] [io.netty.buffer.PooledByteBufAllocator/]: -Dio.netty.allocator.useCacheForAllThreads: false
[23Nov2025 22:02:34.208] [Server thread/DEBUG] [io.netty.buffer.PooledByteBufAllocator/]: -Dio.netty.allocator.maxCachedByteBuffersPerChunk: 1023
[23Nov2025 22:02:34.217] [Server thread/DEBUG] [io.netty.buffer.ByteBufUtil/]: -Dio.netty.allocator.type: pooled
[23Nov2025 22:02:34.217] [Server thread/DEBUG] [io.netty.buffer.ByteBufUtil/]: -Dio.netty.threadLocalDirectBufferSize: 0
[23Nov2025 22:02:34.217] [Server thread/DEBUG] [io.netty.buffer.ByteBufUtil/]: -Dio.netty.maxThreadLocalCharBufferSize: 16384
[23Nov2025 22:02:34.227] [Server thread/WARN] [net.minecraft.server.dedicated.DedicatedServer/]: **** SERVER IS RUNNING IN OFFLINE/INSECURE MODE!
[23Nov2025 22:02:34.228] [Server thread/WARN] [net.minecraft.server.dedicated.DedicatedServer/]: The server will make no attempt to authenticate usernames. Beware.
[23Nov2025 22:02:34.228] [Server thread/WARN] [net.minecraft.server.dedicated.DedicatedServer/]: While this makes the game possible to play without internet access, it also opens up the ability for hackers to connect with any username they choose.
[23Nov2025 22:02:34.228] [Server thread/WARN] [net.minecraft.server.dedicated.DedicatedServer/]: To change this, set "online-mode" to "true" in the server.properties file.
[23Nov2025 22:02:34.256] [Server thread/DEBUG] [net.minecraftforge.fml.config.ConfigTracker/CONFIG]: Loading configs type SERVER
[23Nov2025 22:02:34.257] [Server thread/DEBUG] [net.minecraftforge.fml.config.ConfigFileTypeHandler/CONFIG]: Built TOML config for ./world/serverconfig/pizzadelight-server.toml
[23Nov2025 22:02:34.257] [Server thread/DEBUG] [net.minecraftforge.fml.config.ConfigFileTypeHandler/CONFIG]: Loaded TOML config file ./world/serverconfig/pizzadelight-server.toml
[23Nov2025 22:02:34.258] [Server thread/DEBUG] [net.minecraftforge.fml.config.ConfigFileTypeHandler/CONFIG]: Watching TOML config file ./world/serverconfig/pizzadelight-server.toml for changes
[23Nov2025 22:02:34.258] [Server thread/DEBUG] [net.minecraftforge.fml.config.ConfigFileTypeHandler/CONFIG]: Built TOML config for ./world/serverconfig/jei-server.toml
[23Nov2025 22:02:34.258] [Thread-1/DEBUG] [net.minecraftforge.fml.config.ConfigFileTypeHandler/CONFIG]: Config file pizzadelight-server.toml changed, sending notifies
[23Nov2025 22:02:34.258] [Server thread/DEBUG] [net.minecraftforge.fml.config.ConfigFileTypeHandler/CONFIG]: Loaded TOML config file ./world/serverconfig/jei-server.toml
[23Nov2025 22:02:34.258] [Server thread/DEBUG] [net.minecraftforge.fml.config.ConfigFileTypeHandler/CONFIG]: Watching TOML config file ./world/serverconfig/jei-server.toml for changes
[23Nov2025 22:02:34.259] [Server thread/DEBUG] [net.minecraftforge.fml.config.ConfigFileTypeHandler/CONFIG]: Built TOML config for ./world/serverconfig/tacz-server.toml
[23Nov2025 22:02:34.259] [Thread-1/DEBUG] [net.minecraftforge.fml.config.ConfigFileTypeHandler/CONFIG]: Config file pizzadelight-server.toml changed, sending notifies
[23Nov2025 22:02:34.259] [Server thread/DEBUG] [net.minecraftforge.fml.config.ConfigFileTypeHandler/CONFIG]: Loaded TOML config file ./world/serverconfig/tacz-server.toml
[23Nov2025 22:02:34.260] [Server thread/DEBUG] [net.minecraftforge.fml.config.ConfigFileTypeHandler/CONFIG]: Watching TOML config file ./world/serverconfig/tacz-server.toml for changes
[23Nov2025 22:02:34.262] [Thread-1/DEBUG] [net.minecraftforge.fml.config.ConfigFileTypeHandler/CONFIG]: Config file jei-server.toml changed, sending notifies
[23Nov2025 22:02:34.263] [Thread-1/DEBUG] [net.minecraftforge.fml.config.ConfigFileTypeHandler/CONFIG]: Config file tacz-server.toml changed, sending notifies
[23Nov2025 22:02:34.263] [Server thread/DEBUG] [net.minecraftforge.fml.config.ConfigFileTypeHandler/CONFIG]: Built TOML config for ./world/serverconfig/sophisticatedbackpacks-server.toml
[23Nov2025 22:02:34.266] [Server thread/DEBUG] [net.minecraftforge.fml.config.ConfigFileTypeHandler/CONFIG]: Loaded TOML config file ./world/serverconfig/sophisticatedbackpacks-server.toml
[23Nov2025 22:02:34.266] [Thread-1/DEBUG] [net.minecraftforge.fml.config.ConfigFileTypeHandler/CONFIG]: Config file tacz-server.toml changed, sending notifies
[23Nov2025 22:02:34.270] [Server thread/DEBUG] [net.minecraftforge.fml.config.ConfigFileTypeHandler/CONFIG]: Watching TOML config file ./world/serverconfig/sophisticatedbackpacks-server.toml for changes
[23Nov2025 22:02:34.277] [Thread-1/DEBUG] [net.minecraftforge.fml.config.ConfigFileTypeHandler/CONFIG]: Config file sophisticatedbackpacks-server.toml changed, sending notifies
[23Nov2025 22:02:34.277] [Server thread/DEBUG] [net.minecraftforge.fml.config.ConfigFileTypeHandler/CONFIG]: Built TOML config for ./world/serverconfig/forge-server.toml
[23Nov2025 22:02:34.277] [Server thread/DEBUG] [net.minecraftforge.fml.config.ConfigFileTypeHandler/CONFIG]: Loaded TOML config file ./world/serverconfig/forge-server.toml
[23Nov2025 22:02:34.278] [Server thread/DEBUG] [net.minecraftforge.fml.config.ConfigFileTypeHandler/CONFIG]: Watching TOML config file ./world/serverconfig/forge-server.toml for changes
[23Nov2025 22:02:34.278] [Server thread/DEBUG] [net.minecraftforge.common.ForgeConfig/FORGEMOD]: Loaded forge config file forge-server.toml
[23Nov2025 22:02:34.278] [Thread-1/DEBUG] [net.minecraftforge.fml.config.ConfigFileTypeHandler/CONFIG]: Config file forge-server.toml changed, sending notifies
[23Nov2025 22:02:34.278] [Server thread/DEBUG] [net.minecraftforge.fml.config.ConfigFileTypeHandler/CONFIG]: Built TOML config for ./world/serverconfig/create-server.toml
[23Nov2025 22:02:34.279] [Thread-1/DEBUG] [net.minecraftforge.common.ForgeConfig/FORGEMOD]: Forge config just got changed on the file system!
[23Nov2025 22:02:34.279] [Thread-1/DEBUG] [net.minecraftforge.fml.config.ConfigFileTypeHandler/CONFIG]: Config file forge-server.toml changed, sending notifies
[23Nov2025 22:02:34.279] [Thread-1/DEBUG] [net.minecraftforge.common.ForgeConfig/FORGEMOD]: Forge config just got changed on the file system!
[23Nov2025 22:02:34.281] [Server thread/DEBUG] [net.minecraftforge.fml.config.ConfigFileTypeHandler/CONFIG]: Loaded TOML config file ./world/serverconfig/create-server.toml
[23Nov2025 22:02:34.281] [Server thread/DEBUG] [net.minecraftforge.fml.config.ConfigFileTypeHandler/CONFIG]: Watching TOML config file ./world/serverconfig/create-server.toml for changes
[23Nov2025 22:02:34.282] [Thread-1/DEBUG] [net.minecraftforge.fml.config.ConfigFileTypeHandler/CONFIG]: Config file create-server.toml changed, sending notifies
[23Nov2025 22:02:34.283] [Server thread/DEBUG] [net.minecraftforge.fml.config.ConfigFileTypeHandler/CONFIG]: Built TOML config for ./world/serverconfig/some_assembly_required-server.toml
[23Nov2025 22:02:34.284] [Server thread/DEBUG] [net.minecraftforge.fml.config.ConfigFileTypeHandler/CONFIG]: Loaded TOML config file ./world/serverconfig/some_assembly_required-server.toml
[23Nov2025 22:02:34.284] [Server thread/DEBUG] [net.minecraftforge.fml.config.ConfigFileTypeHandler/CONFIG]: Watching TOML config file ./world/serverconfig/some_assembly_required-server.toml for changes
[23Nov2025 22:02:34.284] [Thread-1/DEBUG] [net.minecraftforge.fml.config.ConfigFileTypeHandler/CONFIG]: Config file create-server.toml changed, sending notifies
[23Nov2025 22:02:34.287] [Thread-1/DEBUG] [net.minecraftforge.fml.config.ConfigFileTypeHandler/CONFIG]: Config file create-server.toml changed, sending notifies
[23Nov2025 22:02:34.323] [Server thread/INFO] [net.minecraft.server.dedicated.DedicatedServer/]: Preparing level "world"
[23Nov2025 22:02:34.330] [Server thread/DEBUG] [net.minecraftforge.coremod.transformer.CoreModBaseTransformer/COREMOD]: Transforming net/minecraft/world/level/levelgen/PhantomSpawner
[23Nov2025 22:02:34.338] [Server thread/DEBUG] [net.minecraftforge.coremod.transformer.CoreModBaseTransformer/COREMOD]: Transforming net/minecraft/world/level/levelgen/PatrolSpawner
[23Nov2025 22:02:34.345] [Server thread/DEBUG] [net.minecraftforge.coremod.transformer.CoreModBaseTransformer/COREMOD]: Transforming net/minecraft/world/entity/npc/CatSpawner
[23Nov2025 22:02:34.350] [Server thread/DEBUG] [net.minecraftforge.coremod.transformer.CoreModBaseTransformer/COREMOD]: Transforming net/minecraft/world/entity/ai/village/VillageSiege
[23Nov2025 22:02:34.365] [Server thread/DEBUG] [mixin/]: Mixing MapItemSavedDataMixin from create.mixins.json into net.minecraft.world.level.saveddata.maps.MapItemSavedData
[23Nov2025 22:02:34.746] [Server thread/DEBUG] [com.simibubi.create.Create/]: Prepared Redstone Network Space for minecraft:overworld
[23Nov2025 22:02:34.747] [Server thread/DEBUG] [com.simibubi.create.Create/]: Prepared Kinetic Network Space for minecraft:overworld
[23Nov2025 22:02:37.258] [Server thread/DEBUG] [com.simibubi.create.Create/]: Prepared Redstone Network Space for minecraft:the_nether
[23Nov2025 22:02:37.258] [Server thread/DEBUG] [com.simibubi.create.Create/]: Prepared Kinetic Network Space for minecraft:the_nether
[23Nov2025 22:02:37.271] [Server thread/DEBUG] [com.simibubi.create.Create/]: Prepared Redstone Network Space for minecraft:the_end
[23Nov2025 22:02:37.271] [Server thread/DEBUG] [com.simibubi.create.Create/]: Prepared Kinetic Network Space for minecraft:the_end
[23Nov2025 22:02:37.273] [Server thread/INFO] [net.minecraft.server.MinecraftServer/]: Preparing start region for dimension minecraft:overworld
[23Nov2025 22:02:38.108] [Server thread/DEBUG] [mixin/]: Mixing MixinChunkSerializer from architectury.mixins.json into net.minecraft.world.level.chunk.storage.ChunkSerializer
[23Nov2025 22:02:39.220] [Worker-Main-3/INFO] [net.minecraft.server.level.progress.LoggerChunkProgressListener/]: Preparing spawn area: 0%
[23Nov2025 22:02:39.245] [Worker-Main-1/INFO] [net.minecraft.server.level.progress.LoggerChunkProgressListener/]: Preparing spawn area: 0%
[23Nov2025 22:02:39.251] [Worker-Main-1/INFO] [net.minecraft.server.level.progress.LoggerChunkProgressListener/]: Preparing spawn area: 0%
[23Nov2025 22:02:39.273] [Worker-Main-2/INFO] [net.minecraft.server.level.progress.LoggerChunkProgressListener/]: Preparing spawn area: 0%
[23Nov2025 22:02:39.293] [Worker-Main-1/INFO] [net.minecraft.server.level.progress.LoggerChunkProgressListener/]: Preparing spawn area: 0%
[23Nov2025 22:02:40.127] [Worker-Main-2/INFO] [net.minecraft.server.level.progress.LoggerChunkProgressListener/]: Preparing spawn area: 0%
[23Nov2025 22:02:40.279] [Worker-Main-3/INFO] [net.minecraft.server.level.progress.LoggerChunkProgressListener/]: Preparing spawn area: 0%
[23Nov2025 22:02:40.778] [Worker-Main-3/INFO] [net.minecraft.server.level.progress.LoggerChunkProgressListener/]: Preparing spawn area: 0%
[23Nov2025 22:02:41.279] [Worker-Main-2/INFO] [net.minecraft.server.level.progress.LoggerChunkProgressListener/]: Preparing spawn area: 0%
[23Nov2025 22:02:41.512] [Server thread/DEBUG] [net.minecraftforge.coremod.transformer.CoreModBaseTransformer/COREMOD]: Transforming net/minecraft/world/level/levelgen/structure/templatesystem/StructureTemplate
[23Nov2025 22:02:41.780] [Worker-Main-3/INFO] [net.minecraft.server.level.progress.LoggerChunkProgressListener/]: Preparing spawn area: 0%
[23Nov2025 22:02:42.274] [Worker-Main-3/INFO] [net.minecraft.server.level.progress.LoggerChunkProgressListener/]: Preparing spawn area: 7%
[23Nov2025 22:02:42.774] [Worker-Main-1/INFO] [net.minecraft.server.level.progress.LoggerChunkProgressListener/]: Preparing spawn area: 83%
[23Nov2025 22:02:42.909] [Server thread/INFO] [net.minecraft.server.level.progress.LoggerChunkProgressListener/]: Time elapsed: 5636 ms
[23Nov2025 22:02:42.910] [Server thread/INFO] [net.minecraft.server.dedicated.DedicatedServer/]: Done (8.654s)! For help, type "help"
[23Nov2025 22:02:42.920] [Server thread/DEBUG] [net.minecraftforge.network.DualStackUtils/]: Detected IPv6 address: "0:0:0:0:0:0:0:0"
[23Nov2025 22:02:43.026] [Server thread/DEBUG] [net.minecraftforge.common.ForgeI18n/CORE]: Loading I18N data entries: 6754
[23Nov2025 22:02:43.030] [Server thread/INFO] [net.minecraftforge.server.permission.PermissionAPI/]: Successfully initialized permission handler forge:default_handler
[23Nov2025 22:02:43.049] [Server thread/DEBUG] [io.netty.buffer.AbstractByteBuf/]: -Dio.netty.buffer.checkAccessible: true
[23Nov2025 22:02:43.049] [Server thread/DEBUG] [io.netty.buffer.AbstractByteBuf/]: -Dio.netty.buffer.checkBounds: true
[23Nov2025 22:02:43.050] [Server thread/DEBUG] [io.netty.util.ResourceLeakDetectorFactory/]: Loaded default ResourceLeakDetector: io.netty.util.ResourceLeakDetector@21e8b443
[23Nov2025 22:02:43.084] [Server thread/DEBUG] [net.minecraftforge.coremod.transformer.CoreModBaseTransformer/COREMOD]: Transforming net/minecraft/world/level/NaturalSpawner
[23Nov2025 22:04:25.205] [Netty Epoll Server IO #1/DEBUG] [mixin/]: Mixing ClientboundMapItemDataPacketMixin from create.mixins.json into net.minecraft.network.protocol.game.ClientboundMapItemDataPacket
[23Nov2025 22:04:25.284] [Netty Epoll Server IO #1/DEBUG] [io.netty.util.Recycler/]: -Dio.netty.recycler.maxCapacityPerThread: 4096
[23Nov2025 22:04:25.284] [Netty Epoll Server IO #1/DEBUG] [io.netty.util.Recycler/]: -Dio.netty.recycler.ratio: 8
[23Nov2025 22:04:25.284] [Netty Epoll Server IO #1/DEBUG] [io.netty.util.Recycler/]: -Dio.netty.recycler.chunkSize: 32
[23Nov2025 22:04:25.284] [Netty Epoll Server IO #1/DEBUG] [io.netty.util.Recycler/]: -Dio.netty.recycler.blocking: false
[23Nov2025 22:05:05.475] [Netty Epoll Server IO #5/DEBUG] [net.minecraftforge.network.HandshakeHandler/FMLHANDSHAKE]: Starting new modded impl connection. Found 29 messages to dispatch.
[23Nov2025 22:05:05.482] [Server thread/DEBUG] [net.minecraftforge.network.HandshakeHandler/FMLHANDSHAKE]: Sending ticking packet info 'net.minecraftforge.network.HandshakeMessages$S2CModData' to 'fml:handshake' sequence 0
[23Nov2025 22:05:05.532] [Server thread/DEBUG] [net.minecraftforge.network.HandshakeHandler/FMLHANDSHAKE]: Sending ticking packet info 'net.minecraftforge.network.HandshakeMessages$S2CModList' to 'fml:handshake' sequence 1
[23Nov2025 22:05:05.582] [Server thread/DEBUG] [net.minecraftforge.network.HandshakeHandler/FMLHANDSHAKE]: Sending ticking packet info 'Registry minecraft:command_argument_type' to 'fml:handshake' sequence 2
[23Nov2025 22:05:05.632] [Server thread/DEBUG] [net.minecraftforge.network.HandshakeHandler/FMLHANDSHAKE]: Sending ticking packet info 'Registry minecraft:recipe_serializer' to 'fml:handshake' sequence 3
[23Nov2025 22:05:05.679] [Netty Epoll Server IO #5/DEBUG] [net.minecraftforge.network.LoginWrapper/FMLHANDSHAKE]: Recieved login wrapper packet event for channel fml:handshake with index 1
[23Nov2025 22:05:05.681] [Netty Epoll Server IO #5/DEBUG] [net.minecraftforge.network.HandshakeHandler/FMLHANDSHAKE]: Received client indexed reply 1 of type net.minecraftforge.network.HandshakeMessages$C2SModListReply
[23Nov2025 22:05:05.681] [Netty Epoll Server IO #5/DEBUG] [net.minecraftforge.network.HandshakeHandler/FMLHANDSHAKE]: Received client connection with modlist [minecraft, farmersdelight, jade, pizzadelight, jei, tacz, sophisticatedcore, flywheel, ponder, create, mynethersdelight, some_assembly_required, mixinextras, overweight_farming, sophisticatedbackpacks, rusticdelight, architectury, doapi, terraform, bakery, cloth_config, forge, tlskincape, farm_and_charm]
[23Nov2025 22:05:05.682] [Server thread/DEBUG] [net.minecraftforge.network.HandshakeHandler/FMLHANDSHAKE]: Sending ticking packet info 'Registry minecraft:sound_event' to 'fml:handshake' sequence 4
[23Nov2025 22:05:05.682] [Netty Epoll Server IO #5/DEBUG] [net.minecraftforge.network.NetworkRegistry/NETREGISTRY]: Channel 'fml:loginwrapper' : Version test of 'FML3' from client : ACCEPTED
[23Nov2025 22:05:05.682] [Netty Epoll Server IO #5/DEBUG] [net.minecraftforge.network.NetworkRegistry/NETREGISTRY]: Channel 'forge:tier_sorting' : Version test of '1.0' from client : ACCEPTED
[23Nov2025 22:05:05.682] [Netty Epoll Server IO #5/DEBUG] [net.minecraftforge.network.NetworkRegistry/NETREGISTRY]: Channel 'some_assembly_required:main' : Version test of '1' from client : ACCEPTED
[23Nov2025 22:05:05.682] [Netty Epoll Server IO #5/DEBUG] [net.minecraftforge.network.NetworkRegistry/NETREGISTRY]: Channel 'ponder:main' : Version test of '1' from client : ACCEPTED
[23Nov2025 22:05:05.682] [Netty Epoll Server IO #5/DEBUG] [net.minecraftforge.network.NetworkRegistry/NETREGISTRY]: Channel 'architectury:network' : Version test of '1' from client : ACCEPTED
[23Nov2025 22:05:05.683] [Netty Epoll Server IO #5/DEBUG] [net.minecraftforge.network.NetworkRegistry/NETREGISTRY]: Channel 'jei:channel' : Version test of '1.0.0' from client : ACCEPTED
[23Nov2025 22:05:05.683] [Netty Epoll Server IO #5/DEBUG] [net.minecraftforge.network.NetworkRegistry/NETREGISTRY]: Channel 'minecraft:unregister' : Version test of 'FML3' from client : ACCEPTED
[23Nov2025 22:05:05.683] [Netty Epoll Server IO #5/DEBUG] [net.minecraftforge.network.NetworkRegistry/NETREGISTRY]: Channel 'fml:play' : Version test of 'FML3' from client : ACCEPTED
[23Nov2025 22:05:05.683] [Netty Epoll Server IO #5/DEBUG] [net.minecraftforge.network.NetworkRegistry/NETREGISTRY]: Channel 'pizzadelight:network' : Version test of 'pizzadelight:1' from client : ACCEPTED
[23Nov2025 22:05:05.683] [Netty Epoll Server IO #5/DEBUG] [net.minecraftforge.network.NetworkRegistry/NETREGISTRY]: Channel 'sophisticatedbackpacks:channel' : Version test of '1' from client : ACCEPTED
[23Nov2025 22:05:05.683] [Netty Epoll Server IO #5/DEBUG] [net.minecraftforge.network.NetworkRegistry/NETREGISTRY]: Channel 'sophisticatedcore:channel' : Version test of '1' from client : ACCEPTED
[23Nov2025 22:05:05.683] [Netty Epoll Server IO #5/DEBUG] [net.minecraftforge.network.NetworkRegistry/NETREGISTRY]: Channel 'fml:handshake' : Version test of 'FML3' from client : ACCEPTED
[23Nov2025 22:05:05.683] [Netty Epoll Server IO #5/DEBUG] [net.minecraftforge.network.NetworkRegistry/NETREGISTRY]: Channel 'tacz:handshake' : Version test of '1.0.4' from client : ACCEPTED
[23Nov2025 22:05:05.683] [Netty Epoll Server IO #5/DEBUG] [net.minecraftforge.network.NetworkRegistry/NETREGISTRY]: Channel 'minecraft:register' : Version test of 'FML3' from client : ACCEPTED
[23Nov2025 22:05:05.683] [Netty Epoll Server IO #5/DEBUG] [net.minecraftforge.network.NetworkRegistry/NETREGISTRY]: Channel 'forge:split' : Version test of '1.1' from client : ACCEPTED
[23Nov2025 22:05:05.683] [Netty Epoll Server IO #5/DEBUG] [net.minecraftforge.network.NetworkRegistry/NETREGISTRY]: Channel 'tacz:network' : Version test of '1.0.4' from client : ACCEPTED
[23Nov2025 22:05:05.683] [Netty Epoll Server IO #5/DEBUG] [net.minecraftforge.network.NetworkRegistry/NETREGISTRY]: Channel 'create:main' : Version test of '3' from client : ACCEPTED
[23Nov2025 22:05:05.683] [Netty Epoll Server IO #5/DEBUG] [net.minecraftforge.network.NetworkRegistry/NETREGISTRY]: Channel 'jade:networking' : Version test of '2' from client : ACCEPTED
[23Nov2025 22:05:05.683] [Netty Epoll Server IO #5/DEBUG] [net.minecraftforge.network.NetworkRegistry/NETREGISTRY]: Accepting channel list from client
[23Nov2025 22:05:05.684] [Netty Epoll Server IO #5/DEBUG] [net.minecraftforge.network.HandshakeHandler/FMLHANDSHAKE]: Accepted client connection mod list
[23Nov2025 22:05:05.728] [Netty Epoll Server IO #5/DEBUG] [net.minecraftforge.network.LoginWrapper/FMLHANDSHAKE]: Recieved login wrapper packet event for channel fml:handshake with index 2
[23Nov2025 22:05:05.728] [Netty Epoll Server IO #5/DEBUG] [net.minecraftforge.network.HandshakeHandler/FMLHANDSHAKE]: Received client indexed reply 2 of type net.minecraftforge.network.HandshakeMessages$C2SAcknowledge
[23Nov2025 22:05:05.728] [Netty Epoll Server IO #5/DEBUG] [net.minecraftforge.network.HandshakeHandler/FMLHANDSHAKE]: Received acknowledgement from client
[23Nov2025 22:05:05.732] [Server thread/DEBUG] [net.minecraftforge.network.HandshakeHandler/FMLHANDSHAKE]: Sending ticking packet info 'Registry minecraft:particle_type' to 'fml:handshake' sequence 5
[23Nov2025 22:05:05.773] [Netty Epoll Server IO #5/DEBUG] [net.minecraftforge.network.LoginWrapper/FMLHANDSHAKE]: Recieved login wrapper packet event for channel fml:handshake with index 3
[23Nov2025 22:05:05.773] [Netty Epoll Server IO #5/DEBUG] [net.minecraftforge.network.HandshakeHandler/FMLHANDSHAKE]: Received client indexed reply 3 of type net.minecraftforge.network.HandshakeMessages$C2SAcknowledge
[23Nov2025 22:05:05.773] [Netty Epoll Server IO #5/DEBUG] [net.minecraftforge.network.HandshakeHandler/FMLHANDSHAKE]: Received acknowledgement from client
[23Nov2025 22:05:05.782] [Server thread/DEBUG] [net.minecraftforge.network.HandshakeHandler/FMLHANDSHAKE]: Sending ticking packet info 'Registry minecraft:villager_profession' to 'fml:handshake' sequence 6
[23Nov2025 22:05:05.832] [Server thread/DEBUG] [net.minecraftforge.network.HandshakeHandler/FMLHANDSHAKE]: Sending ticking packet info 'Registry minecraft:item' to 'fml:handshake' sequence 7
[23Nov2025 22:05:05.882] [Server thread/DEBUG] [net.minecraftforge.network.HandshakeHandler/FMLHANDSHAKE]: Sending ticking packet info 'Registry minecraft:potion' to 'fml:handshake' sequence 8
[23Nov2025 22:05:05.932] [Server thread/DEBUG] [net.minecraftforge.network.HandshakeHandler/FMLHANDSHAKE]: Sending ticking packet info 'Registry minecraft:painting_variant' to 'fml:handshake' sequence 9
[23Nov2025 22:05:05.969] [Netty Epoll Server IO #5/DEBUG] [net.minecraftforge.network.LoginWrapper/FMLHANDSHAKE]: Recieved login wrapper packet event for channel fml:handshake with index 4
[23Nov2025 22:05:05.969] [Netty Epoll Server IO #5/DEBUG] [net.minecraftforge.network.HandshakeHandler/FMLHANDSHAKE]: Received client indexed reply 4 of type net.minecraftforge.network.HandshakeMessages$C2SAcknowledge
[23Nov2025 22:05:05.969] [Netty Epoll Server IO #5/DEBUG] [net.minecraftforge.network.HandshakeHandler/FMLHANDSHAKE]: Received acknowledgement from client
[23Nov2025 22:05:05.970] [Netty Epoll Server IO #5/DEBUG] [net.minecraftforge.network.LoginWrapper/FMLHANDSHAKE]: Recieved login wrapper packet event for channel fml:handshake with index 5
[23Nov2025 22:05:05.970] [Netty Epoll Server IO #5/DEBUG] [net.minecraftforge.network.HandshakeHandler/FMLHANDSHAKE]: Received client indexed reply 5 of type net.minecraftforge.network.HandshakeMessages$C2SAcknowledge
[23Nov2025 22:05:05.970] [Netty Epoll Server IO #5/DEBUG] [net.minecraftforge.network.HandshakeHandler/FMLHANDSHAKE]: Received acknowledgement from client
[23Nov2025 22:05:05.970] [Netty Epoll Server IO #5/DEBUG] [net.minecraftforge.network.LoginWrapper/FMLHANDSHAKE]: Recieved login wrapper packet event for channel fml:handshake with index 6
[23Nov2025 22:05:05.970] [Netty Epoll Server IO #5/DEBUG] [net.minecraftforge.network.HandshakeHandler/FMLHANDSHAKE]: Received client indexed reply 6 of type net.minecraftforge.network.HandshakeMessages$C2SAcknowledge
[23Nov2025 22:05:05.970] [Netty Epoll Server IO #5/DEBUG] [net.minecraftforge.network.HandshakeHandler/FMLHANDSHAKE]: Received acknowledgement from client
[23Nov2025 22:05:05.982] [Server thread/DEBUG] [net.minecraftforge.network.HandshakeHandler/FMLHANDSHAKE]: Sending ticking packet info 'Registry forge:fluid_type' to 'fml:handshake' sequence 10
[23Nov2025 22:05:06.032] [Server thread/DEBUG] [net.minecraftforge.network.HandshakeHandler/FMLHANDSHAKE]: Sending ticking packet info 'Registry minecraft:block_entity_type' to 'fml:handshake' sequence 11
[23Nov2025 22:05:06.082] [Server thread/DEBUG] [net.minecraftforge.network.HandshakeHandler/FMLHANDSHAKE]: Sending ticking packet info 'Registry forge:display_contexts' to 'fml:handshake' sequence 12
[23Nov2025 22:05:06.117] [Netty Epoll Server IO #5/DEBUG] [net.minecraftforge.network.LoginWrapper/FMLHANDSHAKE]: Recieved login wrapper packet event for channel fml:handshake with index 7
[23Nov2025 22:05:06.117] [Netty Epoll Server IO #5/DEBUG] [net.minecraftforge.network.HandshakeHandler/FMLHANDSHAKE]: Received client indexed reply 7 of type net.minecraftforge.network.HandshakeMessages$C2SAcknowledge
[23Nov2025 22:05:06.117] [Netty Epoll Server IO #5/DEBUG] [net.minecraftforge.network.HandshakeHandler/FMLHANDSHAKE]: Received acknowledgement from client
[23Nov2025 22:05:06.117] [Netty Epoll Server IO #5/DEBUG] [net.minecraftforge.network.LoginWrapper/FMLHANDSHAKE]: Recieved login wrapper packet event for channel fml:handshake with index 8
[23Nov2025 22:05:06.117] [Netty Epoll Server IO #5/DEBUG] [net.minecraftforge.network.HandshakeHandler/FMLHANDSHAKE]: Received client indexed reply 8 of type net.minecraftforge.network.HandshakeMessages$C2SAcknowledge
[23Nov2025 22:05:06.117] [Netty Epoll Server IO #5/DEBUG] [net.minecraftforge.network.HandshakeHandler/FMLHANDSHAKE]: Received acknowledgement from client
[23Nov2025 22:05:06.117] [Netty Epoll Server IO #5/DEBUG] [net.minecraftforge.network.LoginWrapper/FMLHANDSHAKE]: Recieved login wrapper packet event for channel fml:handshake with index 9
[23Nov2025 22:05:06.117] [Netty Epoll Server IO #5/DEBUG] [net.minecraftforge.network.HandshakeHandler/FMLHANDSHAKE]: Received client indexed reply 9 of type net.minecraftforge.network.HandshakeMessages$C2SAcknowledge
[23Nov2025 22:05:06.117] [Netty Epoll Server IO #5/DEBUG] [net.minecraftforge.network.HandshakeHandler/FMLHANDSHAKE]: Received acknowledgement from client
[23Nov2025 22:05:06.127] [Netty Epoll Server IO #5/DEBUG] [net.minecraftforge.network.LoginWrapper/FMLHANDSHAKE]: Recieved login wrapper packet event for channel fml:handshake with index 10
[23Nov2025 22:05:06.127] [Netty Epoll Server IO #5/DEBUG] [net.minecraftforge.network.HandshakeHandler/FMLHANDSHAKE]: Received client indexed reply 10 of type net.minecraftforge.network.HandshakeMessages$C2SAcknowledge
[23Nov2025 22:05:06.128] [Netty Epoll Server IO #5/DEBUG] [net.minecraftforge.network.HandshakeHandler/FMLHANDSHAKE]: Received acknowledgement from client
[23Nov2025 22:05:06.132] [Server thread/DEBUG] [net.minecraftforge.network.HandshakeHandler/FMLHANDSHAKE]: Sending ticking packet info 'Registry minecraft:block' to 'fml:handshake' sequence 13
[23Nov2025 22:05:06.173] [Netty Epoll Server IO #5/DEBUG] [net.minecraftforge.network.LoginWrapper/FMLHANDSHAKE]: Recieved login wrapper packet event for channel fml:handshake with index 11
[23Nov2025 22:05:06.173] [Netty Epoll Server IO #5/DEBUG] [net.minecraftforge.network.HandshakeHandler/FMLHANDSHAKE]: Received client indexed reply 11 of type net.minecraftforge.network.HandshakeMessages$C2SAcknowledge
[23Nov2025 22:05:06.173] [Netty Epoll Server IO #5/DEBUG] [net.minecraftforge.network.HandshakeHandler/FMLHANDSHAKE]: Received acknowledgement from client
[23Nov2025 22:05:06.182] [Server thread/DEBUG] [net.minecraftforge.network.HandshakeHandler/FMLHANDSHAKE]: Sending ticking packet info 'Registry forge:entity_data_serializers' to 'fml:handshake' sequence 14
[23Nov2025 22:05:06.222] [Netty Epoll Server IO #5/DEBUG] [net.minecraftforge.network.LoginWrapper/FMLHANDSHAKE]: Recieved login wrapper packet event for channel fml:handshake with index 12
[23Nov2025 22:05:06.222] [Netty Epoll Server IO #5/DEBUG] [net.minecraftforge.network.HandshakeHandler/FMLHANDSHAKE]: Received client indexed reply 12 of type net.minecraftforge.network.HandshakeMessages$C2SAcknowledge
[23Nov2025 22:05:06.222] [Netty Epoll Server IO #5/DEBUG] [net.minecraftforge.network.HandshakeHandler/FMLHANDSHAKE]: Received acknowledgement from client
[23Nov2025 22:05:06.232] [Server thread/DEBUG] [net.minecraftforge.network.HandshakeHandler/FMLHANDSHAKE]: Sending ticking packet info 'Registry minecraft:mob_effect' to 'fml:handshake' sequence 15
[23Nov2025 22:05:06.281] [Netty Epoll Server IO #5/DEBUG] [net.minecraftforge.network.LoginWrapper/FMLHANDSHAKE]: Recieved login wrapper packet event for channel fml:handshake with index 13
[23Nov2025 22:05:06.281] [Netty Epoll Server IO #5/DEBUG] [net.minecraftforge.network.HandshakeHandler/FMLHANDSHAKE]: Received client indexed reply 13 of type net.minecraftforge.network.HandshakeMessages$C2SAcknowledge
[23Nov2025 22:05:06.281] [Netty Epoll Server IO #5/DEBUG] [net.minecraftforge.network.HandshakeHandler/FMLHANDSHAKE]: Received acknowledgement from client
[23Nov2025 22:05:06.282] [Server thread/DEBUG] [net.minecraftforge.network.HandshakeHandler/FMLHANDSHAKE]: Sending ticking packet info 'Registry minecraft:stat_type' to 'fml:handshake' sequence 16
[23Nov2025 22:05:06.323] [Netty Epoll Server IO #5/DEBUG] [net.minecraftforge.network.LoginWrapper/FMLHANDSHAKE]: Recieved login wrapper packet event for channel fml:handshake with index 14
[23Nov2025 22:05:06.323] [Netty Epoll Server IO #5/DEBUG] [net.minecraftforge.network.HandshakeHandler/FMLHANDSHAKE]: Received client indexed reply 14 of type net.minecraftforge.network.HandshakeMessages$C2SAcknowledge
[23Nov2025 22:05:06.324] [Netty Epoll Server IO #5/DEBUG] [net.minecraftforge.network.HandshakeHandler/FMLHANDSHAKE]: Received acknowledgement from client
[23Nov2025 22:05:06.332] [Server thread/DEBUG] [net.minecraftforge.network.HandshakeHandler/FMLHANDSHAKE]: Sending ticking packet info 'Registry minecraft:menu' to 'fml:handshake' sequence 17
[23Nov2025 22:05:06.372] [Netty Epoll Server IO #5/DEBUG] [net.minecraftforge.network.LoginWrapper/FMLHANDSHAKE]: Recieved login wrapper packet event for channel fml:handshake with index 15
[23Nov2025 22:05:06.372] [Netty Epoll Server IO #5/DEBUG] [net.minecraftforge.network.HandshakeHandler/FMLHANDSHAKE]: Received client indexed reply 15 of type net.minecraftforge.network.HandshakeMessages$C2SAcknowledge
[23Nov2025 22:05:06.372] [Netty Epoll Server IO #5/DEBUG] [net.minecraftforge.network.HandshakeHandler/FMLHANDSHAKE]: Received acknowledgement from client
[23Nov2025 22:05:06.382] [Server thread/DEBUG] [net.minecraftforge.network.HandshakeHandler/FMLHANDSHAKE]: Sending ticking packet info 'Registry minecraft:enchantment' to 'fml:handshake' sequence 18
[23Nov2025 22:05:06.423] [Netty Epoll Server IO #5/DEBUG] [net.minecraftforge.network.LoginWrapper/FMLHANDSHAKE]: Recieved login wrapper packet event for channel fml:handshake with index 16
[23Nov2025 22:05:06.423] [Netty Epoll Server IO #5/DEBUG] [net.minecraftforge.network.HandshakeHandler/FMLHANDSHAKE]: Received client indexed reply 16 of type net.minecraftforge.network.HandshakeMessages$C2SAcknowledge
[23Nov2025 22:05:06.423] [Netty Epoll Server IO #5/DEBUG] [net.minecraftforge.network.HandshakeHandler/FMLHANDSHAKE]: Received acknowledgement from client
[23Nov2025 22:05:06.432] [Server thread/DEBUG] [net.minecraftforge.network.HandshakeHandler/FMLHANDSHAKE]: Sending ticking packet info 'Registry minecraft:fluid' to 'fml:handshake' sequence 19
[23Nov2025 22:05:06.472] [Netty Epoll Server IO #5/DEBUG] [net.minecraftforge.network.LoginWrapper/FMLHANDSHAKE]: Recieved login wrapper packet event for channel fml:handshake with index 17
[23Nov2025 22:05:06.472] [Netty Epoll Server IO #5/DEBUG] [net.minecraftforge.network.HandshakeHandler/FMLHANDSHAKE]: Received client indexed reply 17 of type net.minecraftforge.network.HandshakeMessages$C2SAcknowledge
[23Nov2025 22:05:06.472] [Netty Epoll Server IO #5/DEBUG] [net.minecraftforge.network.HandshakeHandler/FMLHANDSHAKE]: Received acknowledgement from client
[23Nov2025 22:05:06.482] [Server thread/DEBUG] [net.minecraftforge.network.HandshakeHandler/FMLHANDSHAKE]: Sending ticking packet info 'Registry minecraft:entity_type' to 'fml:handshake' sequence 20
[23Nov2025 22:05:06.522] [Netty Epoll Server IO #5/DEBUG] [net.minecraftforge.network.LoginWrapper/FMLHANDSHAKE]: Recieved login wrapper packet event for channel fml:handshake with index 18
[23Nov2025 22:05:06.522] [Netty Epoll Server IO #5/DEBUG] [net.minecraftforge.network.HandshakeHandler/FMLHANDSHAKE]: Received client indexed reply 18 of type net.minecraftforge.network.HandshakeMessages$C2SAcknowledge
[23Nov2025 22:05:06.522] [Netty Epoll Server IO #5/DEBUG] [net.minecraftforge.network.HandshakeHandler/FMLHANDSHAKE]: Received acknowledgement from client
[23Nov2025 22:05:06.532] [Server thread/DEBUG] [net.minecraftforge.network.HandshakeHandler/FMLHANDSHAKE]: Sending ticking packet info 'Config create-server.toml' to 'fml:handshake' sequence 21
[23Nov2025 22:05:06.572] [Netty Epoll Server IO #5/DEBUG] [net.minecraftforge.network.LoginWrapper/FMLHANDSHAKE]: Recieved login wrapper packet event for channel fml:handshake with index 19
[23Nov2025 22:05:06.572] [Netty Epoll Server IO #5/DEBUG] [net.minecraftforge.network.HandshakeHandler/FMLHANDSHAKE]: Received client indexed reply 19 of type net.minecraftforge.network.HandshakeMessages$C2SAcknowledge
[23Nov2025 22:05:06.572] [Netty Epoll Server IO #5/DEBUG] [net.minecraftforge.network.HandshakeHandler/FMLHANDSHAKE]: Received acknowledgement from client
[23Nov2025 22:05:06.582] [Server thread/DEBUG] [net.minecraftforge.network.HandshakeHandler/FMLHANDSHAKE]: Sending ticking packet info 'Config pizzadelight-server.toml' to 'fml:handshake' sequence 22
[23Nov2025 22:05:06.632] [Server thread/DEBUG] [net.minecraftforge.network.HandshakeHandler/FMLHANDSHAKE]: Sending ticking packet info 'Config some_assembly_required-server.toml' to 'fml:handshake' sequence 23
[23Nov2025 22:05:06.682] [Server thread/DEBUG] [net.minecraftforge.network.HandshakeHandler/FMLHANDSHAKE]: Sending ticking packet info 'Config sophisticatedbackpacks-server.toml' to 'fml:handshake' sequence 24
[23Nov2025 22:05:06.732] [Server thread/DEBUG] [net.minecraftforge.network.HandshakeHandler/FMLHANDSHAKE]: Sending ticking packet info 'Config jei-server.toml' to 'fml:handshake' sequence 25
[23Nov2025 22:05:06.782] [Server thread/DEBUG] [net.minecraftforge.network.HandshakeHandler/FMLHANDSHAKE]: Sending ticking packet info 'Config tacz-server.toml' to 'fml:handshake' sequence 26
[23Nov2025 22:05:06.832] [Server thread/DEBUG] [net.minecraftforge.network.HandshakeHandler/FMLHANDSHAKE]: Sending ticking packet info 'Config forge-server.toml' to 'fml:handshake' sequence 27
[23Nov2025 22:05:06.882] [Server thread/DEBUG] [net.minecraftforge.network.HandshakeHandler/FMLHANDSHAKE]: Sending ticking packet info 'com.tacz.guns.network.message.handshake.ServerMessageSyncedEntityDataMapping' to 'tacz:handshake' sequence 28
[23Nov2025 22:05:07.659] [Netty Epoll Server IO #5/DEBUG] [net.minecraftforge.network.LoginWrapper/FMLHANDSHAKE]: Recieved login wrapper packet event for channel fml:handshake with index 20
[23Nov2025 22:05:07.659] [Netty Epoll Server IO #5/DEBUG] [net.minecraftforge.network.HandshakeHandler/FMLHANDSHAKE]: Received client indexed reply 20 of type net.minecraftforge.network.HandshakeMessages$C2SAcknowledge
[23Nov2025 22:05:07.659] [Netty Epoll Server IO #5/DEBUG] [net.minecraftforge.network.HandshakeHandler/FMLHANDSHAKE]: Received acknowledgement from client
[23Nov2025 22:05:07.662] [Netty Epoll Server IO #5/DEBUG] [net.minecraftforge.network.LoginWrapper/FMLHANDSHAKE]: Recieved login wrapper packet event for channel fml:handshake with index 21
[23Nov2025 22:05:07.662] [Netty Epoll Server IO #5/DEBUG] [net.minecraftforge.network.HandshakeHandler/FMLHANDSHAKE]: Received client indexed reply 21 of type net.minecraftforge.network.HandshakeMessages$C2SAcknowledge
[23Nov2025 22:05:07.662] [Netty Epoll Server IO #5/DEBUG] [net.minecraftforge.network.HandshakeHandler/FMLHANDSHAKE]: Received acknowledgement from client
[23Nov2025 22:05:07.662] [Netty Epoll Server IO #5/DEBUG] [net.minecraftforge.network.LoginWrapper/FMLHANDSHAKE]: Recieved login wrapper packet event for channel fml:handshake with index 22
[23Nov2025 22:05:07.662] [Netty Epoll Server IO #5/DEBUG] [net.minecraftforge.network.HandshakeHandler/FMLHANDSHAKE]: Received client indexed reply 22 of type net.minecraftforge.network.HandshakeMessages$C2SAcknowledge
[23Nov2025 22:05:07.662] [Netty Epoll Server IO #5/DEBUG] [net.minecraftforge.network.HandshakeHandler/FMLHANDSHAKE]: Received acknowledgement from client
[23Nov2025 22:05:07.663] [Netty Epoll Server IO #5/DEBUG] [net.minecraftforge.network.LoginWrapper/FMLHANDSHAKE]: Recieved login wrapper packet event for channel fml:handshake with index 23
[23Nov2025 22:05:07.663] [Netty Epoll Server IO #5/DEBUG] [net.minecraftforge.network.HandshakeHandler/FMLHANDSHAKE]: Received client indexed reply 23 of type net.minecraftforge.network.HandshakeMessages$C2SAcknowledge
[23Nov2025 22:05:07.663] [Netty Epoll Server IO #5/DEBUG] [net.minecraftforge.network.HandshakeHandler/FMLHANDSHAKE]: Received acknowledgement from client
[23Nov2025 22:05:07.665] [Netty Epoll Server IO #5/DEBUG] [net.minecraftforge.network.LoginWrapper/FMLHANDSHAKE]: Recieved login wrapper packet event for channel fml:handshake with index 24
[23Nov2025 22:05:07.665] [Netty Epoll Server IO #5/DEBUG] [net.minecraftforge.network.HandshakeHandler/FMLHANDSHAKE]: Received client indexed reply 24 of type net.minecraftforge.network.HandshakeMessages$C2SAcknowledge
[23Nov2025 22:05:07.665] [Netty Epoll Server IO #5/DEBUG] [net.minecraftforge.network.HandshakeHandler/FMLHANDSHAKE]: Received acknowledgement from client
[23Nov2025 22:05:07.665] [Netty Epoll Server IO #5/DEBUG] [net.minecraftforge.network.LoginWrapper/FMLHANDSHAKE]: Recieved login wrapper packet event for channel fml:handshake with index 25
[23Nov2025 22:05:07.665] [Netty Epoll Server IO #5/DEBUG] [net.minecraftforge.network.HandshakeHandler/FMLHANDSHAKE]: Received client indexed reply 25 of type net.minecraftforge.network.HandshakeMessages$C2SAcknowledge
[23Nov2025 22:05:07.665] [Netty Epoll Server IO #5/DEBUG] [net.minecraftforge.network.HandshakeHandler/FMLHANDSHAKE]: Received acknowledgement from client
[23Nov2025 22:05:07.672] [Netty Epoll Server IO #5/DEBUG] [net.minecraftforge.network.LoginWrapper/FMLHANDSHAKE]: Recieved login wrapper packet event for channel fml:handshake with index 26
[23Nov2025 22:05:07.672] [Netty Epoll Server IO #5/DEBUG] [net.minecraftforge.network.HandshakeHandler/FMLHANDSHAKE]: Received client indexed reply 26 of type net.minecraftforge.network.HandshakeMessages$C2SAcknowledge
[23Nov2025 22:05:07.672] [Netty Epoll Server IO #5/DEBUG] [net.minecraftforge.network.HandshakeHandler/FMLHANDSHAKE]: Received acknowledgement from client
[23Nov2025 22:05:07.673] [Netty Epoll Server IO #5/DEBUG] [net.minecraftforge.network.LoginWrapper/FMLHANDSHAKE]: Recieved login wrapper packet event for channel fml:handshake with index 27
[23Nov2025 22:05:07.673] [Netty Epoll Server IO #5/DEBUG] [net.minecraftforge.network.HandshakeHandler/FMLHANDSHAKE]: Received client indexed reply 27 of type net.minecraftforge.network.HandshakeMessages$C2SAcknowledge
[23Nov2025 22:05:07.673] [Netty Epoll Server IO #5/DEBUG] [net.minecraftforge.network.HandshakeHandler/FMLHANDSHAKE]: Received acknowledgement from client
[23Nov2025 22:05:07.675] [Netty Epoll Server IO #5/DEBUG] [net.minecraftforge.network.LoginWrapper/FMLHANDSHAKE]: Recieved login wrapper packet event for channel tacz:handshake with index 28
[23Nov2025 22:05:07.675] [Netty Epoll Server IO #5/DEBUG] [net.minecraftforge.network.HandshakeHandler/FMLHANDSHAKE]: Received client indexed reply 28 of type com.tacz.guns.network.message.handshake.Acknowledge
[23Nov2025 22:05:07.675] [Netty Epoll Server IO #5/DEBUG] [tacz/HANDSHAKE_ACKNOWLEDGE]: Received acknowledgement from client
[23Nov2025 22:05:07.682] [Server thread/DEBUG] [net.minecraftforge.network.HandshakeHandler/FMLHANDSHAKE]: Handshake complete!
[23Nov2025 22:05:07.811] [Server thread/INFO] [net.minecraft.server.players.PlayerList/]: BRAYNER[/10.161.203.111:50386] logged in with entity id 126 at (-165.763044409213, 71.5625, 387.74988894685043)
[23Nov2025 22:05:07.822] [Server thread/DEBUG] [net.minecraftforge.network.filters.NetworkFilters/]: Injected net.minecraftforge.network.filters.ForgeConnectionNetworkFilter@1dd4a155 into net.minecraft.network.Connection@29aa3a55
[23Nov2025 22:05:07.919] [Server thread/INFO] [net.minecraft.server.MinecraftServer/]: BRAYNER joined the game
[23Nov2025 22:05:07.981] [Server thread/INFO] [Jade/]: Syncing config to BRAYNER (41c89c99-e6d9-38ed-a3f2-edaae7b531cd)
[23Nov2025 22:05:08.857] [Server thread/DEBUG] [tacz/SYNC_BASE_TIMESTAMP]: Update server base timestamp: 1763935508430
[23Nov2025 22:05:09.469] [Server thread/DEBUG] [mixin/]: Mixing ProjectileUtilMixin from create.mixins.json into net.minecraft.world.entity.projectile.ProjectileUtil
[23Nov2025 22:07:31.541] [Netty Epoll Server IO #5/DEBUG] [net.minecraftforge.network.HandshakeHandler/FMLHANDSHAKE]: Starting new modded impl connection. Found 29 messages to dispatch.
[23Nov2025 22:07:31.590] [Server thread/DEBUG] [net.minecraftforge.network.HandshakeHandler/FMLHANDSHAKE]: Sending ticking packet info 'net.minecraftforge.network.HandshakeMessages$S2CModData' to 'fml:handshake' sequence 0
[23Nov2025 22:07:31.640] [Server thread/DEBUG] [net.minecraftforge.network.HandshakeHandler/FMLHANDSHAKE]: Sending ticking packet info 'net.minecraftforge.network.HandshakeMessages$S2CModList' to 'fml:handshake' sequence 1
[23Nov2025 22:07:31.690] [Server thread/DEBUG] [net.minecraftforge.network.HandshakeHandler/FMLHANDSHAKE]: Sending ticking packet info 'Registry minecraft:command_argument_type' to 'fml:handshake' sequence 2
[23Nov2025 22:07:31.740] [Server thread/DEBUG] [net.minecraftforge.network.HandshakeHandler/FMLHANDSHAKE]: Sending ticking packet info 'Registry minecraft:recipe_serializer' to 'fml:handshake' sequence 3
[23Nov2025 22:07:31.790] [Server thread/DEBUG] [net.minecraftforge.network.HandshakeHandler/FMLHANDSHAKE]: Sending ticking packet info 'Registry minecraft:sound_event' to 'fml:handshake' sequence 4
[23Nov2025 22:07:31.791] [Netty Epoll Server IO #5/DEBUG] [net.minecraftforge.network.LoginWrapper/FMLHANDSHAKE]: Recieved login wrapper packet event for channel fml:handshake with index 1
[23Nov2025 22:07:31.792] [Netty Epoll Server IO #5/DEBUG] [net.minecraftforge.network.HandshakeHandler/FMLHANDSHAKE]: Received client indexed reply 1 of type net.minecraftforge.network.HandshakeMessages$C2SModListReply
[23Nov2025 22:07:31.792] [Netty Epoll Server IO #5/DEBUG] [net.minecraftforge.network.HandshakeHandler/FMLHANDSHAKE]: Received client connection with modlist [minecraft, farmersdelight, jade, pizzadelight, jei, tacz, sophisticatedcore, flywheel, ponder, create, mynethersdelight, some_assembly_required, mixinextras, overweight_farming, sophisticatedbackpacks, rusticdelight, architectury, doapi, terraform, bakery, cloth_config, forge, tlskincape, farm_and_charm]
[23Nov2025 22:07:31.792] [Netty Epoll Server IO #5/DEBUG] [net.minecraftforge.network.NetworkRegistry/NETREGISTRY]: Channel 'fml:loginwrapper' : Version test of 'FML3' from client : ACCEPTED
[23Nov2025 22:07:31.792] [Netty Epoll Server IO #5/DEBUG] [net.minecraftforge.network.NetworkRegistry/NETREGISTRY]: Channel 'forge:tier_sorting' : Version test of '1.0' from client : ACCEPTED
[23Nov2025 22:07:31.792] [Netty Epoll Server IO #5/DEBUG] [net.minecraftforge.network.NetworkRegistry/NETREGISTRY]: Channel 'some_assembly_required:main' : Version test of '1' from client : ACCEPTED
[23Nov2025 22:07:31.792] [Netty Epoll Server IO #5/DEBUG] [net.minecraftforge.network.NetworkRegistry/NETREGISTRY]: Channel 'ponder:main' : Version test of '1' from client : ACCEPTED
[23Nov2025 22:07:31.792] [Netty Epoll Server IO #5/DEBUG] [net.minecraftforge.network.NetworkRegistry/NETREGISTRY]: Channel 'architectury:network' : Version test of '1' from client : ACCEPTED
[23Nov2025 22:07:31.792] [Netty Epoll Server IO #5/DEBUG] [net.minecraftforge.network.NetworkRegistry/NETREGISTRY]: Channel 'jei:channel' : Version test of '1.0.0' from client : ACCEPTED
[23Nov2025 22:07:31.792] [Netty Epoll Server IO #5/DEBUG] [net.minecraftforge.network.NetworkRegistry/NETREGISTRY]: Channel 'minecraft:unregister' : Version test of 'FML3' from client : ACCEPTED
[23Nov2025 22:07:31.792] [Netty Epoll Server IO #5/DEBUG] [net.minecraftforge.network.NetworkRegistry/NETREGISTRY]: Channel 'fml:play' : Version test of 'FML3' from client : ACCEPTED
[23Nov2025 22:07:31.792] [Netty Epoll Server IO #5/DEBUG] [net.minecraftforge.network.NetworkRegistry/NETREGISTRY]: Channel 'pizzadelight:network' : Version test of 'pizzadelight:1' from client : ACCEPTED
[23Nov2025 22:07:31.792] [Netty Epoll Server IO #5/DEBUG] [net.minecraftforge.network.NetworkRegistry/NETREGISTRY]: Channel 'sophisticatedbackpacks:channel' : Version test of '1' from client : ACCEPTED
[23Nov2025 22:07:31.792] [Netty Epoll Server IO #5/DEBUG] [net.minecraftforge.network.NetworkRegistry/NETREGISTRY]: Channel 'sophisticatedcore:channel' : Version test of '1' from client : ACCEPTED
[23Nov2025 22:07:31.792] [Netty Epoll Server IO #5/DEBUG] [net.minecraftforge.network.NetworkRegistry/NETREGISTRY]: Channel 'fml:handshake' : Version test of 'FML3' from client : ACCEPTED
[23Nov2025 22:07:31.792] [Netty Epoll Server IO #5/DEBUG] [net.minecraftforge.network.NetworkRegistry/NETREGISTRY]: Channel 'tacz:handshake' : Version test of '1.0.4' from client : ACCEPTED
[23Nov2025 22:07:31.792] [Netty Epoll Server IO #5/DEBUG] [net.minecraftforge.network.NetworkRegistry/NETREGISTRY]: Channel 'minecraft:register' : Version test of 'FML3' from client : ACCEPTED
[23Nov2025 22:07:31.792] [Netty Epoll Server IO #5/DEBUG] [net.minecraftforge.network.NetworkRegistry/NETREGISTRY]: Channel 'forge:split' : Version test of '1.1' from client : ACCEPTED
[23Nov2025 22:07:31.792] [Netty Epoll Server IO #5/DEBUG] [net.minecraftforge.network.NetworkRegistry/NETREGISTRY]: Channel 'tacz:network' : Version test of '1.0.4' from client : ACCEPTED
[23Nov2025 22:07:31.792] [Netty Epoll Server IO #5/DEBUG] [net.minecraftforge.network.NetworkRegistry/NETREGISTRY]: Channel 'create:main' : Version test of '3' from client : ACCEPTED
[23Nov2025 22:07:31.792] [Netty Epoll Server IO #5/DEBUG] [net.minecraftforge.network.NetworkRegistry/NETREGISTRY]: Channel 'jade:networking' : Version test of '2' from client : ACCEPTED
[23Nov2025 22:07:31.792] [Netty Epoll Server IO #5/DEBUG] [net.minecraftforge.network.NetworkRegistry/NETREGISTRY]: Accepting channel list from client
[23Nov2025 22:07:31.792] [Netty Epoll Server IO #5/DEBUG] [net.minecraftforge.network.HandshakeHandler/FMLHANDSHAKE]: Accepted client connection mod list
[23Nov2025 22:07:31.840] [Server thread/DEBUG] [net.minecraftforge.network.HandshakeHandler/FMLHANDSHAKE]: Sending ticking packet info 'Registry minecraft:particle_type' to 'fml:handshake' sequence 5
[23Nov2025 22:07:31.863] [Netty Epoll Server IO #5/DEBUG] [net.minecraftforge.network.LoginWrapper/FMLHANDSHAKE]: Recieved login wrapper packet event for channel fml:handshake with index 2
[23Nov2025 22:07:31.863] [Netty Epoll Server IO #5/DEBUG] [net.minecraftforge.network.HandshakeHandler/FMLHANDSHAKE]: Received client indexed reply 2 of type net.minecraftforge.network.HandshakeMessages$C2SAcknowledge
[23Nov2025 22:07:31.863] [Netty Epoll Server IO #5/DEBUG] [net.minecraftforge.network.HandshakeHandler/FMLHANDSHAKE]: Received acknowledgement from client
[23Nov2025 22:07:31.888] [Netty Epoll Server IO #5/DEBUG] [net.minecraftforge.network.LoginWrapper/FMLHANDSHAKE]: Recieved login wrapper packet event for channel fml:handshake with index 3
[23Nov2025 22:07:31.888] [Netty Epoll Server IO #5/DEBUG] [net.minecraftforge.network.HandshakeHandler/FMLHANDSHAKE]: Received client indexed reply 3 of type net.minecraftforge.network.HandshakeMessages$C2SAcknowledge
[23Nov2025 22:07:31.889] [Netty Epoll Server IO #5/DEBUG] [net.minecraftforge.network.HandshakeHandler/FMLHANDSHAKE]: Received acknowledgement from client
[23Nov2025 22:07:31.891] [Server thread/DEBUG] [net.minecraftforge.network.HandshakeHandler/FMLHANDSHAKE]: Sending ticking packet info 'Registry minecraft:villager_profession' to 'fml:handshake' sequence 6
[23Nov2025 22:07:31.940] [Server thread/DEBUG] [net.minecraftforge.network.HandshakeHandler/FMLHANDSHAKE]: Sending ticking packet info 'Registry minecraft:item' to 'fml:handshake' sequence 7
[23Nov2025 22:07:31.991] [Server thread/DEBUG] [net.minecraftforge.network.HandshakeHandler/FMLHANDSHAKE]: Sending ticking packet info 'Registry minecraft:potion' to 'fml:handshake' sequence 8
[23Nov2025 22:07:32.041] [Server thread/DEBUG] [net.minecraftforge.network.HandshakeHandler/FMLHANDSHAKE]: Sending ticking packet info 'Registry minecraft:painting_variant' to 'fml:handshake' sequence 9
[23Nov2025 22:07:32.090] [Server thread/DEBUG] [net.minecraftforge.network.HandshakeHandler/FMLHANDSHAKE]: Sending ticking packet info 'Registry forge:fluid_type' to 'fml:handshake' sequence 10
[23Nov2025 22:07:32.093] [Netty Epoll Server IO #5/DEBUG] [net.minecraftforge.network.LoginWrapper/FMLHANDSHAKE]: Recieved login wrapper packet event for channel fml:handshake with index 4
[23Nov2025 22:07:32.093] [Netty Epoll Server IO #5/DEBUG] [net.minecraftforge.network.HandshakeHandler/FMLHANDSHAKE]: Received client indexed reply 4 of type net.minecraftforge.network.HandshakeMessages$C2SAcknowledge
[23Nov2025 22:07:32.094] [Netty Epoll Server IO #5/DEBUG] [net.minecraftforge.network.HandshakeHandler/FMLHANDSHAKE]: Received acknowledgement from client
[23Nov2025 22:07:32.094] [Netty Epoll Server IO #5/DEBUG] [net.minecraftforge.network.LoginWrapper/FMLHANDSHAKE]: Recieved login wrapper packet event for channel fml:handshake with index 5
[23Nov2025 22:07:32.094] [Netty Epoll Server IO #5/DEBUG] [net.minecraftforge.network.HandshakeHandler/FMLHANDSHAKE]: Received client indexed reply 5 of type net.minecraftforge.network.HandshakeMessages$C2SAcknowledge
[23Nov2025 22:07:32.094] [Netty Epoll Server IO #5/DEBUG] [net.minecraftforge.network.HandshakeHandler/FMLHANDSHAKE]: Received acknowledgement from client
[23Nov2025 22:07:32.094] [Netty Epoll Server IO #5/DEBUG] [net.minecraftforge.network.LoginWrapper/FMLHANDSHAKE]: Recieved login wrapper packet event for channel fml:handshake with index 6
[23Nov2025 22:07:32.094] [Netty Epoll Server IO #5/DEBUG] [net.minecraftforge.network.HandshakeHandler/FMLHANDSHAKE]: Received client indexed reply 6 of type net.minecraftforge.network.HandshakeMessages$C2SAcknowledge
[23Nov2025 22:07:32.094] [Netty Epoll Server IO #5/DEBUG] [net.minecraftforge.network.HandshakeHandler/FMLHANDSHAKE]: Received acknowledgement from client
[23Nov2025 22:07:32.140] [Server thread/DEBUG] [net.minecraftforge.network.HandshakeHandler/FMLHANDSHAKE]: Sending ticking packet info 'Registry minecraft:block_entity_type' to 'fml:handshake' sequence 11
[23Nov2025 22:07:32.189] [Server thread/DEBUG] [net.minecraftforge.network.HandshakeHandler/FMLHANDSHAKE]: Sending ticking packet info 'Registry forge:display_contexts' to 'fml:handshake' sequence 12
[23Nov2025 22:07:32.240] [Server thread/DEBUG] [net.minecraftforge.network.HandshakeHandler/FMLHANDSHAKE]: Sending ticking packet info 'Registry minecraft:block' to 'fml:handshake' sequence 13
[23Nov2025 22:07:32.242] [Netty Epoll Server IO #5/DEBUG] [net.minecraftforge.network.LoginWrapper/FMLHANDSHAKE]: Recieved login wrapper packet event for channel fml:handshake with index 7
[23Nov2025 22:07:32.242] [Netty Epoll Server IO #5/DEBUG] [net.minecraftforge.network.HandshakeHandler/FMLHANDSHAKE]: Received client indexed reply 7 of type net.minecraftforge.network.HandshakeMessages$C2SAcknowledge
[23Nov2025 22:07:32.243] [Netty Epoll Server IO #5/DEBUG] [net.minecraftforge.network.HandshakeHandler/FMLHANDSHAKE]: Received acknowledgement from client
[23Nov2025 22:07:32.243] [Netty Epoll Server IO #5/DEBUG] [net.minecraftforge.network.LoginWrapper/FMLHANDSHAKE]: Recieved login wrapper packet event for channel fml:handshake with index 8
[23Nov2025 22:07:32.243] [Netty Epoll Server IO #5/DEBUG] [net.minecraftforge.network.HandshakeHandler/FMLHANDSHAKE]: Received client indexed reply 8 of type net.minecraftforge.network.HandshakeMessages$C2SAcknowledge
[23Nov2025 22:07:32.243] [Netty Epoll Server IO #5/DEBUG] [net.minecraftforge.network.HandshakeHandler/FMLHANDSHAKE]: Received acknowledgement from client
[23Nov2025 22:07:32.243] [Netty Epoll Server IO #5/DEBUG] [net.minecraftforge.network.LoginWrapper/FMLHANDSHAKE]: Recieved login wrapper packet event for channel fml:handshake with index 9
[23Nov2025 22:07:32.243] [Netty Epoll Server IO #5/DEBUG] [net.minecraftforge.network.HandshakeHandler/FMLHANDSHAKE]: Received client indexed reply 9 of type net.minecraftforge.network.HandshakeMessages$C2SAcknowledge
[23Nov2025 22:07:32.243] [Netty Epoll Server IO #5/DEBUG] [net.minecraftforge.network.HandshakeHandler/FMLHANDSHAKE]: Received acknowledgement from client
[23Nov2025 22:07:32.243] [Netty Epoll Server IO #5/DEBUG] [net.minecraftforge.network.LoginWrapper/FMLHANDSHAKE]: Recieved login wrapper packet event for channel fml:handshake with index 10
[23Nov2025 22:07:32.243] [Netty Epoll Server IO #5/DEBUG] [net.minecraftforge.network.HandshakeHandler/FMLHANDSHAKE]: Received client indexed reply 10 of type net.minecraftforge.network.HandshakeMessages$C2SAcknowledge
[23Nov2025 22:07:32.243] [Netty Epoll Server IO #5/DEBUG] [net.minecraftforge.network.HandshakeHandler/FMLHANDSHAKE]: Received acknowledgement from client
[23Nov2025 22:07:32.281] [Netty Epoll Server IO #5/DEBUG] [net.minecraftforge.network.LoginWrapper/FMLHANDSHAKE]: Recieved login wrapper packet event for channel fml:handshake with index 11
[23Nov2025 22:07:32.281] [Netty Epoll Server IO #5/DEBUG] [net.minecraftforge.network.HandshakeHandler/FMLHANDSHAKE]: Received client indexed reply 11 of type net.minecraftforge.network.HandshakeMessages$C2SAcknowledge
[23Nov2025 22:07:32.282] [Netty Epoll Server IO #5/DEBUG] [net.minecraftforge.network.HandshakeHandler/FMLHANDSHAKE]: Received acknowledgement from client
[23Nov2025 22:07:32.291] [Server thread/DEBUG] [net.minecraftforge.network.HandshakeHandler/FMLHANDSHAKE]: Sending ticking packet info 'Registry forge:entity_data_serializers' to 'fml:handshake' sequence 14
[23Nov2025 22:07:32.336] [Netty Epoll Server IO #5/DEBUG] [net.minecraftforge.network.LoginWrapper/FMLHANDSHAKE]: Recieved login wrapper packet event for channel fml:handshake with index 12
[23Nov2025 22:07:32.336] [Netty Epoll Server IO #5/DEBUG] [net.minecraftforge.network.HandshakeHandler/FMLHANDSHAKE]: Received client indexed reply 12 of type net.minecraftforge.network.HandshakeMessages$C2SAcknowledge
[23Nov2025 22:07:32.336] [Netty Epoll Server IO #5/DEBUG] [net.minecraftforge.network.HandshakeHandler/FMLHANDSHAKE]: Received acknowledgement from client
[23Nov2025 22:07:32.340] [Server thread/DEBUG] [net.minecraftforge.network.HandshakeHandler/FMLHANDSHAKE]: Sending ticking packet info 'Registry minecraft:mob_effect' to 'fml:handshake' sequence 15
[23Nov2025 22:07:32.391] [Server thread/DEBUG] [net.minecraftforge.network.HandshakeHandler/FMLHANDSHAKE]: Sending ticking packet info 'Registry minecraft:stat_type' to 'fml:handshake' sequence 16
[23Nov2025 22:07:32.403] [Netty Epoll Server IO #5/DEBUG] [net.minecraftforge.network.LoginWrapper/FMLHANDSHAKE]: Recieved login wrapper packet event for channel fml:handshake with index 13
[23Nov2025 22:07:32.403] [Netty Epoll Server IO #5/DEBUG] [net.minecraftforge.network.HandshakeHandler/FMLHANDSHAKE]: Received client indexed reply 13 of type net.minecraftforge.network.HandshakeMessages$C2SAcknowledge
[23Nov2025 22:07:32.403] [Netty Epoll Server IO #5/DEBUG] [net.minecraftforge.network.HandshakeHandler/FMLHANDSHAKE]: Received acknowledgement from client
[23Nov2025 22:07:32.436] [Netty Epoll Server IO #5/DEBUG] [net.minecraftforge.network.LoginWrapper/FMLHANDSHAKE]: Recieved login wrapper packet event for channel fml:handshake with index 14
[23Nov2025 22:07:32.436] [Netty Epoll Server IO #5/DEBUG] [net.minecraftforge.network.HandshakeHandler/FMLHANDSHAKE]: Received client indexed reply 14 of type net.minecraftforge.network.HandshakeMessages$C2SAcknowledge
[23Nov2025 22:07:32.436] [Netty Epoll Server IO #5/DEBUG] [net.minecraftforge.network.HandshakeHandler/FMLHANDSHAKE]: Received acknowledgement from client
[23Nov2025 22:07:32.440] [Server thread/DEBUG] [net.minecraftforge.network.HandshakeHandler/FMLHANDSHAKE]: Sending ticking packet info 'Registry minecraft:menu' to 'fml:handshake' sequence 17
[23Nov2025 22:07:32.480] [Netty Epoll Server IO #5/DEBUG] [net.minecraftforge.network.LoginWrapper/FMLHANDSHAKE]: Recieved login wrapper packet event for channel fml:handshake with index 15
[23Nov2025 22:07:32.481] [Netty Epoll Server IO #5/DEBUG] [net.minecraftforge.network.HandshakeHandler/FMLHANDSHAKE]: Received client indexed reply 15 of type net.minecraftforge.network.HandshakeMessages$C2SAcknowledge
[23Nov2025 22:07:32.481] [Netty Epoll Server IO #5/DEBUG] [net.minecraftforge.network.HandshakeHandler/FMLHANDSHAKE]: Received acknowledgement from client
[23Nov2025 22:07:32.489] [Server thread/DEBUG] [net.minecraftforge.network.HandshakeHandler/FMLHANDSHAKE]: Sending ticking packet info 'Registry minecraft:enchantment' to 'fml:handshake' sequence 18
[23Nov2025 22:07:32.531] [Netty Epoll Server IO #5/DEBUG] [net.minecraftforge.network.LoginWrapper/FMLHANDSHAKE]: Recieved login wrapper packet event for channel fml:handshake with index 16
[23Nov2025 22:07:32.531] [Netty Epoll Server IO #5/DEBUG] [net.minecraftforge.network.HandshakeHandler/FMLHANDSHAKE]: Received client indexed reply 16 of type net.minecraftforge.network.HandshakeMessages$C2SAcknowledge
[23Nov2025 22:07:32.531] [Netty Epoll Server IO #5/DEBUG] [net.minecraftforge.network.HandshakeHandler/FMLHANDSHAKE]: Received acknowledgement from client
[23Nov2025 22:07:32.539] [Server thread/DEBUG] [net.minecraftforge.network.HandshakeHandler/FMLHANDSHAKE]: Sending ticking packet info 'Registry minecraft:fluid' to 'fml:handshake' sequence 19
[23Nov2025 22:07:32.581] [Netty Epoll Server IO #5/DEBUG] [net.minecraftforge.network.LoginWrapper/FMLHANDSHAKE]: Recieved login wrapper packet event for channel fml:handshake with index 17
[23Nov2025 22:07:32.581] [Netty Epoll Server IO #5/DEBUG] [net.minecraftforge.network.HandshakeHandler/FMLHANDSHAKE]: Received client indexed reply 17 of type net.minecraftforge.network.HandshakeMessages$C2SAcknowledge
[23Nov2025 22:07:32.581] [Netty Epoll Server IO #5/DEBUG] [net.minecraftforge.network.HandshakeHandler/FMLHANDSHAKE]: Received acknowledgement from client
[23Nov2025 22:07:32.592] [Server thread/DEBUG] [net.minecraftforge.network.HandshakeHandler/FMLHANDSHAKE]: Sending ticking packet info 'Registry minecraft:entity_type' to 'fml:handshake' sequence 20
[23Nov2025 22:07:32.629] [Netty Epoll Server IO #5/DEBUG] [net.minecraftforge.network.LoginWrapper/FMLHANDSHAKE]: Recieved login wrapper packet event for channel fml:handshake with index 18
[23Nov2025 22:07:32.629] [Netty Epoll Server IO #5/DEBUG] [net.minecraftforge.network.HandshakeHandler/FMLHANDSHAKE]: Received client indexed reply 18 of type net.minecraftforge.network.HandshakeMessages$C2SAcknowledge
[23Nov2025 22:07:32.629] [Netty Epoll Server IO #5/DEBUG] [net.minecraftforge.network.HandshakeHandler/FMLHANDSHAKE]: Received acknowledgement from client
[23Nov2025 22:07:32.642] [Server thread/DEBUG] [net.minecraftforge.network.HandshakeHandler/FMLHANDSHAKE]: Sending ticking packet info 'Config create-server.toml' to 'fml:handshake' sequence 21
[23Nov2025 22:07:32.682] [Netty Epoll Server IO #5/DEBUG] [net.minecraftforge.network.LoginWrapper/FMLHANDSHAKE]: Recieved login wrapper packet event for channel fml:handshake with index 19
[23Nov2025 22:07:32.682] [Netty Epoll Server IO #5/DEBUG] [net.minecraftforge.network.HandshakeHandler/FMLHANDSHAKE]: Received client indexed reply 19 of type net.minecraftforge.network.HandshakeMessages$C2SAcknowledge
[23Nov2025 22:07:32.682] [Netty Epoll Server IO #5/DEBUG] [net.minecraftforge.network.HandshakeHandler/FMLHANDSHAKE]: Received acknowledgement from client
[23Nov2025 22:07:32.689] [Server thread/DEBUG] [net.minecraftforge.network.HandshakeHandler/FMLHANDSHAKE]: Sending ticking packet info 'Config pizzadelight-server.toml' to 'fml:handshake' sequence 22
[23Nov2025 22:07:32.740] [Server thread/DEBUG] [net.minecraftforge.network.HandshakeHandler/FMLHANDSHAKE]: Sending ticking packet info 'Config some_assembly_required-server.toml' to 'fml:handshake' sequence 23
[23Nov2025 22:07:32.791] [Server thread/DEBUG] [net.minecraftforge.network.HandshakeHandler/FMLHANDSHAKE]: Sending ticking packet info 'Config sophisticatedbackpacks-server.toml' to 'fml:handshake' sequence 24
[23Nov2025 22:07:32.840] [Server thread/DEBUG] [net.minecraftforge.network.HandshakeHandler/FMLHANDSHAKE]: Sending ticking packet info 'Config jei-server.toml' to 'fml:handshake' sequence 25
[23Nov2025 22:07:32.892] [Server thread/DEBUG] [net.minecraftforge.network.HandshakeHandler/FMLHANDSHAKE]: Sending ticking packet info 'Config tacz-server.toml' to 'fml:handshake' sequence 26
[23Nov2025 22:07:32.940] [Server thread/DEBUG] [net.minecraftforge.network.HandshakeHandler/FMLHANDSHAKE]: Sending ticking packet info 'Config forge-server.toml' to 'fml:handshake' sequence 27
[23Nov2025 22:07:32.989] [Server thread/DEBUG] [net.minecraftforge.network.HandshakeHandler/FMLHANDSHAKE]: Sending ticking packet info 'com.tacz.guns.network.message.handshake.ServerMessageSyncedEntityDataMapping' to 'tacz:handshake' sequence 28
[23Nov2025 22:07:35.349] [Netty Epoll Server IO #5/DEBUG] [net.minecraftforge.network.LoginWrapper/FMLHANDSHAKE]: Recieved login wrapper packet event for channel fml:handshake with index 20
[23Nov2025 22:07:35.350] [Netty Epoll Server IO #5/DEBUG] [net.minecraftforge.network.HandshakeHandler/FMLHANDSHAKE]: Received client indexed reply 20 of type net.minecraftforge.network.HandshakeMessages$C2SAcknowledge
[23Nov2025 22:07:35.350] [Netty Epoll Server IO #5/DEBUG] [net.minecraftforge.network.HandshakeHandler/FMLHANDSHAKE]: Received acknowledgement from client
[23Nov2025 22:07:35.350] [Netty Epoll Server IO #5/DEBUG] [net.minecraftforge.network.LoginWrapper/FMLHANDSHAKE]: Recieved login wrapper packet event for channel fml:handshake with index 21
[23Nov2025 22:07:35.350] [Netty Epoll Server IO #5/DEBUG] [net.minecraftforge.network.HandshakeHandler/FMLHANDSHAKE]: Received client indexed reply 21 of type net.minecraftforge.network.HandshakeMessages$C2SAcknowledge
[23Nov2025 22:07:35.350] [Netty Epoll Server IO #5/DEBUG] [net.minecraftforge.network.HandshakeHandler/FMLHANDSHAKE]: Received acknowledgement from client
[23Nov2025 22:07:35.351] [Netty Epoll Server IO #5/DEBUG] [net.minecraftforge.network.LoginWrapper/FMLHANDSHAKE]: Recieved login wrapper packet event for channel fml:handshake with index 22
[23Nov2025 22:07:35.351] [Netty Epoll Server IO #5/DEBUG] [net.minecraftforge.network.HandshakeHandler/FMLHANDSHAKE]: Received client indexed reply 22 of type net.minecraftforge.network.HandshakeMessages$C2SAcknowledge
[23Nov2025 22:07:35.351] [Netty Epoll Server IO #5/DEBUG] [net.minecraftforge.network.HandshakeHandler/FMLHANDSHAKE]: Received acknowledgement from client
[23Nov2025 22:07:35.351] [Netty Epoll Server IO #5/DEBUG] [net.minecraftforge.network.LoginWrapper/FMLHANDSHAKE]: Recieved login wrapper packet event for channel fml:handshake with index 23
[23Nov2025 22:07:35.351] [Netty Epoll Server IO #5/DEBUG] [net.minecraftforge.network.HandshakeHandler/FMLHANDSHAKE]: Received client indexed reply 23 of type net.minecraftforge.network.HandshakeMessages$C2SAcknowledge
[23Nov2025 22:07:35.351] [Netty Epoll Server IO #5/DEBUG] [net.minecraftforge.network.HandshakeHandler/FMLHANDSHAKE]: Received acknowledgement from client
[23Nov2025 22:07:35.359] [Netty Epoll Server IO #5/DEBUG] [net.minecraftforge.network.LoginWrapper/FMLHANDSHAKE]: Recieved login wrapper packet event for channel fml:handshake with index 24
[23Nov2025 22:07:35.359] [Netty Epoll Server IO #5/DEBUG] [net.minecraftforge.network.HandshakeHandler/FMLHANDSHAKE]: Received client indexed reply 24 of type net.minecraftforge.network.HandshakeMessages$C2SAcknowledge
[23Nov2025 22:07:35.359] [Netty Epoll Server IO #5/DEBUG] [net.minecraftforge.network.HandshakeHandler/FMLHANDSHAKE]: Received acknowledgement from client
[23Nov2025 22:07:35.360] [Netty Epoll Server IO #5/DEBUG] [net.minecraftforge.network.LoginWrapper/FMLHANDSHAKE]: Recieved login wrapper packet event for channel fml:handshake with index 25
[23Nov2025 22:07:35.360] [Netty Epoll Server IO #5/DEBUG] [net.minecraftforge.network.HandshakeHandler/FMLHANDSHAKE]: Received client indexed reply 25 of type net.minecraftforge.network.HandshakeMessages$C2SAcknowledge
[23Nov2025 22:07:35.360] [Netty Epoll Server IO #5/DEBUG] [net.minecraftforge.network.HandshakeHandler/FMLHANDSHAKE]: Received acknowledgement from client
[23Nov2025 22:07:35.361] [Netty Epoll Server IO #5/DEBUG] [net.minecraftforge.network.LoginWrapper/FMLHANDSHAKE]: Recieved login wrapper packet event for channel fml:handshake with index 26
[23Nov2025 22:07:35.361] [Netty Epoll Server IO #5/DEBUG] [net.minecraftforge.network.HandshakeHandler/FMLHANDSHAKE]: Received client indexed reply 26 of type net.minecraftforge.network.HandshakeMessages$C2SAcknowledge
[23Nov2025 22:07:35.361] [Netty Epoll Server IO #5/DEBUG] [net.minecraftforge.network.HandshakeHandler/FMLHANDSHAKE]: Received acknowledgement from client
[23Nov2025 22:07:35.382] [Netty Epoll Server IO #5/DEBUG] [net.minecraftforge.network.LoginWrapper/FMLHANDSHAKE]: Recieved login wrapper packet event for channel fml:handshake with index 27
[23Nov2025 22:07:35.382] [Netty Epoll Server IO #5/DEBUG] [net.minecraftforge.network.HandshakeHandler/FMLHANDSHAKE]: Received client indexed reply 27 of type net.minecraftforge.network.HandshakeMessages$C2SAcknowledge
[23Nov2025 22:07:35.382] [Netty Epoll Server IO #5/DEBUG] [net.minecraftforge.network.HandshakeHandler/FMLHANDSHAKE]: Received acknowledgement from client
[23Nov2025 22:07:35.383] [Netty Epoll Server IO #5/DEBUG] [net.minecraftforge.network.LoginWrapper/FMLHANDSHAKE]: Recieved login wrapper packet event for channel tacz:handshake with index 28
[23Nov2025 22:07:35.383] [Netty Epoll Server IO #5/DEBUG] [net.minecraftforge.network.HandshakeHandler/FMLHANDSHAKE]: Received client indexed reply 28 of type com.tacz.guns.network.message.handshake.Acknowledge
[23Nov2025 22:07:35.383] [Netty Epoll Server IO #5/DEBUG] [tacz/HANDSHAKE_ACKNOWLEDGE]: Received acknowledgement from client
[23Nov2025 22:07:35.390] [Server thread/DEBUG] [net.minecraftforge.network.HandshakeHandler/FMLHANDSHAKE]: Handshake complete!
[23Nov2025 22:07:35.473] [Server thread/INFO] [net.minecraft.server.players.PlayerList/]: Tu_P4P1[/10.161.203.219:56887] logged in with entity id 769 at (-204.7133288068724, 66.0, 365.8722517407185)
[23Nov2025 22:07:35.473] [Server thread/DEBUG] [net.minecraftforge.network.filters.NetworkFilters/]: Injected net.minecraftforge.network.filters.ForgeConnectionNetworkFilter@36371087 into net.minecraft.network.Connection@2653d69a
[23Nov2025 22:07:35.481] [Server thread/INFO] [net.minecraft.server.MinecraftServer/]: Tu_P4P1 joined the game
[23Nov2025 22:07:35.559] [Server thread/INFO] [Jade/]: Syncing config to Tu_P4P1 (a0ec66ae-d93d-3fe5-ae8e-62d111f05fb8)
[23Nov2025 22:07:36.443] [Server thread/DEBUG] [tacz/SYNC_BASE_TIMESTAMP]: Update server base timestamp: 1763935656443
[23Nov2025 22:07:43.071] [Server thread/DEBUG] [net.minecraftforge.common.ForgeHooks/WP]: Gathering id map for writing to world save world
[23Nov2025 22:07:43.084] [Server thread/DEBUG] [net.minecraftforge.common.ForgeHooks/WP]: ID Map collection complete world
[23Nov2025 22:09:49.896] [Server thread/INFO] [net.minecraft.server.MinecraftServer/]: Tu_P4P1 has made the advancement [Ice Bucket Challenge]
[23Nov2025 22:12:43.026] [Server thread/DEBUG] [net.minecraftforge.common.ForgeHooks/WP]: Gathering id map for writing to world save world
[23Nov2025 22:12:43.036] [Server thread/DEBUG] [net.minecraftforge.common.ForgeHooks/WP]: ID Map collection complete world
[23Nov2025 22:17:43.022] [Server thread/DEBUG] [net.minecraftforge.common.ForgeHooks/WP]: Gathering id map for writing to world save world
[23Nov2025 22:17:43.029] [Server thread/DEBUG] [net.minecraftforge.common.ForgeHooks/WP]: ID Map collection complete world
[23Nov2025 22:21:02.753] [Server thread/WARN] [net.minecraft.server.level.ServerPlayerGameMode/]: Mismatch in destroy block pos: BlockPos{x=-214, y=63, z=352} BlockPos{x=-215, y=62, z=352}
[23Nov2025 22:22:18.974] [Netty Epoll Server IO #6/DEBUG] [net.minecraftforge.network.HandshakeHandler/FMLHANDSHAKE]: Starting new modded impl connection. Found 29 messages to dispatch.
[23Nov2025 22:22:18.992] [Server thread/DEBUG] [net.minecraftforge.network.HandshakeHandler/FMLHANDSHAKE]: Sending ticking packet info 'net.minecraftforge.network.HandshakeMessages$S2CModData' to 'fml:handshake' sequence 0
[23Nov2025 22:22:19.041] [Server thread/DEBUG] [net.minecraftforge.network.HandshakeHandler/FMLHANDSHAKE]: Sending ticking packet info 'net.minecraftforge.network.HandshakeMessages$S2CModList' to 'fml:handshake' sequence 1
[23Nov2025 22:22:19.093] [Server thread/DEBUG] [net.minecraftforge.network.HandshakeHandler/FMLHANDSHAKE]: Sending ticking packet info 'Registry minecraft:command_argument_type' to 'fml:handshake' sequence 2
[23Nov2025 22:22:19.146] [Server thread/DEBUG] [net.minecraftforge.network.HandshakeHandler/FMLHANDSHAKE]: Sending ticking packet info 'Registry minecraft:recipe_serializer' to 'fml:handshake' sequence 3
[23Nov2025 22:22:19.192] [Server thread/DEBUG] [net.minecraftforge.network.HandshakeHandler/FMLHANDSHAKE]: Sending ticking packet info 'Registry minecraft:sound_event' to 'fml:handshake' sequence 4
[23Nov2025 22:22:19.241] [Server thread/DEBUG] [net.minecraftforge.network.HandshakeHandler/FMLHANDSHAKE]: Sending ticking packet info 'Registry minecraft:particle_type' to 'fml:handshake' sequence 5
[23Nov2025 22:22:19.291] [Server thread/DEBUG] [net.minecraftforge.network.HandshakeHandler/FMLHANDSHAKE]: Sending ticking packet info 'Registry minecraft:villager_profession' to 'fml:handshake' sequence 6
[23Nov2025 22:22:19.340] [Server thread/DEBUG] [net.minecraftforge.network.HandshakeHandler/FMLHANDSHAKE]: Sending ticking packet info 'Registry minecraft:item' to 'fml:handshake' sequence 7
[23Nov2025 22:22:19.390] [Server thread/DEBUG] [net.minecraftforge.network.HandshakeHandler/FMLHANDSHAKE]: Sending ticking packet info 'Registry minecraft:potion' to 'fml:handshake' sequence 8
[23Nov2025 22:22:19.441] [Server thread/DEBUG] [net.minecraftforge.network.HandshakeHandler/FMLHANDSHAKE]: Sending ticking packet info 'Registry minecraft:painting_variant' to 'fml:handshake' sequence 9
[23Nov2025 22:22:19.492] [Server thread/DEBUG] [net.minecraftforge.network.HandshakeHandler/FMLHANDSHAKE]: Sending ticking packet info 'Registry forge:fluid_type' to 'fml:handshake' sequence 10
[23Nov2025 22:22:19.544] [Server thread/DEBUG] [net.minecraftforge.network.HandshakeHandler/FMLHANDSHAKE]: Sending ticking packet info 'Registry minecraft:block_entity_type' to 'fml:handshake' sequence 11
[23Nov2025 22:22:19.592] [Server thread/DEBUG] [net.minecraftforge.network.HandshakeHandler/FMLHANDSHAKE]: Sending ticking packet info 'Registry forge:display_contexts' to 'fml:handshake' sequence 12
[23Nov2025 22:22:19.641] [Server thread/DEBUG] [net.minecraftforge.network.HandshakeHandler/FMLHANDSHAKE]: Sending ticking packet info 'Registry minecraft:block' to 'fml:handshake' sequence 13
[23Nov2025 22:22:19.692] [Server thread/DEBUG] [net.minecraftforge.network.HandshakeHandler/FMLHANDSHAKE]: Sending ticking packet info 'Registry forge:entity_data_serializers' to 'fml:handshake' sequence 14
[23Nov2025 22:22:19.742] [Server thread/DEBUG] [net.minecraftforge.network.HandshakeHandler/FMLHANDSHAKE]: Sending ticking packet info 'Registry minecraft:mob_effect' to 'fml:handshake' sequence 15
[23Nov2025 22:22:19.790] [Server thread/DEBUG] [net.minecraftforge.network.HandshakeHandler/FMLHANDSHAKE]: Sending ticking packet info 'Registry minecraft:stat_type' to 'fml:handshake' sequence 16
[23Nov2025 22:22:19.841] [Server thread/DEBUG] [net.minecraftforge.network.HandshakeHandler/FMLHANDSHAKE]: Sending ticking packet info 'Registry minecraft:menu' to 'fml:handshake' sequence 17
[23Nov2025 22:22:19.891] [Server thread/DEBUG] [net.minecraftforge.network.HandshakeHandler/FMLHANDSHAKE]: Sending ticking packet info 'Registry minecraft:enchantment' to 'fml:handshake' sequence 18
[23Nov2025 22:22:19.939] [Server thread/DEBUG] [net.minecraftforge.network.HandshakeHandler/FMLHANDSHAKE]: Sending ticking packet info 'Registry minecraft:fluid' to 'fml:handshake' sequence 19
[23Nov2025 22:22:19.941] [Netty Epoll Server IO #6/DEBUG] [net.minecraftforge.network.LoginWrapper/FMLHANDSHAKE]: Recieved login wrapper packet event for channel fml:handshake with index 1
[23Nov2025 22:22:19.941] [Netty Epoll Server IO #6/DEBUG] [net.minecraftforge.network.HandshakeHandler/FMLHANDSHAKE]: Received client indexed reply 1 of type net.minecraftforge.network.HandshakeMessages$C2SModListReply
[23Nov2025 22:22:19.941] [Netty Epoll Server IO #6/DEBUG] [net.minecraftforge.network.HandshakeHandler/FMLHANDSHAKE]: Received client connection with modlist [minecraft, farmersdelight, jade, pizzadelight, jei, tacz, sophisticatedcore, flywheel, ponder, create, mynethersdelight, some_assembly_required, mixinextras, overweight_farming, sophisticatedbackpacks, rusticdelight, architectury, doapi, terraform, bakery, cloth_config, forge, tlskincape, farm_and_charm]
[23Nov2025 22:22:19.941] [Netty Epoll Server IO #6/DEBUG] [net.minecraftforge.network.NetworkRegistry/NETREGISTRY]: Channel 'fml:loginwrapper' : Version test of 'FML3' from client : ACCEPTED
[23Nov2025 22:22:19.941] [Netty Epoll Server IO #6/DEBUG] [net.minecraftforge.network.NetworkRegistry/NETREGISTRY]: Channel 'forge:tier_sorting' : Version test of '1.0' from client : ACCEPTED
[23Nov2025 22:22:19.941] [Netty Epoll Server IO #6/DEBUG] [net.minecraftforge.network.NetworkRegistry/NETREGISTRY]: Channel 'some_assembly_required:main' : Version test of '1' from client : ACCEPTED
[23Nov2025 22:22:19.941] [Netty Epoll Server IO #6/DEBUG] [net.minecraftforge.network.NetworkRegistry/NETREGISTRY]: Channel 'ponder:main' : Version test of '1' from client : ACCEPTED
[23Nov2025 22:22:19.941] [Netty Epoll Server IO #6/DEBUG] [net.minecraftforge.network.NetworkRegistry/NETREGISTRY]: Channel 'architectury:network' : Version test of '1' from client : ACCEPTED
[23Nov2025 22:22:19.941] [Netty Epoll Server IO #6/DEBUG] [net.minecraftforge.network.NetworkRegistry/NETREGISTRY]: Channel 'jei:channel' : Version test of '1.0.0' from client : ACCEPTED
[23Nov2025 22:22:19.941] [Netty Epoll Server IO #6/DEBUG] [net.minecraftforge.network.NetworkRegistry/NETREGISTRY]: Channel 'minecraft:unregister' : Version test of 'FML3' from client : ACCEPTED
[23Nov2025 22:22:19.941] [Netty Epoll Server IO #6/DEBUG] [net.minecraftforge.network.NetworkRegistry/NETREGISTRY]: Channel 'fml:play' : Version test of 'FML3' from client : ACCEPTED
[23Nov2025 22:22:19.941] [Netty Epoll Server IO #6/DEBUG] [net.minecraftforge.network.NetworkRegistry/NETREGISTRY]: Channel 'pizzadelight:network' : Version test of 'pizzadelight:1' from client : ACCEPTED
[23Nov2025 22:22:19.941] [Netty Epoll Server IO #6/DEBUG] [net.minecraftforge.network.NetworkRegistry/NETREGISTRY]: Channel 'sophisticatedbackpacks:channel' : Version test of '1' from client : ACCEPTED
[23Nov2025 22:22:19.941] [Netty Epoll Server IO #6/DEBUG] [net.minecraftforge.network.NetworkRegistry/NETREGISTRY]: Channel 'sophisticatedcore:channel' : Version test of '1' from client : ACCEPTED
[23Nov2025 22:22:19.942] [Netty Epoll Server IO #6/DEBUG] [net.minecraftforge.network.NetworkRegistry/NETREGISTRY]: Channel 'fml:handshake' : Version test of 'FML3' from client : ACCEPTED
[23Nov2025 22:22:19.942] [Netty Epoll Server IO #6/DEBUG] [net.minecraftforge.network.NetworkRegistry/NETREGISTRY]: Channel 'tacz:handshake' : Version test of '1.0.4' from client : ACCEPTED
[23Nov2025 22:22:19.942] [Netty Epoll Server IO #6/DEBUG] [net.minecraftforge.network.NetworkRegistry/NETREGISTRY]: Channel 'minecraft:register' : Version test of 'FML3' from client : ACCEPTED
[23Nov2025 22:22:19.942] [Netty Epoll Server IO #6/DEBUG] [net.minecraftforge.network.NetworkRegistry/NETREGISTRY]: Channel 'forge:split' : Version test of '1.1' from client : ACCEPTED
[23Nov2025 22:22:19.942] [Netty Epoll Server IO #6/DEBUG] [net.minecraftforge.network.NetworkRegistry/NETREGISTRY]: Channel 'tacz:network' : Version test of '1.0.4' from client : ACCEPTED
[23Nov2025 22:22:19.942] [Netty Epoll Server IO #6/DEBUG] [net.minecraftforge.network.NetworkRegistry/NETREGISTRY]: Channel 'create:main' : Version test of '3' from client : ACCEPTED
[23Nov2025 22:22:19.942] [Netty Epoll Server IO #6/DEBUG] [net.minecraftforge.network.NetworkRegistry/NETREGISTRY]: Channel 'jade:networking' : Version test of '2' from client : ACCEPTED
[23Nov2025 22:22:19.942] [Netty Epoll Server IO #6/DEBUG] [net.minecraftforge.network.NetworkRegistry/NETREGISTRY]: Accepting channel list from client
[23Nov2025 22:22:19.942] [Netty Epoll Server IO #6/DEBUG] [net.minecraftforge.network.HandshakeHandler/FMLHANDSHAKE]: Accepted client connection mod list
[23Nov2025 22:22:19.992] [Server thread/DEBUG] [net.minecraftforge.network.HandshakeHandler/FMLHANDSHAKE]: Sending ticking packet info 'Registry minecraft:entity_type' to 'fml:handshake' sequence 20
[23Nov2025 22:22:20.043] [Server thread/DEBUG] [net.minecraftforge.network.HandshakeHandler/FMLHANDSHAKE]: Sending ticking packet info 'Config create-server.toml' to 'fml:handshake' sequence 21
[23Nov2025 22:22:20.066] [Netty Epoll Server IO #6/DEBUG] [net.minecraftforge.network.LoginWrapper/FMLHANDSHAKE]: Recieved login wrapper packet event for channel fml:handshake with index 2
[23Nov2025 22:22:20.067] [Netty Epoll Server IO #6/DEBUG] [net.minecraftforge.network.HandshakeHandler/FMLHANDSHAKE]: Received client indexed reply 2 of type net.minecraftforge.network.HandshakeMessages$C2SAcknowledge
[23Nov2025 22:22:20.067] [Netty Epoll Server IO #6/DEBUG] [net.minecraftforge.network.HandshakeHandler/FMLHANDSHAKE]: Received acknowledgement from client
[23Nov2025 22:22:20.067] [Netty Epoll Server IO #6/DEBUG] [net.minecraftforge.network.LoginWrapper/FMLHANDSHAKE]: Recieved login wrapper packet event for channel fml:handshake with index 3
[23Nov2025 22:22:20.067] [Netty Epoll Server IO #6/DEBUG] [net.minecraftforge.network.HandshakeHandler/FMLHANDSHAKE]: Received client indexed reply 3 of type net.minecraftforge.network.HandshakeMessages$C2SAcknowledge
[23Nov2025 22:22:20.067] [Netty Epoll Server IO #6/DEBUG] [net.minecraftforge.network.HandshakeHandler/FMLHANDSHAKE]: Received acknowledgement from client
[23Nov2025 22:22:20.078] [Netty Epoll Server IO #6/DEBUG] [net.minecraftforge.network.LoginWrapper/FMLHANDSHAKE]: Recieved login wrapper packet event for channel fml:handshake with index 4
[23Nov2025 22:22:20.078] [Netty Epoll Server IO #6/DEBUG] [net.minecraftforge.network.HandshakeHandler/FMLHANDSHAKE]: Received client indexed reply 4 of type net.minecraftforge.network.HandshakeMessages$C2SAcknowledge
[23Nov2025 22:22:20.078] [Netty Epoll Server IO #6/DEBUG] [net.minecraftforge.network.HandshakeHandler/FMLHANDSHAKE]: Received acknowledgement from client
[23Nov2025 22:22:20.079] [Netty Epoll Server IO #6/DEBUG] [net.minecraftforge.network.LoginWrapper/FMLHANDSHAKE]: Recieved login wrapper packet event for channel fml:handshake with index 5
[23Nov2025 22:22:20.079] [Netty Epoll Server IO #6/DEBUG] [net.minecraftforge.network.HandshakeHandler/FMLHANDSHAKE]: Received client indexed reply 5 of type net.minecraftforge.network.HandshakeMessages$C2SAcknowledge
[23Nov2025 22:22:20.079] [Netty Epoll Server IO #6/DEBUG] [net.minecraftforge.network.HandshakeHandler/FMLHANDSHAKE]: Received acknowledgement from client
[23Nov2025 22:22:20.079] [Netty Epoll Server IO #6/DEBUG] [net.minecraftforge.network.LoginWrapper/FMLHANDSHAKE]: Recieved login wrapper packet event for channel fml:handshake with index 6
[23Nov2025 22:22:20.079] [Netty Epoll Server IO #6/DEBUG] [net.minecraftforge.network.HandshakeHandler/FMLHANDSHAKE]: Received client indexed reply 6 of type net.minecraftforge.network.HandshakeMessages$C2SAcknowledge
[23Nov2025 22:22:20.079] [Netty Epoll Server IO #6/DEBUG] [net.minecraftforge.network.HandshakeHandler/FMLHANDSHAKE]: Received acknowledgement from client
[23Nov2025 22:22:20.081] [Netty Epoll Server IO #6/DEBUG] [net.minecraftforge.network.LoginWrapper/FMLHANDSHAKE]: Recieved login wrapper packet event for channel fml:handshake with index 7
[23Nov2025 22:22:20.081] [Netty Epoll Server IO #6/DEBUG] [net.minecraftforge.network.HandshakeHandler/FMLHANDSHAKE]: Received client indexed reply 7 of type net.minecraftforge.network.HandshakeMessages$C2SAcknowledge
[23Nov2025 22:22:20.081] [Netty Epoll Server IO #6/DEBUG] [net.minecraftforge.network.HandshakeHandler/FMLHANDSHAKE]: Received acknowledgement from client
[23Nov2025 22:22:20.082] [Netty Epoll Server IO #6/DEBUG] [net.minecraftforge.network.LoginWrapper/FMLHANDSHAKE]: Recieved login wrapper packet event for channel fml:handshake with index 8
[23Nov2025 22:22:20.082] [Netty Epoll Server IO #6/DEBUG] [net.minecraftforge.network.HandshakeHandler/FMLHANDSHAKE]: Received client indexed reply 8 of type net.minecraftforge.network.HandshakeMessages$C2SAcknowledge
[23Nov2025 22:22:20.082] [Netty Epoll Server IO #6/DEBUG] [net.minecraftforge.network.HandshakeHandler/FMLHANDSHAKE]: Received acknowledgement from client
[23Nov2025 22:22:20.082] [Netty Epoll Server IO #6/DEBUG] [net.minecraftforge.network.LoginWrapper/FMLHANDSHAKE]: Recieved login wrapper packet event for channel fml:handshake with index 9
[23Nov2025 22:22:20.082] [Netty Epoll Server IO #6/DEBUG] [net.minecraftforge.network.HandshakeHandler/FMLHANDSHAKE]: Received client indexed reply 9 of type net.minecraftforge.network.HandshakeMessages$C2SAcknowledge
[23Nov2025 22:22:20.082] [Netty Epoll Server IO #6/DEBUG] [net.minecraftforge.network.HandshakeHandler/FMLHANDSHAKE]: Received acknowledgement from client
[23Nov2025 22:22:20.082] [Netty Epoll Server IO #6/DEBUG] [net.minecraftforge.network.LoginWrapper/FMLHANDSHAKE]: Recieved login wrapper packet event for channel fml:handshake with index 10
[23Nov2025 22:22:20.082] [Netty Epoll Server IO #6/DEBUG] [net.minecraftforge.network.HandshakeHandler/FMLHANDSHAKE]: Received client indexed reply 10 of type net.minecraftforge.network.HandshakeMessages$C2SAcknowledge
[23Nov2025 22:22:20.082] [Netty Epoll Server IO #6/DEBUG] [net.minecraftforge.network.HandshakeHandler/FMLHANDSHAKE]: Received acknowledgement from client
[23Nov2025 22:22:20.082] [Netty Epoll Server IO #6/DEBUG] [net.minecraftforge.network.LoginWrapper/FMLHANDSHAKE]: Recieved login wrapper packet event for channel fml:handshake with index 11
[23Nov2025 22:22:20.082] [Netty Epoll Server IO #6/DEBUG] [net.minecraftforge.network.HandshakeHandler/FMLHANDSHAKE]: Received client indexed reply 11 of type net.minecraftforge.network.HandshakeMessages$C2SAcknowledge
[23Nov2025 22:22:20.083] [Netty Epoll Server IO #6/DEBUG] [net.minecraftforge.network.HandshakeHandler/FMLHANDSHAKE]: Received acknowledgement from client
[23Nov2025 22:22:20.083] [Netty Epoll Server IO #6/DEBUG] [net.minecraftforge.network.LoginWrapper/FMLHANDSHAKE]: Recieved login wrapper packet event for channel fml:handshake with index 12
[23Nov2025 22:22:20.083] [Netty Epoll Server IO #6/DEBUG] [net.minecraftforge.network.HandshakeHandler/FMLHANDSHAKE]: Received client indexed reply 12 of type net.minecraftforge.network.HandshakeMessages$C2SAcknowledge
[23Nov2025 22:22:20.083] [Netty Epoll Server IO #6/DEBUG] [net.minecraftforge.network.HandshakeHandler/FMLHANDSHAKE]: Received acknowledgement from client
[23Nov2025 22:22:20.092] [Server thread/DEBUG] [net.minecraftforge.network.HandshakeHandler/FMLHANDSHAKE]: Sending ticking packet info 'Config pizzadelight-server.toml' to 'fml:handshake' sequence 22
[23Nov2025 22:22:20.141] [Server thread/DEBUG] [net.minecraftforge.network.HandshakeHandler/FMLHANDSHAKE]: Sending ticking packet info 'Config some_assembly_required-server.toml' to 'fml:handshake' sequence 23
[23Nov2025 22:22:20.191] [Server thread/DEBUG] [net.minecraftforge.network.HandshakeHandler/FMLHANDSHAKE]: Sending ticking packet info 'Config sophisticatedbackpacks-server.toml' to 'fml:handshake' sequence 24
[23Nov2025 22:22:20.212] [Netty Epoll Server IO #6/DEBUG] [net.minecraftforge.network.LoginWrapper/FMLHANDSHAKE]: Recieved login wrapper packet event for channel fml:handshake with index 13
[23Nov2025 22:22:20.212] [Netty Epoll Server IO #6/DEBUG] [net.minecraftforge.network.HandshakeHandler/FMLHANDSHAKE]: Received client indexed reply 13 of type net.minecraftforge.network.HandshakeMessages$C2SAcknowledge
[23Nov2025 22:22:20.213] [Netty Epoll Server IO #6/DEBUG] [net.minecraftforge.network.HandshakeHandler/FMLHANDSHAKE]: Received acknowledgement from client
[23Nov2025 22:22:20.213] [Netty Epoll Server IO #6/DEBUG] [net.minecraftforge.network.LoginWrapper/FMLHANDSHAKE]: Recieved login wrapper packet event for channel fml:handshake with index 14
[23Nov2025 22:22:20.213] [Netty Epoll Server IO #6/DEBUG] [net.minecraftforge.network.HandshakeHandler/FMLHANDSHAKE]: Received client indexed reply 14 of type net.minecraftforge.network.HandshakeMessages$C2SAcknowledge
[23Nov2025 22:22:20.213] [Netty Epoll Server IO #6/DEBUG] [net.minecraftforge.network.HandshakeHandler/FMLHANDSHAKE]: Received acknowledgement from client
[23Nov2025 22:22:20.213] [Netty Epoll Server IO #6/DEBUG] [net.minecraftforge.network.LoginWrapper/FMLHANDSHAKE]: Recieved login wrapper packet event for channel fml:handshake with index 15
[23Nov2025 22:22:20.213] [Netty Epoll Server IO #6/DEBUG] [net.minecraftforge.network.HandshakeHandler/FMLHANDSHAKE]: Received client indexed reply 15 of type net.minecraftforge.network.HandshakeMessages$C2SAcknowledge
[23Nov2025 22:22:20.213] [Netty Epoll Server IO #6/DEBUG] [net.minecraftforge.network.HandshakeHandler/FMLHANDSHAKE]: Received acknowledgement from client
[23Nov2025 22:22:20.213] [Netty Epoll Server IO #6/DEBUG] [net.minecraftforge.network.LoginWrapper/FMLHANDSHAKE]: Recieved login wrapper packet event for channel fml:handshake with index 16
[23Nov2025 22:22:20.213] [Netty Epoll Server IO #6/DEBUG] [net.minecraftforge.network.HandshakeHandler/FMLHANDSHAKE]: Received client indexed reply 16 of type net.minecraftforge.network.HandshakeMessages$C2SAcknowledge
[23Nov2025 22:22:20.213] [Netty Epoll Server IO #6/DEBUG] [net.minecraftforge.network.HandshakeHandler/FMLHANDSHAKE]: Received acknowledgement from client
[23Nov2025 22:22:20.213] [Netty Epoll Server IO #6/DEBUG] [net.minecraftforge.network.LoginWrapper/FMLHANDSHAKE]: Recieved login wrapper packet event for channel fml:handshake with index 17
[23Nov2025 22:22:20.214] [Netty Epoll Server IO #6/DEBUG] [net.minecraftforge.network.HandshakeHandler/FMLHANDSHAKE]: Received client indexed reply 17 of type net.minecraftforge.network.HandshakeMessages$C2SAcknowledge
[23Nov2025 22:22:20.214] [Netty Epoll Server IO #6/DEBUG] [net.minecraftforge.network.HandshakeHandler/FMLHANDSHAKE]: Received acknowledgement from client
[23Nov2025 22:22:20.214] [Netty Epoll Server IO #6/DEBUG] [net.minecraftforge.network.LoginWrapper/FMLHANDSHAKE]: Recieved login wrapper packet event for channel fml:handshake with index 18
[23Nov2025 22:22:20.214] [Netty Epoll Server IO #6/DEBUG] [net.minecraftforge.network.HandshakeHandler/FMLHANDSHAKE]: Received client indexed reply 18 of type net.minecraftforge.network.HandshakeMessages$C2SAcknowledge
[23Nov2025 22:22:20.214] [Netty Epoll Server IO #6/DEBUG] [net.minecraftforge.network.HandshakeHandler/FMLHANDSHAKE]: Received acknowledgement from client
[23Nov2025 22:22:20.214] [Netty Epoll Server IO #6/DEBUG] [net.minecraftforge.network.LoginWrapper/FMLHANDSHAKE]: Recieved login wrapper packet event for channel fml:handshake with index 19
[23Nov2025 22:22:20.214] [Netty Epoll Server IO #6/DEBUG] [net.minecraftforge.network.HandshakeHandler/FMLHANDSHAKE]: Received client indexed reply 19 of type net.minecraftforge.network.HandshakeMessages$C2SAcknowledge
[23Nov2025 22:22:20.214] [Netty Epoll Server IO #6/DEBUG] [net.minecraftforge.network.HandshakeHandler/FMLHANDSHAKE]: Received acknowledgement from client
[23Nov2025 22:22:20.242] [Server thread/DEBUG] [net.minecraftforge.network.HandshakeHandler/FMLHANDSHAKE]: Sending ticking packet info 'Config jei-server.toml' to 'fml:handshake' sequence 25
[23Nov2025 22:22:20.290] [Server thread/DEBUG] [net.minecraftforge.network.HandshakeHandler/FMLHANDSHAKE]: Sending ticking packet info 'Config tacz-server.toml' to 'fml:handshake' sequence 26
[23Nov2025 22:22:20.344] [Server thread/DEBUG] [net.minecraftforge.network.HandshakeHandler/FMLHANDSHAKE]: Sending ticking packet info 'Config forge-server.toml' to 'fml:handshake' sequence 27
[23Nov2025 22:22:20.391] [Server thread/DEBUG] [net.minecraftforge.network.HandshakeHandler/FMLHANDSHAKE]: Sending ticking packet info 'com.tacz.guns.network.message.handshake.ServerMessageSyncedEntityDataMapping' to 'tacz:handshake' sequence 28
[23Nov2025 22:22:25.118] [Netty Epoll Server IO #6/DEBUG] [net.minecraftforge.network.LoginWrapper/FMLHANDSHAKE]: Recieved login wrapper packet event for channel fml:handshake with index 20
[23Nov2025 22:22:25.119] [Netty Epoll Server IO #6/DEBUG] [net.minecraftforge.network.HandshakeHandler/FMLHANDSHAKE]: Received client indexed reply 20 of type net.minecraftforge.network.HandshakeMessages$C2SAcknowledge
[23Nov2025 22:22:25.119] [Netty Epoll Server IO #6/DEBUG] [net.minecraftforge.network.HandshakeHandler/FMLHANDSHAKE]: Received acknowledgement from client
[23Nov2025 22:22:25.662] [Netty Epoll Server IO #6/DEBUG] [net.minecraftforge.network.LoginWrapper/FMLHANDSHAKE]: Recieved login wrapper packet event for channel fml:handshake with index 21
[23Nov2025 22:22:25.663] [Netty Epoll Server IO #6/DEBUG] [net.minecraftforge.network.HandshakeHandler/FMLHANDSHAKE]: Received client indexed reply 21 of type net.minecraftforge.network.HandshakeMessages$C2SAcknowledge
[23Nov2025 22:22:25.663] [Netty Epoll Server IO #6/DEBUG] [net.minecraftforge.network.HandshakeHandler/FMLHANDSHAKE]: Received acknowledgement from client
[23Nov2025 22:22:25.664] [Netty Epoll Server IO #6/DEBUG] [net.minecraftforge.network.LoginWrapper/FMLHANDSHAKE]: Recieved login wrapper packet event for channel fml:handshake with index 22
[23Nov2025 22:22:25.664] [Netty Epoll Server IO #6/DEBUG] [net.minecraftforge.network.HandshakeHandler/FMLHANDSHAKE]: Received client indexed reply 22 of type net.minecraftforge.network.HandshakeMessages$C2SAcknowledge
[23Nov2025 22:22:25.664] [Netty Epoll Server IO #6/DEBUG] [net.minecraftforge.network.HandshakeHandler/FMLHANDSHAKE]: Received acknowledgement from client
[23Nov2025 22:22:25.664] [Netty Epoll Server IO #6/DEBUG] [net.minecraftforge.network.LoginWrapper/FMLHANDSHAKE]: Recieved login wrapper packet event for channel fml:handshake with index 23
[23Nov2025 22:22:25.664] [Netty Epoll Server IO #6/DEBUG] [net.minecraftforge.network.HandshakeHandler/FMLHANDSHAKE]: Received client indexed reply 23 of type net.minecraftforge.network.HandshakeMessages$C2SAcknowledge
[23Nov2025 22:22:25.664] [Netty Epoll Server IO #6/DEBUG] [net.minecraftforge.network.HandshakeHandler/FMLHANDSHAKE]: Received acknowledgement from client
[23Nov2025 22:22:25.706] [Netty Epoll Server IO #6/DEBUG] [net.minecraftforge.network.LoginWrapper/FMLHANDSHAKE]: Recieved login wrapper packet event for channel fml:handshake with index 24
[23Nov2025 22:22:25.706] [Netty Epoll Server IO #6/DEBUG] [net.minecraftforge.network.HandshakeHandler/FMLHANDSHAKE]: Received client indexed reply 24 of type net.minecraftforge.network.HandshakeMessages$C2SAcknowledge
[23Nov2025 22:22:25.706] [Netty Epoll Server IO #6/DEBUG] [net.minecraftforge.network.HandshakeHandler/FMLHANDSHAKE]: Received acknowledgement from client
[23Nov2025 22:22:25.706] [Netty Epoll Server IO #6/DEBUG] [net.minecraftforge.network.LoginWrapper/FMLHANDSHAKE]: Recieved login wrapper packet event for channel fml:handshake with index 25
[23Nov2025 22:22:25.706] [Netty Epoll Server IO #6/DEBUG] [net.minecraftforge.network.HandshakeHandler/FMLHANDSHAKE]: Received client indexed reply 25 of type net.minecraftforge.network.HandshakeMessages$C2SAcknowledge
[23Nov2025 22:22:25.706] [Netty Epoll Server IO #6/DEBUG] [net.minecraftforge.network.HandshakeHandler/FMLHANDSHAKE]: Received acknowledgement from client
[23Nov2025 22:22:25.756] [Netty Epoll Server IO #6/DEBUG] [net.minecraftforge.network.LoginWrapper/FMLHANDSHAKE]: Recieved login wrapper packet event for channel fml:handshake with index 26
[23Nov2025 22:22:25.756] [Netty Epoll Server IO #6/DEBUG] [net.minecraftforge.network.HandshakeHandler/FMLHANDSHAKE]: Received client indexed reply 26 of type net.minecraftforge.network.HandshakeMessages$C2SAcknowledge
[23Nov2025 22:22:25.756] [Netty Epoll Server IO #6/DEBUG] [net.minecraftforge.network.HandshakeHandler/FMLHANDSHAKE]: Received acknowledgement from client
[23Nov2025 22:22:25.756] [Netty Epoll Server IO #6/DEBUG] [net.minecraftforge.network.LoginWrapper/FMLHANDSHAKE]: Recieved login wrapper packet event for channel fml:handshake with index 27
[23Nov2025 22:22:25.756] [Netty Epoll Server IO #6/DEBUG] [net.minecraftforge.network.HandshakeHandler/FMLHANDSHAKE]: Received client indexed reply 27 of type net.minecraftforge.network.HandshakeMessages$C2SAcknowledge
[23Nov2025 22:22:25.756] [Netty Epoll Server IO #6/DEBUG] [net.minecraftforge.network.HandshakeHandler/FMLHANDSHAKE]: Received acknowledgement from client
[23Nov2025 22:22:25.773] [Netty Epoll Server IO #6/DEBUG] [net.minecraftforge.network.LoginWrapper/FMLHANDSHAKE]: Recieved login wrapper packet event for channel tacz:handshake with index 28
[23Nov2025 22:22:25.773] [Netty Epoll Server IO #6/DEBUG] [net.minecraftforge.network.HandshakeHandler/FMLHANDSHAKE]: Received client indexed reply 28 of type com.tacz.guns.network.message.handshake.Acknowledge
[23Nov2025 22:22:25.773] [Netty Epoll Server IO #6/DEBUG] [tacz/HANDSHAKE_ACKNOWLEDGE]: Received acknowledgement from client
[23Nov2025 22:22:25.791] [Server thread/DEBUG] [net.minecraftforge.network.HandshakeHandler/FMLHANDSHAKE]: Handshake complete!
[23Nov2025 22:22:25.851] [Server thread/INFO] [net.minecraft.server.players.PlayerList/]: Elgutix[/10.161.203.245:65128] logged in with entity id 3877 at (-8.5, 97.0, 0.5)
[23Nov2025 22:22:25.851] [Server thread/DEBUG] [net.minecraftforge.network.filters.NetworkFilters/]: Injected net.minecraftforge.network.filters.ForgeConnectionNetworkFilter@73f8ddb4 into net.minecraft.network.Connection@68a2ce09
[23Nov2025 22:22:25.858] [Server thread/INFO] [net.minecraft.server.MinecraftServer/]: Elgutix joined the game
[23Nov2025 22:22:25.894] [Server thread/INFO] [Jade/]: Syncing config to Elgutix (2332c6ad-197a-3a4f-9884-9d2944347c9c)
[23Nov2025 22:22:32.445] [Server thread/DEBUG] [tacz/SYNC_BASE_TIMESTAMP]: Update server base timestamp: 1763936552439
[23Nov2025 22:22:43.036] [Server thread/DEBUG] [net.minecraftforge.common.ForgeHooks/WP]: Gathering id map for writing to world save world
[23Nov2025 22:22:43.047] [Server thread/DEBUG] [net.minecraftforge.common.ForgeHooks/WP]: ID Map collection complete world
[23Nov2025 22:23:50.183] [Server thread/INFO] [net.minecraft.server.MinecraftServer/]: [BRAYNER: Teleported Elgutix to BRAYNER]
[23Nov2025 22:24:01.742] [Server thread/INFO] [net.minecraft.server.MinecraftServer/]: Elgutix was shot by BRAYNER
[23Nov2025 22:24:08.165] [Server thread/INFO] [net.minecraft.server.MinecraftServer/]: [BRAYNER: Teleported Elgutix to BRAYNER]
[23Nov2025 22:24:15.568] [Server thread/INFO] [net.minecraft.server.MinecraftServer/]: [BRAYNER: Teleported Elgutix to BRAYNER]
[23Nov2025 22:24:16.320] [Server thread/DEBUG] [tacz/SYNC_BASE_TIMESTAMP]: Update server base timestamp: 1763936656320
[23Nov2025 22:24:23.897] [Server thread/INFO] [net.minecraft.server.MinecraftServer/]: [BRAYNER: Teleported Elgutix to BRAYNER]
